record_id,work_id,aa_label,signature,folio_range,localizable,n_pages,n_lines,n_minted,stratum,hand,leibniz_hand,language,top,score,textart,absender,adressat,datum
10010,,"AA I,9 N.004","Ms 23, 817 Bl. 73-74",,False,0,0,0,unknown,other,False,de,de,1.0,"Reinschr., Korr. von L",Leibniz (GND),Minister zu Hannover (KorrespDB),1693
10012,DE-611-HS-971383,"AA I,9 N.398",LBr 288 Bl. 19-20,19-20,True,4,792,37,heavy_revision,partial,False,de,de,0.9769,"Abf.; eigh. Aufschr., Siegel, Postverm.: 2gg.",Friese (KorrespDB) (GND),Leibniz (GND),1693-10-20 (93-10-10)
10022,DE-611-HS-868291,"AA I,10 N.161",LBr 1028 Bl. 27,27-27,True,2,46,15,heavy_revision,partial,False,de,de,1.0,"Abf., Schr.; Datum & Unterschr. eigh.",Zunner (KorrespDB) (GND),Leibniz (GND),1694-02-23 (94-02-13)
10034,DE-611-HS-960234,"AA I,10 N.367",LBr 248 Bl. 77-78,77-78,True,4,249,58,heavy_revision,partial,False,de,de,0.9452,Abf.; eigh. Unterschr.,"Eyben,H.v. (KorrespDB) (GND)",Leibniz (GND),1694-09-11 (94-09-01)
10047,DE-611-HS-970495,"AA I,10 N.337",LBr 366 Bl. 28,28-28,True,2,31,9,light_revision,other,False,de,de,0.725,Abf.,"Hardt,H.v.d. (KorrespDB) (GND)",Leibniz (GND),1694-08-10 (94-07-31)
10056,DE-611-HS-859703,"AA I,9 N.354",LBr 636 Bl. 79,79-79,True,2,41,25,light_revision,partial,False,de,de,0.9811,"Abf., eigh. Aufschr., Siegel, Postverm.: 4 [darunter:] 1gg.","Mencke,O. (KorrespDB) (GND)",Leibniz (GND),1693-08-08 (93-07-29)
10058,DE-611-HS-862282,"AA I,9 N.020",LBr 763 Bl. 17-18,17-18,True,4,213,1,heavy_revision,other,False,de,de,1.0,Abf.,Reimers (KorrespDB),Leibniz (GND),1693-03-06 (93-02-24)
10102,DE-611-HS-958766,"AA I,11 N.231",LBr 211 Bl. 26-27,26-27,True,4,196,2,heavy_revision,partial,False,de,de,0.9706,"Abf.; eigh. Aufschr., Siegel","Domeier,Chr.P. (KorrespDB)",Leibniz (GND),1695-03-21 (95-03-11)
10111,00068368,"AA I,10 N.084","LH 1, 10 Bl. 171r°/v° (170=K_3499)",171-171,True,2,258,0,heavy_revision,other,False,de,de,0.895,Konz. mit Verbessergn & Erg.,Leibniz (GND),Molanus (KorrespDB) (GND),1694-10
10139,DE-611-HS-971306,"AA I,11 N.405",LBr 287 Bl. 1-2,1-2,True,4,203,34,light_revision,partial,False,de,de,1.0,"Abf.; eigh. Aufschr., Siegelrest",Freytag (KorrespDB) (GND),Leibniz (GND),1695-07-26 (95-07-16)
10171,DE-611-HS-957267,"AA I,9 N.197",LBr 10 Bl. 11-12,11-12,True,4,275,41,light_revision,partial,False,de,de,0.9592,"Abf.; Papierverlust. Eigh. Aufschr., Siegel","Behrens,C.B. (KorrespDB) (GND)",Leibniz (GND),1693-03-16 (93-03-06)
10186,00068818,"AA I,7 N.044","LH 23, 7 Bl. 30 (=12130)",30-30,True,2,146,13,heavy_revision,own,True,de,de,0.9931,Konz.; eigh.,Leibniz (GND),"Hugo,L. (KorrespDB) (GND)",1691-12
10189,DE-611-HS-860223,"AA I,8 N.299",LBr 655 Bl. 186r°oben,186-186,True,2,50,0,light_revision,other,False,de,de,0.9048,Abf.,Schwarzburg (KorrespDB) (GND),Leibniz (GND),1692-10
10222,DE-611-HS-960234,"AA I,7 N.277",LBr 248 Bl. 31- 32 (=6556),31-32,True,4,486,19,heavy_revision,other,False,de,de,0.974,Konz.,Leibniz (GND),"Eyben,H.v. (KorrespDB) (GND)",1692-01-08 (91-12-29)
10223,,"AA I,7 N.277",,,False,0,0,0,unknown,other,False,de,de,0.974,MF,Leibniz (GND),"Eyben,H.v. (KorrespDB) (GND)",1692-01-08
10238,00068377,"AA I,9 N.105","LH 1, 19 Bl. 286 (=K_2664)",286-286,True,2,39,0,heavy_revision,other,False,de,de,1.0,Abf.,Leibniz (GND),Molanus (KorrespDB) (GND),1693-08-21
10263,DE-611-HS-862282,"AA I,8 N.043",LBr 763 Bl. 7,7-7,True,2,74,1,heavy_revision,other,False,de,de,1.0,Abf.,Reimers (KorrespDB),Leibniz (GND),1692-09-24
10272,DE-611-HS-859703,"AA I,8 N.143",LBr 636 Bl. 65,65-65,True,2,55,32,heavy_revision,partial,False,de,de,0.9934,Abf.; L eigh.:respondi imperfectè,"Mencke,O. (KorrespDB) (GND)",Leibniz (GND),1692-05-14 (92-05-04)
10370,,"AA I,6 N.009a",Wolfenbüttel HAB Cod. Guelf. Leibn. 3 Bl. 9-10 (33001),,False,0,0,0,unknown,own,True,de,de,0.918,"Ausf., eigh.",Leibniz (GND),"Müller,J.U. (KorrespDB) (GND)",1692-03-14 (92-03-04)
10400,,"AA I,9 N.245","Hannover NLA Cal.Br. 11, 1144 Bl. 39-40 (39r°)",,False,0,0,0,unknown,other,False,de,de,0.8644,"Ausz., Backm.","Backmeister,G.M. (KorrespDB) (GND)",Leibniz (GND),1693-04-18
10468,,"AA I,7 N.050","Ms 26, 1524 Bl. 2,1.3",,False,0,0,0,unknown,own,True,de,de,0.9641,Konz.; eigh.,Leibniz (GND),"Hugo,L. (KorrespDB) (GND)",1692-01
10470,DE-611-HS-859703,"AA I,9 N.171",LBr 636 Bl. 74-75 (S.1-2),74-75,True,4,548,0,heavy_revision,partial,False,de,de,0.9905,"Abf., eigh. Aufschr., Siegel","Mencke,O. (KorrespDB) (GND)",Leibniz (GND),1693-02-14 (93-02-04)
10473,DE-611-HS-974120,"AA I,9 N.349",LBr 425 Bl. 68-69,68-69,True,4,353,27,heavy_revision,partial,False,de,de,0.9474,"Abf.; eigh. Aufschr., Siegel, Postverm.: 6g.; Bibl.verm.: Hornik","Hörnigk,Ph.W. (KorrespDB) (GND)",Leibniz (GND),1693-08-01
10485,DE-611-HS-974120,"AA I,9 N.349",LBr 425 Bl. 68-69,68-69,True,4,353,0,heavy_revision,partial,False,de,de,0.9474,"Abf.; eigh. Aufschr., Siegel, Postverm.: 6g.; Bibl.verm.: Hornik","Hörnigk,Ph.W. (KorrespDB) (GND)",Leibniz (GND),1693-08-01
1050,,"AA III,4 N.257","Hannover NLA Cal.Br. 4, 98 Bl. 2",,False,0,0,0,unknown,other,False,de,de,0.9882,"Aufz., 10,5x21,5cm",,,1690-04
10508,,"AA I,10 N.236","Ms 41, 1814, 3 Bl. 41",,False,0,0,0,unknown,other,False,de,de,0.9843,Konz.,Leibniz (GND),Ammon (KorrespDB) (GND),1694-04-27 (94-04-17)
10509,,"AA I,10 N.236",,,False,0,0,0,unknown,other,False,de,de,0.9843,MF,Leibniz (GND),Ammon (KorrespDB) (GND),1694-04-27 (94-04-17)
10515,DE-611-HS-3618673,"AA I,9 N.093",LBrF 20 Bl. 1582-1583,,False,0,0,0,unknown,partial,False,de,de,1.0,"Abf., eigh. Aufschr., Siegel, Bibl.verm.",Körner (KorrespDB),Leibniz (GND),1693-06-15 (93-06-05)
10516,,"AA I,8 N.292",,,False,0,0,0,unknown,other,False,de,de,0.9892,Druck,Leibniz (GND),Tentzel (KorrespDB) (GND)Monatliche Unterredungen,1692-10-27
10517,DE-611-HS-859703,"AA I,8 N.152",LBr 636 Bl. 67,67-67,True,2,39,21,heavy_revision,partial,False,de,de,0.9712,"Abf., eigh. Aufschr., Siegel","Mencke,O. (KorrespDB) (GND)",Leibniz (GND),1692-05-24 (92-05-14)
10526,DE-611-HS-859674,"AA I,10 N.369",LBr 633 Bl. 18,18-18,True,2,49,2,light_revision,other,False,de,de,1.0,Abf.,Melani (KorrespDB) (GND),Leibniz (GND),1694-09-11
10530,,"AA I,10 N.117",,,False,0,0,0,unknown,other,False,de,de,0.9176,Ausz.Schrader aus:12245,Leibniz (GND),"Schrader,Chr. (KorrespDB)",1694-01-14
10536,DE-611-HS-957463,"AA I,9 N.350",LBr 46 Bl. 7,7-7,True,2,39,9,heavy_revision,other,False,de,de,0.95,Abf.,"Behrens,C.B. (KorrespDB) (GND)",Leibniz (GND),1693-08-04 (93-07-25)
10569,,"AA I,6 N.300","Ms 23, 842a Bl. 2-4.10-12",,False,0,0,0,unknown,partial,False,de,de,0.9605,"Abf., Schr.; slav. Texte von anderer Hd.; eigh. Unterschr. Mithoffs; Aufschr., Siegel, Postverm.: II",Mithoff (KorrespDB),"Schrader,Ch. (KorrespDB) (GND)Leibniz (GND)",1691-05-27
10570,,"AA I,6 N.300","Ms 23, 842a Bl. 2-4.10-12",,False,0,0,0,unknown,partial,False,de,de,0.9605,"Abf., Schr.; slav. Texte von anderer Hd.; eigh. Unterschr. Mithoffs; Aufschr., Siegel, Postverm.: II",Mithoff (KorrespDB),"Schrader,Ch. (KorrespDB) (GND)Leibniz (GND)",1691-05-27 (91-05-17)
10584,DE-611-HS-957276,"AA I,10 N.432",LBr 11 Bl. 8-9,8-9,True,4,151,10,light_revision,other,False,de,de,1.0,Abf.,Ammon (KorrespDB) (GND),Leibniz (GND),1694-11-14 (94-11-04)
10595,00068808,"AA I,12 N.010","LH 23, 2, 17 Bl. 4-5",4-5,True,4,482,1,heavy_revision,partial,False,de,de,1.0,Konz. mit zahlr. eigh. Ändergn,Leibniz (GND),Hannover (Geh.Räte) (KorrespDB),1695-11
10600,,"AA I,8 N.078","Ms 41, 1814, 8 Bl. 12",,False,0,0,0,unknown,other,False,de,de,0.8819,2.erw. Reinschr.,Leibniz (GND),"Wolfenbüttel,Anton Ulrich v. (KorrespDB) (GND)Wolfenbüttel,Rudolf August v. (KorrespDB) (GND)",1692-12
10615,,"AA I,11 N.045",Hannover NLA Hann. 153 Acc. 2004/107 Nr. 1 (alt: NLB Bibliotheksakten A6 Bl. 156-159 (159r°vacat)),,False,0,0,0,unknown,other,False,de,de,0.9831,Abf. (verworfen?),Leibniz (GND),"Wolfenbüttel,Anton Ulrich v. (KorrespDB) (GND)Wolfenbüttel,Rudolf August v. (KorrespDB) (GND)",1695-06-17 (95-06-07)
10625,,"AA I,11 N.003",Wolfenbüttel StA 37 Alt 391,,False,0,0,0,unknown,other,False,de,de,0.9593,Abf.; nur 2 Ändergn. Verm. v.unbek.Hd.: ad.24.Xbr.1694.,Leibniz (GND),Wolfenbüttel (Geh.Räte) (KorrespDB),1695-01-03 (94-12-24)
10627,DE-611-HS-3614216,"AA I,10 N.404",LBr 1006 Bl. 10-11,10-11,True,4,267,53,light_revision,other,False,de,de,0.9433,"Abschr., Schr. (L41), mit Korr. von L",Leibniz (GND),Winkelmann (KorrespDB) (GND),1694-10
10639,DE-611-HS-856265,"AA I,9 N.316",LBr 562 Bl. 24-25,24-25,True,4,134,15,light_revision,partial,False,de,de,0.9444,"Abf., Schr., mit eigh. Schlußkurialien & eigh. Aufschr.; Bibl.verm.: Limbach",Limbach (KorrespDB) (GND),Leibniz (GND),1693-06-23 (93-06-13)
10644,DE-611-HS-859703,"AA I,9 N.317",LBr 636 Bl. 78,78-78,True,2,56,35,light_revision,partial,False,de,de,0.9515,"Abf., eigh. Aufschr., Siegel, Postverm.: 14","Mencke,O. (KorrespDB) (GND)",Leibniz (GND),1693-06-24 (93-06-14)
10646,DE-611-HS-867148,"AA I,10 N.066",LBr 818 Bl. 20,20-20,True,2,46,2,light_revision,other,False,de,de,0.963,Abf.,"Hugo,L. (KorrespDB) (GND)",Leibniz (GND),1694-10
10648,DE-611-HS-860457,"AA I,14 N.065",LBr 671 Bl. 1,1-1,True,2,115,13,heavy_revision,other,False,de,de,0.9813,Konz.,Leibniz (GND),"Wolfenbüttel,Rudolf August v. (KorrespDB) (GND)",1697-12-03 (97-11-23)
10654,DE-611-HS-957463,"AA I,8 N.352",LBr 46 Bl. 3-4,3-4,True,4,169,19,light_revision,partial,False,de,de,0.875,"Abf.; eigh. Aufschr. mit Zusatz: Franco; Siegel, Postverm.: 3.","Behrens,C.B. (KorrespDB) (GND)",Leibniz (GND),1692-12-16 (92-12-06)
10675,DE-611-HS-855484,"AA I,9 N.047",LBr 489 Bl. 1-2,1-2,True,4,269,14,heavy_revision,partial,False,de,de,0.96,"Abf., eigh. Aufschr., Siegel",Kölbing (KorrespDB),Leibniz (GND)Reimers (KorrespDB),1693-09-08 (93-08-29)
10692,00068377,"AA I,8 N.278","LH 1, 19 Bl. 659v° (=K_3142)",659-659,True,2,82,0,heavy_revision,other,False,de,de,0.9231,Abf.,Leibniz (GND),Molanus (KorrespDB) (GND),1692-10-07
10693,00068377,"AA I,8 N.278","LH 1, 19 Bl. 659v° (=K_3142)",659-659,True,2,82,0,heavy_revision,other,False,de,de,0.9231,Abf.,Leibniz (GND),Molanus (KorrespDB) (GND),1692-10-07 (92-09-26)
10720,00068378,"AA I,9 N.395","LH 1, 20 Bl. 116v° (r°später)",116-116,True,2,76,1,heavy_revision,other,False,de,de,0.9762,"verworf. Abf. (abgetr. Schluß), 7 Zeilen mit Unterschr. & Datum, darüber gegenläufig: ad 159",Leibniz (GND),"Bodenhausen,W. (KorrespDB)",1693-10-19 (93-10-09)
10750,DE-611-HS-974436,"AA I,9 N.310",LBr 435 Bl. 7-8,7-8,True,4,130,8,light_revision,partial,False,de,de,0.98,"Abf.; eigh. Aufschr., Siegel, Postverm.: 1; Bibl.verm.: Huthmann",Huthmann (KorrespDB) (GND),Leibniz (GND),1693-06-18 (93-06-08)
10758,DE-611-HS-3614216,"AA I,10 N.253",LBr 1006 Bl. 5,5-5,True,2,19,4,fair_copy,other,False,de,de,0.8824,"Abf.; Aufschr. von Schr.Hd, nur tlw. erhalten; Bibl.verm.: Winckelmann 1694-99",Winkelmann (KorrespDB) (GND),Leibniz (GND),1694-05-13 (94-05-03)
10767,00068575,"AA I,10 N.062","LH 4, 3, 1d Bl. 2v° (=41352)",2-2,True,2,117,0,heavy_revision,other,False,de,de,0.9545,verworf. Abf.,Leibniz (GND),"Reinerding,J.Th. (KorrespDB) (GND)",1694-10
10786,DE-611-HS-957463,"AA I,9 N.249",LBr 46 Bl. 5-6,5-6,True,4,233,37,light_revision,partial,False,de,de,0.8571,"Abf.; Papierverlust; eigh. Aufschr., Siegelrest, Postverm.: 4","Behrens,C.B. (KorrespDB) (GND)",Leibniz (GND),1693-04-27 (93-04-17)
10792,DE-611-HS-867759,"AA I,12 N.089",LBr 946 Bl. 6-7,6-7,True,4,210,40,light_revision,partial,False,de,de,0.9286,"Abf.; eigh. Aufschr., Siegel, Postverm.: 11",Uhlich (KorrespDB) (GND),Leibniz (GND),1695-11-03 (95-10-24)
10819,00068796,"AA I,10 N.003","LH 23, 2, 8 Bl. 2r° (1=8375)",2-2,True,2,185,21,heavy_revision,other,False,de,de,0.9832,Abschr. v.d.nicht gefundenen Abf.,Leibniz (GND),"Hugo,L. (KorrespDB) (GND)",1694-01-14 (94-01-04)
10820,00068796,"AA I,10 N.003","LH 23, 2, 8 Bl. 2r° (1=8375)",2-2,True,2,185,0,heavy_revision,other,False,de,de,0.9832,Abschr. v.d.nicht gefundenen Abf.,Leibniz (GND),"Hugo,L. (KorrespDB) (GND)",1694-01-14 (94-01-04)
10824,DE-611-HS-974436,"AA I,12 N.133",LBr 435 Bl. 18,18-18,True,2,33,13,light_revision,other,False,de,de,1.0,Abf.; Bibl.verm.,Huthmann (KorrespDB) (GND),Leibniz (GND),1695-11
10845,DE-611-HS-958766,"AA I,12 N.090",LBr 211 Bl. 8-9,8-9,True,4,178,0,heavy_revision,partial,False,de,de,1.0,"Abf.; eigh. Aufschr., Siegel, Postverm.: 1g (über gestr. 7g)","Domeier,Chr.P. (KorrespDB)",Leibniz (GND),1695-11-03 (95-10-24)
10849,,"AA I,9 N.004","Hannover NLA Celle Br. 57, 202",,False,0,0,0,unknown,other,False,de,de,1.0,Konz.,Leibniz (GND),Minister zu Hannover (KorrespDB),1693
10920,DE-611-HS-960234,"AA I,10 N.261",LBr 248 Bl. 71-72,71-72,True,4,144,32,heavy_revision,other,False,de,de,0.9886,"Abf., Schr.","Eyben,H.v. (KorrespDB) (GND)",Leibniz (GND),1694-05-18 (94-05-08)
10921,DE-611-HS-855484,"AA I,10 N.025",LBr 489 Bl. 10,10-10,True,2,55,2,light_revision,partial,False,de,de,0.9167,"Abf., eigh.. quadrat. Zettel",Kölbing (KorrespDB),Reimers (KorrespDB),1694-04-27 (94-04-17)
10931,,"AA I,7 N.049",Hannover NLA Ms. Nr. 221 (alt: Ms. Q 16) Bl. 4-5 (Kriegsverlust),,False,0,0,0,unknown,other,False,de,de,0.9818,Abf.,Leibniz (GND),"Grote,O. (KorrespDB) (GND)",1691-12
10932,00068808,"AA I,7 N.048","LH 23, 2, 17 Bl. 11-12 (=54089)",11-12,True,4,632,57,heavy_revision,own,True,de,de,0.9633,Konz.; eigh.,Leibniz (GND),"Grote,O. (KorrespDB) (GND)",1691-12
10933,,"AA I,7 N.048",Hannover NLA Ms. Nr. 221 (alt: Ms. Q 16) Bl. 1-2 (Kriegsverlust),,False,0,0,0,unknown,other,False,de,de,0.9633,Abf.,Leibniz (GND),"Grote,O. (KorrespDB) (GND)",1691-12
10935,DE-611-HS-970452,"AA I,11 N.197",LBr 348 Bl. 1,1-1,True,2,133,10,heavy_revision,other,False,de,de,0.9522,Abf.,Haberstroh (KorrespDB),Leibniz (GND),1695-02-26
10936,DE-611-HS-867479,"AA I,11 N.198",LBr 927 Bl. 6v° (Bl.5-6r°=9561),6-6,True,2,274,6,heavy_revision,other,False,de,de,0.9483,Abf.,Thurmann (KorrespDB) (GND),Leibniz (GND),1695-02-27 (95-02-17)
10937,DE-611-HS-867479,"AA I,11 N.108",LBr 927 Bl. 5-6 (6v°=9555),5-6,True,4,549,14,heavy_revision,other,False,de,de,0.9497,Abschr.,Thurmann (KorrespDB) (GND),Leibniz (GND),1695-02-27 (94-12-30)
10940,DE-611-HS-957267,"AA I,10 N.301",LBr 10 Bl. 120-121,120-121,True,4,146,10,heavy_revision,other,False,de,de,1.0,Abf.,"Behrens,C.B. (KorrespDB) (GND)",Leibniz (GND),1694-06
10978,DE-611-HS-867310,"AA I,12 N.051",LBr 895 Bl. 1 (r°= 28003),1-1,True,2,28,9,light_revision,partial,False,de,de,0.9535,"Abf. ohne Anrede, Unterschr. & Adresse; mit geringfüg.eigh. Ändergn; Bibl.verm.",Leibniz (GND),Cordemann (KorrespDB),1696-04-03
10979,DE-611-HS-867310,"AA I,12 N.052",LBr 895 Bl. 1r° (v°= 10031),1-1,True,2,28,0,light_revision,other,False,de,de,0.9,"Abf. ohne Anrede, Unterschr. & Adresse",Cordemann (KorrespDB),Leibniz (GND),1696-04-03
10983,,"AA I,10 N.041","Gotha FB B 670, 11",,False,0,0,0,unknown,other,False,de,de,1.0,Abf.,Leibniz (GND),"Reinerding,J.Th. (KorrespDB) (GND)",1694-07-25 (94-07-15)
10984,DE-611-HS-957463,"AA I,11 N.372",LBr 46 Bl. 29,29-29,True,2,34,21,light_revision,other,False,de,de,0.9507,Abf.,"Behrens,C.B. (KorrespDB) (GND)",Leibniz (GND),1695-07-09 (95-06-29)
10985,DE-611-HS-867759,"AA I,11 N.373",LBr 946 Bl. 1-2,1-2,True,4,245,28,heavy_revision,partial,False,de,de,0.9118,"Abf.; eigh. Aufschr., Siegel, Bibl.verm.",Uhlich (KorrespDB) (GND),Leibniz (GND),1695-07-09 (95-06-29)
11003,DE-611-HS-862077,"AA I,9 N.279",LBr 746 Bl. 15,15-15,True,2,66,2,heavy_revision,other,False,de,de,1.0,Abf.,Marci (KorrespDB) (GND),Leibniz (GND),1693-05-21 (93-05-11)
11037,DE-611-HS-866403,"AA I,11 N.029",LBr 766 Bl. 35-36,35-36,True,4,196,14,heavy_revision,partial,False,de,de,0.9943,Reinschr. mit geringfüg. Ändergn; L eigh.: nicht abgangen,Leibniz (GND),"Reinerding,J.Th. (KorrespDB) (GND)",1695-04-12 (95-04-02)
11045,DE-611-HS-866785,"AA I,12 N.005",LBr 878 Bl. 4r° (3=9674),4-4,True,2,250,16,heavy_revision,partial,False,de,de,1.0,Konz. mit eigh. Ändergn,Leibniz (GND),Specht (KorrespDB) (GND),1695-11-13 (95-11-03)
11048,DE-611-HS-957365,"AA I,12 N.032",LBr 28 Bl. 1-2,1-2,True,4,185,19,light_revision,partial,False,de,de,0.8966,"Abf.; eigh. Aufschr., Siegelreste, Postverm.: 1g.",Balcke (KorrespDB),Leibniz (GND),1696-01-21 (96-01-11)
11073,DE-611-HS-867195,"AA I,9 N.422",LBr 830 Bl. 14-15,14-15,True,4,222,33,light_revision,other,False,mixed,de,0.6455,Abf.; Bibl.verm.: Schr.,"Schrader,Chr. (KorrespDB)",Leibniz (GND),1693-12-07 (93-11-27)
11088,,"AA I,10 N.256",Hannover NLA Hann. 153 Acc. 2018/55 Nr. 34 Bl. 18-19 (alt: NLB Bibliotheksakten A2 Bl. 263),,False,0,0,0,unknown,other,False,de,de,0.9718,"Abf., Schr.",Zunner (KorrespDB) (GND),Leibniz (GND),1694-05-15 (94-05-05)
11111,00068368,"AA I,10 N.084","LH 1, 10 Bl. 171r°/v° (170=K_3499)",171-171,True,2,258,8,heavy_revision,other,False,de,de,0.895,Konz. mit Verbessergn & Erg.,Leibniz (GND),Molanus (KorrespDB) (GND),1694-05
11121,,"AA I,9 N.131",,,False,0,0,0,unknown,other,False,de,de,0.75,Abf.,Leibniz (GND),"Mencke,O. (KorrespDB) (GND)",1693-01-10 (92-12-31)
11142,00068818,"AA I,10 N.067","LH 23, 7 Bl. 25v°",25-25,True,2,332,10,heavy_revision,own,True,de,de,1.0,"Disp., eigh.",Leibniz (GND),"Braunschweig-Lüneburg,Ernst August v. (KorrespDB) (GND)",1694-11
11158,DE-611-HS-862243,"AA I,9 N.240",LBr 758 Bl. 3-4,3-4,True,4,188,5,heavy_revision,other,False,de,de,1.0,Abf.; Bibl.verm.: Reck,"Reck,J. (KorrespDB) (GND)",Leibniz (GND),1693-04-15 (93-04-05)
11186,DE-611-HS-957463,"AA I,10 N.306",LBr 46 Bl. 21,21-21,True,2,57,21,light_revision,other,False,de,de,0.9756,Abf.,"Behrens,C.B. (KorrespDB) (GND)",Leibniz (GND),1694-07-08 (94-06-28)
11197,DE-611-HS-960234,"AA I,7 N.294",LBr 248 Bl. 33-34,33-34,True,4,475,51,heavy_revision,partial,False,de,de,0.9339,Abf.; eigh. Unterschr.,"Eyben,H.v. (KorrespDB) (GND)",Leibniz (GND),1692-01-17 (92-01-07)
11204,DE-611-HS-866668,"AA I,9 N.014",LBr 863 Bl. 21-22,21-22,True,4,245,11,heavy_revision,partial,False,de,de,0.9854,"Abf.; eigh. Aufschr., Siegel, Postverm.: de Wolf.5.",Sieverds (KorrespDB) (GND),Leibniz (GND),1693-01-30 (93-01-20)
11223,,"AA I,11 N.045",Hannover NLA Hann. 153 Acc. 2004/107 Nr. 1 (alt: NLB Bibliotheksakten A6 Bl. 154.161.155.160(vacat),,False,0,0,0,unknown,other,False,de,de,0.9831,"Konz., schwer lesbar",Leibniz (GND),"Wolfenbüttel,Anton Ulrich v. (KorrespDB) (GND)Wolfenbüttel,Rudolf August v. (KorrespDB) (GND)",1695-06-17
11236,DE-611-HS-960234,"AA I,8 N.298",LBr 248 Bl. 57v° (56-57r°=6571),57-57,True,2,239,10,heavy_revision,other,False,de,de,1.0,Konz.,Leibniz (GND),"Eyben,H.v. (KorrespDB) (GND)",1692-10
11237,,"AA I,8 N.298",,,False,0,0,0,unknown,other,False,de,de,1.0,MF,Leibniz (GND),"Eyben,H.v. (KorrespDB) (GND)",1692-10
11264,DE-611-HS-958556,"AA I,9 N.418",LBr 172 Bl. 7-8,7-8,True,4,89,19,light_revision,other,False,de,de,0.9831,Reinkonz.,Leibniz (GND),Consbruch (KorrespDB) (GND),1693-12-01
11265,,"AA I,9 N.418",,,False,0,0,0,unknown,other,False,de,de,0.9831,MF,Leibniz (GND),Consbruch (KorrespDB) (GND),1693-12-01
11285,DE-611-HS-855422,"AA I,9 N.223",LBr 490 Bl. 4,4-4,True,2,43,7,heavy_revision,partial,False,de,de,0.7901,"Abf.; eigh. Aufschr., Siegel, Bibl.verm.","König,S. (KorrespDB)",Leibniz (GND),1693-04-01 (93-03-22)
11289,DE-611-HS-960085,"AA I,9 N.118",LBr 214 Bl. 31,31-31,True,2,33,4,light_revision,other,False,de,de,0.9583,Abf.,Dransfeld (KorrespDB) (GND),Leibniz (GND),1693-01-01 (92-12-22)
11295,00068818,"AA I,10 N.067","LH 23, 7 Bl. 24-25",24-25,True,4,664,20,heavy_revision,other,False,de,de,1.0,"Konz. mit stichwortartiger Zsfassg in lat. Sprache, Bibl.verm.",Leibniz (GND),"Braunschweig-Lüneburg,Ernst August v. (KorrespDB) (GND)",1694-11
11319,DE-611-HS-856294,"AA I,9 N.162",LBr 567 Bl. 14-15,14-15,True,4,222,0,light_revision,partial,False,de,de,1.0,"Abf.; eigh. Aufschr., Bibl.verm.: Linsing",Linsingen (KorrespDB) (GND),Leibniz (GND),1693-02-08
11335,DE-611-HS-3614216,"AA I,9 N.391",LBr 1006 Bl. 1-2,1-2,True,4,246,4,heavy_revision,other,False,de,de,0.9757,"Abf.; Aufschr. von Schr.Hd; Siegel, Bibl.verm.",Winkelmann (KorrespDB) (GND),Leibniz (GND),1693-10-14 (93-10-04)
11352,DE-611-HS-867195,"AA I,9 N.286",LBr 830 Bl. 4-5,4-5,True,4,180,8,light_revision,other,False,de,de,0.9787,Abf.,"Schrader,Chr. (KorrespDB)",Leibniz (GND),1693-05-28 (93-05-18)
11353,DE-611-HS-957276,"AA I,9 N.278",LBr 11 Bl. 4-5,4-5,True,4,218,21,light_revision,other,False,de,de,1.0,Abf.,Ammon (KorrespDB) (GND),Leibniz (GND),1693-05-20 (93-05-10)
11354,DE-611-HS-855794,"AA I,9 N.464",LBr 544 Bl. 102,102-102,True,2,86,34,heavy_revision,partial,False,de,de,0.7363,"Abf.; eigh. Aufschr., Siegelrest","Leibniz,J.Fr. (KorrespDB) (GND)",Leibniz (GND),1693-05-20 (93-05-10)
11356,DE-611-HS-960234,"AA I,10 N.241",LBr 248 Bl. 67v° (65.67=6578),67-67,True,2,167,1,scrap,other,False,de,de,1.0,"Notiz zu e.nicht gefundenen Abf., 5 Z., quer",Leibniz (GND),"Eyben,H.v. (KorrespDB) (GND)",1694-04
11412,DE-611-HS-860223,"AA I,8 N.278",LBr 655 Bl. 5r° (v° math. Aufz.),5-5,True,2,97,5,light_revision,other,False,de,de,0.9231,Konz.,Leibniz (GND),Molanus (KorrespDB) (GND),1692-10-07 (92-09-26)
11414,,"AA I,8 N.078","Ms 41, 1813 Bl. 17",,False,0,0,0,unknown,other,False,de,de,0.8819,"Konz., viele Korr. Nur für Rud.Aug. best.",Leibniz (GND),"Wolfenbüttel,Rudolf August v. (KorrespDB) (GND)",1692-12
11415,,"AA I,8 N.078","Ms 41, 1814, 8 Bl. 11(.13)",,False,0,0,0,unknown,other,False,de,de,0.8819,1.Reinschr.,Leibniz (GND),"Wolfenbüttel,Anton Ulrich v. (KorrespDB) (GND)Wolfenbüttel,Rudolf August v. (KorrespDB) (GND)",1692-12
11454,DE-611-HS-974424,"AA I,10 N.018",LBr 429 Bl. 25,25-25,True,2,70,7,light_revision,other,False,de,de,0.8571,Abf.,"Hugo,L. (KorrespDB) (GND)",Leibniz (GND),1694-03-25 (94-03-15)
11455,DE-611-HS-867437,"AA I,10 N.019",LBr 915 Bl. 61-62,61-62,True,4,238,25,heavy_revision,other,False,de,de,0.9716,Konz.,Leibniz (GND),"Hugo,L. (KorrespDB) (GND)",1694-03-25 (94-03-15)
11487,DE-611-HS-866403,"AA I,11 N.021",LBr 766 Bl. 26-27,26-27,True,4,544,8,heavy_revision,partial,False,de,de,0.8421,"Abf.; eigh. Aufschr., Siegel, Postverm.; L: // beantwortet","Reinerding,J.Th. (KorrespDB) (GND)",Leibniz (GND),1695-02-25 (95-02-15)
11490,,"AA I,10 N.395",,,False,0,0,0,unknown,other,False,de,de,0.9848,Druck nach d. nicht gefund. Abf.,Leibniz (GND),(Monatliche Unterredungen),1694-10-12
11492,DE-611-HS-866403,"AA I,10 N.060",LBr 766 Bl. 24,24-24,True,2,64,13,light_revision,other,False,de,de,0.9844,Abf.,"Reinerding,J.Th. (KorrespDB) (GND)",Leibniz (GND),1694-10-12 (94-10-02)
11497,,"AA I,9 N.131","Ms 41, 1814, 3 Bl. 12",,False,0,0,0,unknown,other,False,de,de,0.75,Konz.,Leibniz (GND),"Mencke,O. (KorrespDB) (GND)",1693-01-10 (92-12-31)
11507,DE-611-HS-866403,"AA I,11 N.056",LBr 766 Bl. 40,40-40,True,2,119,0,heavy_revision,other,False,de,de,1.0,Abf.,"Reinerding,J.Th. (KorrespDB) (GND)",Leibniz (GND),1695-08-02 (95-07-23)
11509,00068811,"AA I,11 N.023","LH 23, 2, 20 Bl. 227-228",227-228,True,4,200,18,heavy_revision,other,False,de,de,1.0,Konz. mit einigen Ändergn,Leibniz (GND),"Hugo,L. (KorrespDB) (GND)",1695-02
11511,00068540,"AA I,11 N.338","LH 41, 1 Bl. 13 v°",13-13,True,2,159,32,heavy_revision,other,False,mixed,de,0.6497,Konz. mit Ändergn,Leibniz (GND),"Schrader,J. (KorrespDB) (GND)",1695-06-09
11513,00068378,"AA I,11 N.330","LH 1, 20 Bl. 199r°/v° (v°=41443)",199-199,True,2,141,0,heavy_revision,partial,False,de,de,0.9744,Konz. mit vielen eigh. stilist. Ändergn,Leibniz (GND),Molanus (KorrespDB) (GND),1695-05
11521,DE-611-HS-859703,"AA I,10 N.183",LBr 636 Bl. 76,76-76,True,2,73,44,heavy_revision,partial,False,de,de,0.9307,"Abf., eigh. Aufschr., Siegel, Postverm. Mit Bemerkgn von L","Mencke,O. (KorrespDB) (GND)",Leibniz (GND),1694-03-17 (94-03-07)
11528,DE-611-HS-958599,"AA I,10 N.030",LBr 195 Bl. 34,34-34,True,2,28,0,light_revision,other,False,de,de,0.9437,Abf.,Dannenberg (KorrespDB),Leibniz (GND),1694-06-11 (94-06-01)
11546,DE-611-HS-958556,"AA I,9 N.418",LBr 172 Bl. 9,9-9,True,2,76,6,heavy_revision,other,False,de,de,0.9831,Konz.,Leibniz (GND),Consbruch (KorrespDB) (GND),1693-12-01
11587,DE-611-HS-92149,"AA I,9 N.205",LBr 604 Bl. 41,41-41,True,2,36,12,light_revision,partial,False,de,de,0.9375,Abf.; eigh. Aufschr.,Marci (KorrespDB) (GND),Leibniz (GND),1693-03-21 (93-03-11)
11605,00068368,"AA I,11 N.126","LH 1, 10 Bl. 17",17-17,True,2,61,6,heavy_revision,other,False,de,de,0.9429,"Abf., quer",Molanus (KorrespDB) (GND),Leibniz (GND),1695-01
11614,DE-611-HS-960234,"AA I,9 N.329",LBr 248 Bl. 112-113,112-113,True,4,392,19,heavy_revision,other,False,de,de,0.981,Konz.,Leibniz (GND),"Eyben,H.v. (KorrespDB) (GND)",1693-06
11620,DE-611-HS-866668,"AA I,10 N.051",LBr 863 Bl. 28-29,28-29,True,4,356,2,heavy_revision,partial,False,de,de,0.9655,"Abf.; eigh. Aufschr., Siegel, Postverm.: 2gg.",Sieverds (KorrespDB) (GND),Leibniz (GND),1694-09-03 (94-08-24)
11639,DE-611-HS-856265,"AA I,15 N.158",LBr 562 Bl. 31-33,31-33,True,6,205,6,light_revision,other,False,de,de,1.0,Abf.,Limbach (KorrespDB) (GND),Leibniz (GND),1698-01-23 (98-01-13)
11651,00068779,"AA I,10 N.048","LH 12, 4 Bl. 125.133 (=8322)",125-125,True,2,43,3,light_revision,partial,False,de,de,0.9286,Abf.; eigh. Aufschr.; Bibl.verm.,Reiche (KorrespDB) (GND),Leibniz (GND),1694-08-18 (94-08-08)
11660,00068255,"AA I,12 N.067","LH 35, 3 B 5 Bl. 93",93-93,True,2,26,1,fair_copy,other,False,de,de,0.9781,"Teilabschr., Schr. (21c)",Leibniz (GND),"Wolfenbüttel,Rudolf August v. (KorrespDB) (GND)",1696-05-18
11705,DE-611-HS-971383,"AA I,9 N.166",LBr 288 Bl. 1-2,1-2,True,4,154,15,heavy_revision,partial,False,de,de,0.9074,"Abf.; eigh. Aufschr., Siegel",Friese (KorrespDB) (GND),Leibniz (GND),1693-02-11 (93-02-01)
11736,DE-611-HS-866403,"AA I,12 N.079",LBr 766 Bl. 49-50,49-50,True,4,335,7,heavy_revision,partial,False,mixed,de,0.625,"Abf.; eigh. Aufschr., Siegel, Postverm.: 14; Bibl.verm.","Reinerding,J.Th. (KorrespDB) (GND)",Leibniz (GND),1696-07-03 (96-06-23)
11740,,"AA I,11 N.039","Hannover NLA Ms. Nr. 223 (alt: Ms. Q 17a) Bl. 21 (Kriegsverlust, Foto erhalten)",,False,0,0,0,unknown,other,False,de,de,0.9928,Abf. mit geringfüg. Ändergn,Leibniz (GND),Reiche (KorrespDB) (GND),1695-05
11782,DE-611-HS-867195,"AA I,10 N.320",LBr 830 Bl. 21-22,21-22,True,4,257,11,heavy_revision,other,False,de,de,0.993,Abf.,"Schrader,Chr. (KorrespDB)",Leibniz (GND),1694-07-26 (94-07-16)
11796,DE-611-HS-958556,"AA I,10 N.332",LBr 172 Bl. 14,14-14,True,2,151,7,heavy_revision,other,False,de,de,0.9726,"Konz., quer, zahlr. stilist., sachl. unerhebl. Korr.",Leibniz (GND),Consbruch (KorrespDB) (GND),1694-08-05
11797,,"AA I,10 N.332",,,False,0,0,0,unknown,other,False,de,de,0.9726,Abf.,Leibniz (GND),Consbruch (KorrespDB) (GND),1694-08-05
11821,DE-611-HS-866808,"AA I,11 N.469",LBr 804 Bl. 1,1-1,True,2,54,0,heavy_revision,other,False,de,de,0.9643,Abf.,Schaetz (KorrespDB),Leibniz (GND),1695-09-23 (95-09-13)
11839,DE-611-HS-867148,"AA I,10 N.061",LBr 818 Bl. 10-11,10-11,True,4,206,26,heavy_revision,partial,False,de,de,0.96,"Reinschr., Schr.; Datum & Unterschr. eigh.; Bibl.verm.: Schmid. vocation nach Helmst.",Leibniz (GND),"Hugo,L. (KorrespDB) (GND)",1694-10-14 (94-10-04)
11843,DE-611-HS-859639,"AA I,10 N.396",LBr 629 Bl. 45,45-45,True,2,59,4,heavy_revision,other,False,de,de,1.0,Abf.,"Meier,J. (KorrespDB) (GND)",Leibniz (GND),1694-10-14 (94-10-04)
11877,,"AA I,10 N.308",Hannover NLA Hann. 153 Acc. 2018/55 Nr. 31 Bl. 20 (alt: NLB Bibliotheksakten A2 Bl. 209),,False,0,0,0,unknown,partial,False,de,de,0.9811,"Abf., Anrede & eigh. Aufschr.; Siegel (mit geringem Textverlust ausgerissen); Postverm.:1gg.","Mencke,O. (KorrespDB) (GND)",Leibniz (GND),1694-07-10 (94-06-30)
11882,DE-611-HS-867195,"AA I,10 N.230",LBr 830 Bl. 18-19,18-19,True,4,201,19,heavy_revision,other,False,de,de,0.8835,Abf.,"Schrader,Chr. (KorrespDB)",Leibniz (GND),1694-04-21 (94-04-11)
11886,DE-611-HS-958526,"AA I,10 N.317",LBr 170 Bl. 5,5-5,True,2,49,1,light_revision,other,False,de,de,1.0,Abf.,Conerding (KorrespDB) (GND),Leibniz (GND),1694-09-25 (94-09-15)
11903,DE-611-HS-960234,"AA I,11 N.177",LBr 248 Bl. 82-83,82-83,True,4,388,47,light_revision,partial,False,de,de,0.971,"Abf., Schr.; eigh. Schlußkurialien; Bibl.verm.","Eyben,H.v. (KorrespDB) (GND)",Leibniz (GND),1695-02-12 (95-02-02)
11924,,"AA I,10 N.241",,,False,0,0,0,unknown,other,False,de,de,1.0,MF,Leibniz (GND),"Eyben,H.v. (KorrespDB) (GND)",1694-04
11967,DE-611-HS-958766,"AA I,10 N.273",LBr 211 Bl. 1,1-1,True,2,53,15,heavy_revision,other,False,de,de,1.0,Abf.,"Domeier,Chr.P. (KorrespDB)",Leibniz (GND),1694-06-03 (94-05-24)
11970,,"AA I,10 N.274",Hannover NLB Bibliotheksakten A2 Bl. 261-262 (jetzt LK-MOW Ammon10 Bl. B 261-262),,False,0,0,0,unknown,other,False,de,de,1.0,Abf.,Ammon (KorrespDB) (GND),Leibniz (GND),1694-06-04 (94-05-25)
11977,DE-611-HS-958766,"AA I,11 N.326",LBr 211 Bl. 22-23,22-23,True,4,194,2,heavy_revision,partial,False,de,de,1.0,"Abf.; eigh. Aufschr., Siegel","Domeier,Chr.P. (KorrespDB)",Leibniz (GND),1695-05-30 (95-05-20)
12010,00068424,"AA I,9 N.056","LH 2, 7, 4 Bl. 9-10",9-10,True,4,250,54,heavy_revision,other,False,de,de,0.9847,verworfene Abf.,Leibniz (GND),"(Hannover,Minister)",1693-12-31 (93-12-21)
12022,DE-611-HS-856265,"AA I,11 N.002",LBr 562 Bl. 29-30 (=6277),29-30,True,4,150,20,light_revision,partial,False,de,de,0.9861,Konz. mit einigen eigh. Ändergn; L eigh.: ex.,Leibniz (GND),"Hugo,L. (KorrespDB) (GND)",1695-01
12041,DE-611-HS-92149,"AA I,9 N.226",LBr 604 Bl. 35,35-35,True,2,33,0,light_revision,partial,False,de,de,1.0,Abf.; eigh. Aufschr.,Marci (KorrespDB) (GND),Leibniz (GND),1693-04-04 (93-03-25)
12050,DE-611-HS-856369,"AA I,10 N.471",LBr 571 Bl. 68,68-68,True,2,43,2,light_revision,other,False,de,de,1.0,Abf.,"Löffler,Fr.S. (KorrespDB) (GND)",Leibniz (GND),1694-02-07 (94-01-28)
12069,DE-611-HS-958766,"AA I,11 N.066",LBr 211 Bl. 16,16-16,True,2,34,22,light_revision,other,False,de,de,1.0,Abf.,"Domeier,H.Chr. (KorrespDB) (GND)",Leibniz (GND),1695-08-30
12079,DE-611-HS-957276,"AA I,10 N.232",LBr 11 Bl. 1-2,1-2,True,4,208,19,light_revision,partial,False,de,de,0.9683,"Abf.; eigh. Aufschr., Siegel",Ammon (KorrespDB) (GND),Leibniz (GND),1694-04-22 (94-04-12)
12102,DE-611-HS-856265,"AA I,10 N.121",LBr 562 Bl. 71-72,71-72,True,4,164,4,light_revision,other,False,de,de,0.9717,Abf.,Limbach (KorrespDB) (GND),Leibniz (GND),1694-01
12104,,"AA I,9 N.192",Hannover NLA Hann. 153 Acc. 2018/55 Nr. 32 Bl. 6r (alt: NLB Bibliotheksakten A2 Bl. 213),,False,0,0,0,unknown,other,False,de,de,0.9645,Abf.; Siegel,"Mencke,O. (KorrespDB) (GND)",Leibniz (GND),1693-03-07 (93-02-25)
12171,DE-611-HS-859703,"AA I,10 N.222",LBr 636 Bl. 86,86-86,True,2,72,44,heavy_revision,other,False,de,de,1.0,Abf.,"Mencke,O. (KorrespDB) (GND)",Leibniz (GND),1694-04-14 (94-04-04)
12179,DE-611-HS-974429,"AA I,12 N.172",LBr 431 Bl. 9-10,9-10,True,4,136,12,heavy_revision,partial,False,de,de,0.96,"Abf.; eigh. Aufschr., Siegel, Bibl.verm.",Huldeberg (KorrespDB) (GND),Leibniz (GND),1695-12-24 (95-12-14)
12181,DE-611-HS-974429,"AA I,12 N.173",LBr 431 Bl. 5-8 (=6687),5-8,True,8,914,0,heavy_revision,other,False,de,de,0.9874,"Ausz.aus:26285, insges. 29 Zeilen; mit einigen Ändergn",Leibniz (GND),Huldeberg (KorrespDB) (GND),1695-12-25
12200,,"AA I,12 N.115",,,False,0,0,0,unknown,other,False,de,de,0.75,MF,Leibniz (GND),Huldeberg (KorrespDB) (GND),1695-11-20 (95-11-10)
12201,DE-611-HS-974429,"AA I,12 N.115",LBr 431 Bl. 2r°oben links,2-2,True,2,161,0,heavy_revision,other,False,de,de,0.75,"Aufz. f.d.Abf., 5 Z.",Leibniz (GND),Huldeberg (KorrespDB) (GND),1695-11-20
12227,DE-611-HS-958599,"AA I,11 N.065",LBr 195 Bl. 38,38-38,True,2,33,11,light_revision,other,False,de,de,1.0,Abf.,Dannenberg (KorrespDB),Leibniz (GND),1695-08-30 (95-08-20)
12234,00068540,"AA I,12 N.276","LH 41, 1 Bl. 16",16-16,True,2,40,5,heavy_revision,other,False,de,de,0.7705,"(Teil-)Konz. bzw. Aufz. für d.Abf., mit geringfüg. Ändergn, 160x142mm",Leibniz (GND),"Behrens,C.B. (KorrespDB) (GND)",1696-02-08
12267,,"AA I,12 N.002",,,False,0,0,0,unknown,other,False,de,de,0.9912,MF,Leibniz (GND),Specht (KorrespDB) (GND),1695-11-07
12277,DE-611-HS-867195,"AA I,12 N.303",LBr 830 Bl. 31-33,31-33,True,6,267,20,light_revision,other,False,de,de,0.9726,Abf.,"Schrader,Chr. (KorrespDB)",Leibniz (GND),1696-03-12 (96-03-02)
12284,DE-611-HS-958766,"AA I,11 N.064",LBr 211 Bl. 17,17-17,True,2,36,8,light_revision,other,False,de,de,1.0,Abf.,"Domeier,H.Chr. (KorrespDB) (GND)",Leibniz (GND),1695-08-26
12308,DE-611-HS-957463,"AA I,11 N.172",LBr 46 Bl. 368,368-368,True,2,35,13,light_revision,other,False,de,de,1.0,Abf.,"Behrens,C.B. (KorrespDB) (GND)",Leibniz (GND),1695-02-11 (95-02-01)
12315,DE-611-HS-958572,"AA I,9 N.039",LBr 501 Bl. 207.209,207-207,True,2,114,49,heavy_revision,other,False,de,de,1.0,"Abschr., Schr.",Leibniz (GND),"Wolfenbüttel,Rudolf August v. (KorrespDB) (GND)",1693-06-30 (93-06-20)
12331,,"AA I,10 N.006",Hannover NLA Ms. Nr. 221 (alt: Ms. Q 16) Bl. 6r° (6v°-7r°=7691) (Kriegsverlust),,False,0,0,0,unknown,other,False,de,de,0.8333,Abf.,"Hugo,L. (KorrespDB) (GND)",Leibniz (GND),1694-01
12340,DE-611-HS-859639,"AA I,11 N.485",LBr 629 Bl. 57,57-57,True,2,34,3,heavy_revision,other,False,de,de,0.9091,Abf.; Papiersiegel,Molanus (KorrespDB) (GND),Leibniz (GND),1695-10-06
12372,DE-611-HS-859639,"AA I,10 N.087",LBr 629 Bl. 36,36-36,True,2,38,6,heavy_revision,other,False,de,de,0.913,Abf.,Molanus (KorrespDB) (GND),Leibniz (GND),1694-06-24 (94-06-14)
12397,DE-611-HS-859639,"AA I,10 N.319",LBr 629 Bl. 42-43,42-43,True,4,316,12,heavy_revision,other,False,de,de,0.9902,Abf.,"Meier,J. (KorrespDB) (GND)",Leibniz (GND),1694-07-26 (94-07-16)
12403,DE-611-HS-3616805,"AA I,11 N.099",LBr 79 Bl. 163,163-163,True,2,31,0,heavy_revision,partial,False,de,de,0.9545,"Abf.; eigh. Aufschr., Siegel","Bodenhausen,W. (KorrespDB)",Leibniz (GND),1695-01-03 (94-12-24)
12408,DE-611-HS-958572,"AA I,9 N.041",LBr 501 Bl. 208,208-208,True,2,67,1,heavy_revision,other,False,de,de,1.0,Konz.; Bibl.verm.: Krafft,Leibniz (GND),"Wolfenbüttel,Anton Ulrich v. (KorrespDB) (GND)",1693-07-08 (93-06-28)
12447,DE-611-HS-861820,"AA I,14 N.455",LBr 734 Bl. 7-8,7-8,True,4,59,1,light_revision,partial,False,de,de,0.92,"Abf.; eigh. Aufschr., Siegel",Polich (KorrespDB) (GND),Leibniz (GND),1697-12-07 (97-11-27)
12452,DE-611-HS-3595205,"AA I,10 N.049",LBr 437 Bl. 128-129 (=41916),128-129,True,4,780,0,heavy_revision,other,False,de,de,0.9677,"Abf., undat.",Reiche (KorrespDB) (GND),Leibniz (GND),1694-08-24
12464,DE-611-HS-960234,"AA I,10 N.383",LBr 248 Bl. 81 (=6589),81-81,True,2,78,4,heavy_revision,partial,False,de,de,0.9655,"Abf.; 1,5 S. von unbek.Schr., darunter v.Eybens Nachschr. 0,5 S. von Fabers Hd, mit eigh. Unterschr.","Eyben,H.v. (KorrespDB) (GND)",Leibniz (GND),1694-09-21 (94-09-11)
12487,DE-611-HS-867479,"AA I,11 N.110",LBr 927 Bl. 36,36-36,True,2,104,16,heavy_revision,other,False,de,de,0.9236,Abf.,Thurmann (KorrespDB) (GND),Leibniz (GND),1695-01-09
12488,DE-611-HS-867479,"AA I,11 N.111",LBr 927 Bl. 37,37-37,True,2,95,1,heavy_revision,other,False,de,de,1.0,Abf.,Thurmann (KorrespDB) (GND),Leibniz (GND),1695-01-09
12489,DE-611-HS-867479,"AA I,11 N.109",LBr 927 Bl. 34,34-34,True,2,81,3,heavy_revision,other,False,de,de,0.9091,Abf.,Thurmann (KorrespDB) (GND),Leibniz (GND),1695-01-09
12502,DE-611-HS-867759,"AA I,12 N.435",LBr 946 Bl. 10-11,10-11,True,4,179,2,light_revision,partial,False,de,de,0.9322,"Abf.; eigh. Aufschr., Siegel, Postverm.: 6",Uhlich (KorrespDB) (GND),Leibniz (GND),1696-07-02 (96-06-22)
12507,,"AA I,12 N.173",,,False,0,0,0,unknown,other,False,de,de,0.9874,MF,Leibniz (GND),Huldeberg (KorrespDB) (GND),1695-12-25
12519,00068540,"AA I,11 N.338","LH 41, 1 Bl. 12r°",12-12,True,2,17,14,heavy_revision,other,False,mixed,de,0.6497,Konz.,Leibniz (GND),"Schrader,J. (KorrespDB) (GND)",1695-06-09
12520,00068540,"AA I,11 N.338","LH 41, 1 Bl. 11",11-11,True,2,40,0,heavy_revision,other,False,mixed,de,0.6497,Aufz.,,,1695-02-28
12521,00068540,"AA I,12 N.264","LH 41, 1 Bl. 14-15",14-15,True,4,374,4,heavy_revision,other,False,de,de,0.994,"(Teil-)Konz. bzw. Aufz. für d.nicht gefundene Abf., mit zahlr. Ändergn",Leibniz (GND),"Meibom,H. (KorrespDB) (GND)",1696-02-06
12569,DE-611-HS-971389,"AA I,11 N.182",LBr 291 Bl. 7-8,7-8,True,4,188,26,light_revision,partial,False,de,de,0.9495,"Abf.; eigh. Aufschr., Papiersiegelrest",Fritsch (KorrespDB) (GND),Leibniz (GND),1695-02-16 (95-02-06)
12598,DE-611-HS-866668,"AA I,9 N.024",LBr 863 Bl. 25,25-25,True,2,46,23,light_revision,other,False,de,de,0.9899,Abf.,Sieverds (KorrespDB) (GND),Leibniz (GND),1693-04-09 (93-03-30)
12603,DE-611-HS-960234,"AA I,9 N.135",LBr 248 Bl. 61-62,61-62,True,4,419,17,light_revision,partial,False,de,de,0.9821,"Abf.; eigh. Schlußkurialien; Aufschr., Siegel, Postverm.: 5 [&] N°11.","Eyben,H.v. (KorrespDB) (GND)",Leibniz (GND),1693-01-13 (93-01-03)
12620,,"AA I,11 N.024",Wolfenbüttel StA 37 Alt 391,,False,0,0,0,unknown,other,False,de,de,1.0,Abf. mit gerinfüg. Ändergn; Registraturverm.: 8 Martij 1695,Leibniz (GND),Wendhausen (KorrespDB) (GND),1695-03-18 (95-03-08)
12639,,"AA I,11 N.414",,,False,0,0,0,unknown,other,False,de,de,0.9697,MF,Leibniz (GND),"Eyben,H.v. (KorrespDB) (GND)",1695-08
12640,DE-611-HS-960234,"AA I,11 N.414",LBr 248 Bl. 119 (r°/v° phot.betr.Schr.),119-119,True,2,53,17,heavy_revision,partial,False,de,de,0.9697,"Ausz. aus 25963, Schr. (L21) eigh. Überschr. von L",Leibniz (GND),"Eyben,H.v. (KorrespDB) (GND)",1695-08
12645,DE-611-HS-856297,"AA I,11 N.222",LBr 569 Bl. 3,3-3,True,2,27,11,light_revision,partial,False,de,de,0.931,"Abf.; eigh. Aufschr., Siegelrest",Lipper (KorrespDB) (GND),Leibniz (GND),1695-03-15 (95-03-05)
12651,DE-611-HS-974120,"AA I,10 N.293",LBr 425 Bl. 73-74,73-74,True,4,314,49,heavy_revision,other,False,de,de,0.9644,Konz.,Leibniz (GND),"Hörnigk,Ph.W. (KorrespDB) (GND)",1694-06-25 (94-06-15)
12674,DE-611-HS-859703,"AA I,9 N.427",LBr 636 Bl. 82,82-82,True,2,101,42,light_revision,partial,False,de,de,0.9695,"Abf.; eigh. Aufschr., Siegel, Postverm.: 1gg.","Mencke,O. (KorrespDB) (GND)",Leibniz (GND),1693-12-12 (93-12-02)
12676,DE-611-HS-958556,"AA I,9 N.430",LBr 172 Bl. 5-6,5-6,True,4,84,13,heavy_revision,other,False,de,de,1.0,Abf.; Bibl.verm.: Consbruch,Consbruch (KorrespDB) (GND),Leibniz (GND),1693-12-13 (93-11-13)
12677,DE-611-HS-859639,"AA I,9 N.428",LBr 629 Bl. 20,20-20,True,2,37,1,light_revision,other,False,de,de,1.0,Abf.,Dransfeld (KorrespDB) (GND),Leibniz (GND),1693-12-13 (93-12-03)
12707,00068366,"AA I,15 N.009","LH 1, 8 Bl. 177",177-177,True,0,0,0,unknown,other,False,de,de,1.0,K mit einigen Streichgn & Erg.; Überschr. nachträgl. erg.,Leibniz (GND)Anton Ulrich,(Theologische Fakultät Helmstedt) (KorrespDB),1698-01-19
12715,DE-611-HS-957463,"AA I,9 N.409",LBr 46 Bl. 10-11,10-11,True,4,240,15,light_revision,partial,False,de,de,0.9911,"Abf., Papierverlust; eigh. Aufschr. mit Zusatz: avec un pacquet; Siegel herausgerissen","Behrens,C.B. (KorrespDB) (GND)",Leibniz (GND),1693-11-12 (93-11-02)
12728,,"AA I,11 N.303","Ms 4, 470 Bl. 27 (=46685)",,False,0,0,0,unknown,other,False,de,de,0.8308,"Abf., Erasmi",(ein Siebenbürger) (KorrespDB),Leibniz (GND),1695-05-14
12733,DE-611-HS-867195,"AA I,9 N.361",LBr 830 Bl. 6-7,6-7,True,4,190,15,light_revision,other,False,de,de,0.9716,Abf.,"Schrader,Chr. (KorrespDB)",Leibniz (GND),1693-08-17 (93-08-07)
12742,DE-611-HS-860223,"AA I,11 N.168",LBr 655 Bl. 169 (=K_7940),169-169,True,2,60,12,heavy_revision,other,False,mixed,de,0.5606,Abf.; Siegelrest,Leibniz (GND),Molanus (KorrespDB) (GND),1695-02
12756,,"AA I,10 N.302",Hannover NLA Hann. 153 Acc. 2018/55 Nr. 23 Bl. 14 (alt: NLB Bibliotheksakten A2 Bl. 33),,False,0,0,0,unknown,other,False,de,de,1.0,"Abf., quer","Förster,N. (KorrespDB) (GND)",Leibniz (GND),1694
12771,,"AA I,11 N.303","Ms 4, 470 Bl. 27 (=46686)",,False,0,0,0,unknown,other,False,de,de,0.8308,"Abschr., 9 Z.",(ein Siebenbürger) (KorrespDB),Leibniz (GND),1695-04
12774,00068811,"AA I,11 N.026","LH 23, 2, 20 Bl. 231r° (230-231=8518; 8517)",231-231,True,2,69,9,heavy_revision,other,False,de,de,0.9633,Konz. mit einigen Ändergn,Leibniz (GND),Reiche (KorrespDB) (GND),1695-04
12775,,"AA I,11 N.026","Hannover NLA Ms. Nr. 221 (alt: Ms. Q 16) Bl. 8-9 (Kriegsverlust, Foto erh.)",,False,0,0,0,unknown,partial,False,de,de,0.9633,"Abf.; eigh. Aufschr., Siegel",Leibniz (GND),Reiche (KorrespDB) (GND),1695-04
12785,DE-611-HS-859703,"AA I,14 N.469",LBr 636 Bl. 124,124-124,True,2,62,35,heavy_revision,partial,False,de,de,0.9949,"Abf., eigh. Aufschr., Siegel, Postverm., Bibl.verm.","Mencke,O. (KorrespDB) (GND)",Leibniz (GND),1697-12-11 (97-12-01)
12789,DE-611-HS-866403,"AA I,11 N.029",LBr 766 Bl. 31-32,31-32,True,4,203,8,heavy_revision,other,False,de,de,0.9943,Konz. mit mehr. Ändergn,Leibniz (GND),"Reinerding,J.Th. (KorrespDB) (GND)",1695-04-12 (95-04-02)
12806,DE-611-HS-859639,"AA I,11 N.487",LBr 629 Bl. 50-51,50-51,True,4,319,27,light_revision,partial,False,de,de,0.9722,"Abf.; eigh. Aufschr., Siegel","Meier,J. (KorrespDB) (GND)",Leibniz (GND),1695-10-06 (95-09-26)
12823,DE-611-HS-859639,"AA I,12 N.139",LBr 629 Bl. 66-67,66-67,True,4,136,2,light_revision,other,False,de,de,0.9688,Abf.; Bibl.verm.,"Meier,J. (KorrespDB) (GND)",Leibniz (GND),1695-12-05 (95-11-25)
12848,DE-611-HS-866812,"AA I,10 N.448",LBr 803 Bl. 1-2,1-2,True,4,136,16,light_revision,partial,False,de,de,0.9432,"Abf.; eigh. Aufschr., Siegelrest, Postverm.",Schatting (KorrespDB),Leibniz (GND),1694-12-19 (94-12-09)
12849,,"AA I,8 N.075","Ms 23, 47(1) Bl. 117",,False,0,0,0,unknown,other,False,de,de,1.0,Abf.,"Hugo,L. (KorrespDB) (GND)",Leibniz (GND),1692-12-29 (92-12-19)
12865,DE-611-HS-855579,"AA I,10 N.130",LBr 507 Bl. 5,5-5,True,2,45,11,heavy_revision,other,False,de,de,1.0,Abf.,"Mair,D. (KorrespDB)",Leibniz (GND),1694-01-21
12866,DE-611-HS-855579,"AA I,10 N.129",LBr 507 Bl. 4,4-4,True,2,42,14,light_revision,partial,False,de,de,0.963,"Abf.; eigh. Aufschr., Siegel",Kroniger (KorrespDB) (GND),Leibniz (GND),1694-01-21
12908,DE-611-HS-958766,"AA I,11 N.020",LBr 211 Bl. 2-3,2-3,True,4,151,32,heavy_revision,other,False,de,de,0.9918,Abf.,"Domeier,H.Chr. (KorrespDB) (GND)",Leibniz (GND),1695-02-15 (95-02-05)
12941,00068742,"AA I,10 N.002","LH 5, 3, 4 Bl. 15",15-15,True,2,19,9,light_revision,other,False,de,de,0.9919,"Reinschr.; 9 Zeilen, Bibl.verm.",Leibniz (GND),"Wolfenbüttel,Anton Ulrich v. (KorrespDB) (GND)",1694-01-03 (93-12-24)
12962,DE-611-HS-859703,"AA I,10 N.417",LBr 636 Bl. 92,92-92,True,2,58,23,heavy_revision,other,False,de,de,0.9725,Abf.,"Mencke,O. (KorrespDB) (GND)",Leibniz (GND),1694-10-26 (94-10-16)
12970,,"AA I,9 N.299",Hannover NLA Hann. 153 Acc. 2018/55 Nr. 32 Bl. 4 (alt: NLB Bibliotheksakten A2 Bl. 211),,False,0,0,0,unknown,partial,False,de,de,0.9596,"Abf., eigh. Aufschr., Siegel, Postverm.: 17","Mencke,O. (KorrespDB) (GND)",Leibniz (GND),1693-06-03 (93-05-24)
13046,00068799,"AA I,11 N.034","LH 23, 2, 11 Bl. 27r° (27v°-28=8384)",27-27,True,2,362,0,heavy_revision,partial,False,de,de,0.9535,"Abf.; eigh. Aufschr., Siegelrest",Reiche (KorrespDB) (GND),Leibniz (GND),1695-04
13048,00068540,"AA I,11 N.338","LH 41, 1 Bl. 10r°",10-10,True,2,159,32,heavy_revision,other,False,mixed,de,0.6497,Konz. mit zahlr. Ändergn,Leibniz (GND),"Schrader,J. (KorrespDB) (GND)",1695-06-09
13051,DE-611-HS-957463,"AA I,10 N.175",LBr 46 Bl. 19-20,19-20,True,4,150,12,heavy_revision,other,False,de,de,0.9732,Abf.; Siegelrest,"Behrens,C.B. (KorrespDB) (GND)",Leibniz (GND),1694-03-13 (94-03-03)
13060,DE-611-HS-971389,"AA I,11 N.127",LBr 291 Bl. 3-4,3-4,True,4,196,0,light_revision,partial,False,de,de,0.9891,"Abf.; eigh. Aufschr., Siegel",Fritsch (KorrespDB) (GND),Leibniz (GND),1695-01
13061,DE-611-HS-971389,"AA I,11 N.127",LBr 291 Bl. 3-4,3-4,True,4,196,32,light_revision,partial,False,de,de,0.9891,"Abf.; eigh. Aufschr., Siegel",Fritsch (KorrespDB) (GND),Leibniz (GND),1695-01
13077,DE-611-HS-866552,"AA I,11 N.137",LBr 792 Bl. 2,2-2,True,2,53,0,light_revision,partial,False,de,de,0.8889,"Abf.; eigh. Aufschr., Siegel",Rust (KorrespDB),Leibniz (GND),1695-01-23 (95-01-13)
13082,DE-611-HS-855461,"AA I,11 N.380",LBr 495 Bl. 1-2,1-2,True,4,243,35,light_revision,partial,False,de,de,0.9487,"Abf.& Aufschr., Schr.; eigh. Unterschr., Siegel",Korn (KorrespDB),Leibniz (GND),1695-07-13 (95-07-03)
13083,DE-611-HS-974429,"AA I,12 N.173","LBr 431 Bl. 11 (11r°/v° phot., betr. Schr.)",11-11,True,2,88,32,heavy_revision,partial,False,de,de,0.9874,"Ausz.aus:26285, L38 & eigh.",Leibniz (GND),Huldeberg (KorrespDB) (GND),1695-12-25 (95-12-15)
13084,00068808,"AA I,12 N.009","LH 23, 2, 17 Bl. 6-7",6-7,True,4,56,0,heavy_revision,partial,False,de,de,0.8824,"Abf.; eigh. Aufschr., Siegel",Reiche (KorrespDB) (GND),Leibniz (GND),1695-11
13089,DE-611-HS-970452,"AA I,12 N.242",LBr 348 Bl. 4,4-4,True,2,135,8,heavy_revision,other,False,de,de,1.0,Abf.; Bibl.verm.,Haberstroh (KorrespDB),Leibniz (GND),1696-01-29
13110,,"AA I,11 N.045",Wolfenbüttel HAB Cod. Guelf. 126.4 Extr. Bl. 96-105,,False,0,0,0,unknown,other,False,de,de,0.9831,"Abschr., Hardt",Leibniz (GND),"Wolfenbüttel,Anton Ulrich v. (KorrespDB) (GND)Wolfenbüttel,Rudolf August v. (KorrespDB) (GND)",1695-06-17 (95-06-07)
13121,00068818,"AA I,11 N.041","LH 23, 7 Bl. 26",26-26,True,2,34,12,heavy_revision,partial,False,de,de,0.9903,fragmnetar. Konzept mit eigh. Ändergn,Leibniz (GND),"Braunschweig-Lüneburg,Ernst August v. (KorrespDB) (GND)",1695-06
13122,00068070,"AA I,9 N.039","LH 35, 6, 25 Bl. 5v° (r° math. Aufz. von L)",5-5,True,2,398,35,light_revision,other,False,de,de,1.0,"Konz.-Fragm., 20x5,5cm, 9 durchstrichene Zeilen",Leibniz (GND),"Wolfenbüttel,Rudolf August v. (KorrespDB) (GND)",1693-06-30 (93-06-20)
13128,DE-611-HS-866668,"AA I,9 N.007",LBr 863 Bl. 19-20,19-20,True,4,243,0,heavy_revision,partial,False,de,de,1.0,"Abf.; eigh. Aufschr., Siegel, Postverm.: 12.",Sieverds (KorrespDB) (GND),Leibniz (GND),1693-01-02 (92-12-23)
13149,DE-611-HS-971097,"AA I,10 N.424",LBr 249 Bl. 1-2,1-2,True,4,267,29,light_revision,partial,False,de,de,0.9625,"Abf.; eigh. Aufschr., Siegel, Postverm.: di Cleinern",Faber (KorrespDB),Leibniz (GND),1694-11-02 (94-10-23)
13160,DE-611-HS-856294,"AA I,10 N.135",LBr 567 Bl. 21,21-21,True,2,61,5,heavy_revision,other,False,de,de,0.9609,Abf.,Linsingen (KorrespDB) (GND),Leibniz (GND),1694-01-28 (94-01-18)
13161,DE-611-HS-866403,"AA I,10 N.011",LBr 766 Bl. 19,19-19,True,2,56,3,light_revision,other,False,de,de,1.0,Abf.,"Reinerding,J.Th. (KorrespDB) (GND)",Leibniz (GND),1694-01-28 (94-01-18)
13269,DE-611-HS-974120,"AA I,10 N.170",LBr 425 Bl. 71-72,71-72,True,4,405,42,light_revision,partial,False,de,de,0.9465,"Abf.; eigh. Aufschr., Siegel, Postverm.: 3 [&] 6g; Bibl.verm.: Hornigk","Hörnigk,Ph.W. (KorrespDB) (GND)",Leibniz (GND),1694-03-06
13271,DE-611-HS-3616805,"AA I,10 N.446",LBr 79 Bl. 161-162,161-162,True,4,190,19,heavy_revision,partial,False,de,de,0.9574,"Abf.; eigh. Aufschr., Siegel herausgerissen; Postverm.: 4; Bibl.verm.: v.Bodenhausen zu Arnstein","Bodenhausen,W. (KorrespDB)",Leibniz (GND),1694-12-18 (94-12-08)
13272,,"AA I,10 N.239","Ms 41, 1814, 3 Bl. 42-43",,False,0,0,0,unknown,other,False,de,de,0.986,Abf.,Ammon (KorrespDB) (GND),Leibniz (GND),1694-04-30 (94-04-20)
13277,DE-611-HS-867479,"AA I,11 N.112",LBr 927 Bl. 29,29-29,True,2,85,7,heavy_revision,own,False,de,de,0.8077,"Abf., eigh.",Thurmann (KorrespDB) (GND),Leibniz (GND),1695-02-27
13315,DE-611-HS-868065,"AA I,11 N.286",LBr 995 Bl. 61-62 (62r°=6415),61-62,True,4,223,1,heavy_revision,partial,False,de,de,0.9841,"Abf., Schr.; eigh.(?) Aufschr., Siegel, Bibl.verm.","Weselow,A.El. (KorrespDB)",Leibniz (GND),1695-04-20
13351,DE-611-HS-971128,"AA I,14 N.032",LBr 263 Bl. 16,16-16,True,2,26,13,light_revision,other,False,de,de,0.9556,Abf.,Feller (KorrespDB) (GND),Leibniz (GND),1697-09-03 (97-08-24)
13364,DE-611-HS-859703,"AA I,9 N.446",LBr 636 Bl. 83,83-83,True,2,47,32,light_revision,partial,False,de,de,0.956,"Abf., eigh. Aufschr., Siegel, Postverm.: 1gg.","Mencke,O. (KorrespDB) (GND)",Leibniz (GND),1693-12-30 (93-12-20)
13370,DE-611-HS-971389,"AA I,11 N.164",LBr 291 Bl. 5-6,5-6,True,4,248,21,heavy_revision,partial,False,de,de,0.9892,Konz. mit Ändergn; eigh. Anschr.,Leibniz (GND),Fritsch (KorrespDB) (GND),1695-02-06 (95-01-27)
13371,,"AA I,11 N.164",,,False,0,0,0,unknown,other,False,de,de,0.9892,MF,Leibniz (GND),Fritsch (KorrespDB) (GND),1695-02-06
13376,DE-611-HS-859703,"AA I,11 N.471",LBr 636 Bl. 91,91-91,True,2,55,39,light_revision,other,False,de,de,0.9477,Abf.,"Mencke,O. (KorrespDB) (GND)",Leibniz (GND),1695-09-24 (95-09-14)
13401,00068196,"AA I,9 N.395","LH 35, 13, 1 Bl. 375v° (r° math.Unters.v.L, undat.)",375-375,True,2,72,7,heavy_revision,other,False,de,de,0.9762,Konz.,Leibniz (GND),"Bodenhausen,W. (KorrespDB)",1693-10-19 (93-10-09)
13405,DE-611-HS-855794,"AA I,9 N.474",LBr 544 Bl. 106-107,106-107,True,4,764,43,heavy_revision,partial,False,de,de,0.7574,"Abf.; eigh. Aufschr., Siegel","Leibniz,J.Fr. (KorrespDB) (GND)",Leibniz (GND),1693-10-24 (93-10-14)
13440,DE-611-HS-971128,"AA I,15 N.021",LBr 263 Bl. 44-45,44-45,True,4,115,14,heavy_revision,other,False,de,de,1.0,Abf.,Feller (KorrespDB) (GND),Leibniz (GND),1698-02-17 (98-02-07)
13459,DE-611-HS-3614216,"AA I,10 N.419",LBr 1006 Bl. 13-14,13-14,True,4,130,21,light_revision,partial,False,de,de,0.9569,"Abf.; eigh. Aufschr., Siegel",Winkelmann (KorrespDB) (GND),Leibniz (GND),1694-10-28 (94-10-18)
13462,DE-611-HS-971389,"AA I,10 N.421",LBr 291 Bl. 1-2,1-2,True,4,182,28,light_revision,partial,False,de,de,0.9351,"Abf.; eigh. Aufschr., Siegel, Postverm.: 1gg.",Fritsch (KorrespDB) (GND),Leibniz (GND),1694-10-29 (94-10-19)
13466,,"AA I,12 N.010","Hannover NLA Cal.Br. 11, 1144 Bl. 84-87",,False,0,0,0,unknown,partial,False,de,de,1.0,Schr.& eigh.,Leibniz (GND),Hannover (Geh.Räte) (KorrespDB),1695-11
13488,DE-611-HS-974429,"AA I,12 N.234",LBr 431 Bl. 12-13,12-13,True,4,144,10,light_revision,other,False,de,de,0.9797,Abf.,Huldeberg (KorrespDB) (GND),Leibniz (GND),1696-01-25 (96-01-15)
13517,DE-611-HS-959288,"AA I,12 N.328",LBr 82 Bl. 23-24,23-24,True,4,72,10,heavy_revision,partial,False,de,de,0.9167,"Abf., eigh. Aufschr., Siegel","Böhmer,J.Chr. (KorrespDB) (GND)",Leibniz (GND),1696-03
13529,DE-611-HS-859639,"AA I,10 N.290",LBr 629 Bl. 33,33-33,True,2,56,7,heavy_revision,other,False,de,de,0.991,Abf.,"Meier,J. (KorrespDB) (GND)",Leibniz (GND),1694-06-21 (94-06-11)
13545,DE-611-HS-3614216,"AA I,12 N.223",LBr 1006 Bl. 18-19 (19r°=7611),18-19,True,4,136,1,heavy_revision,other,False,de,de,0.9412,"Abf.; Aufschr. von Schr.Hd, Siegel",Winkelmann (KorrespDB) (GND),Leibniz (GND),1696-01-19 (96-01-09)
13546,DE-611-HS-3614216,"AA I,12 N.326",LBr 1006 Bl. 18-19 (= 7610),18-19,True,4,136,0,heavy_revision,partial,False,de,de,1.0,Konz. mit einigen eigh. Ändergn,Leibniz (GND),Winkelmann (KorrespDB) (GND),1696-02
13547,DE-611-HS-866403,"AA I,12 N.031",LBr 766 Bl. 47,47-47,True,2,73,10,heavy_revision,other,False,de,de,1.0,Abf.,"Reinerding,J.Th. (KorrespDB) (GND)",Leibniz (GND),1696-01-20 (96-01-10)
13576,DE-611-HS-958556,"AA I,10 N.186",LBr 172 Bl. 3,3-3,True,2,87,4,heavy_revision,other,False,de,de,0.9778,"Konz., zahlr. stilist., sachl. unerhebl. Korr.",Leibniz (GND),Consbruch (KorrespDB) (GND),1694-03-22
13590,DE-611-HS-958599,"AA I,11 N.063",LBr 195 Bl. 37,37-37,True,2,28,5,light_revision,other,False,de,de,1.0,Abf.,Dannenberg (KorrespDB),Leibniz (GND),1695-08-26 (95-08-16)
13603,DE-611-HS-958766,"AA I,11 N.365",LBr 211 Bl. 14-15,14-15,True,4,250,5,heavy_revision,partial,False,de,de,0.8974,"Abf.; eigh. Aufschr., Siegel","Domeier,Chr.P. (KorrespDB)",Leibniz (GND),1695-07-04 (95-06-24)
13611,DE-611-HS-3614216,"AA I,10 N.318",LBr 1006 Bl. 8-9,8-9,True,4,134,13,light_revision,other,False,de,de,0.9263,"Abf.; Aufschr. von Schr.Hd, Siegel",Winkelmann (KorrespDB) (GND),Leibniz (GND),1694-07-25 (94-07-15)
13623,,"AA I,12 N.434",Hannover NLA Hann. 153 Acc. 2018/55 Nr. 80 Bl. 37 (alt: NLB Bibliotheksakten A6 Bl. 41),,False,0,0,0,unknown,own,False,de,de,1.0,"Abf.,nur PS.,7½ Z.,eigh.,LNot.","Mencke,O. (KorrespDB) (GND)",Leibniz (GND),1696-07
13632,DE-611-HS-974429,"AA I,12 N.152",LBr 431 Bl. 5-8 (=26286),5-8,True,8,914,86,heavy_revision,other,False,de,de,0.9823,Abf.,Huldeberg (KorrespDB) (GND),Leibniz (GND),1695-12-14 (95-12-04)
13638,DE-611-HS-855484,"AA I,10 N.013",LBr 489 Bl. 5,5-5,True,2,36,2,light_revision,other,False,de,de,1.0,Abf.,Kölbing (KorrespDB),Leibniz (GND)Reimers (KorrespDB),1694-02-19 (94-02-09)
13644,DE-611-HS-957463,"AA I,11 N.399",LBr 46 Bl. 30-31,30-31,True,4,154,24,light_revision,partial,False,de,de,0.9333,"Abf.; eigh. Aufschr., Siegelrest","Behrens,C.B. (KorrespDB) (GND)",Leibniz (GND),1695-07-25 (95-07-15)
13648,,"AA I,11 N.032",Hannover NLA Hann. 153 Acc. 2004/107 Nr. 1 (alt: NLB Bibliotheksakten A6 Bl. 141-142),,False,0,0,0,unknown,partial,False,de,de,0.9688,"1.Konz., Reimer auf Bl.141r°oben, mit eigh. Ändergn von L'Hd 2.Konz., eigh.auf Bl.141r°unten+3 Z.v°",Leibniz (GND),"Wolfenbüttel,Anton Ulrich v. (KorrespDB) (GND)",1695-04-24
13653,DE-611-HS-867479,"AA I,9 N.407",LBr 927 Bl. 1-2,1-2,True,4,484,22,heavy_revision,other,False,de,de,0.922,Abf.,Thurmann (KorrespDB) (GND),Leibniz (GND),1693-11-10 (93-10-31)
13677,00068811,"AA I,11 N.026","LH 23, 2, 20 Bl. 230v° (230-231=8517; 8514)",230-230,True,2,69,0,heavy_revision,other,False,de,de,0.9633,"Konz., nicht vollend., durchgestr.",Leibniz (GND),Reiche (KorrespDB) (GND),1695-04
13693,00068368,"AA I,11 N.260","LH 1, 10 Bl. 94-95",94-95,True,4,291,50,light_revision,partial,False,mixed,de,0.525,"Abf.; eigh. Aufschr., Siegel",Molanus (KorrespDB) (GND),Leibniz (GND),1695-04-03 (95-03-24)
13723,00068368,"AA I,11 N.206","LH 1, 10 Bl. 197-198",197-198,True,4,306,16,heavy_revision,partial,False,de,de,0.9371,"Ausz. aus d.nicht gefund. Abf., Schr.; Überschr. & einige Ändergn eigh.",Leibniz (GND),"Eyben,H.v. (KorrespDB) (GND)",1695-03-03 (95-02-21)
13726,DE-611-HS-974436,"AA I,11 N.207",LBr 435 Bl. 9.11.10,9-9,True,2,94,12,heavy_revision,other,False,de,de,1.0,"Abf., Bibl.verm.",Huthmann (KorrespDB) (GND),Leibniz (GND),1695-03-03 (95-02-21)
13730,DE-611-HS-866668,"AA I,12 N.024",LBr 863 Bl. 38-39,38-39,True,4,200,1,heavy_revision,partial,False,de,de,0.7647,"Abf.; eigh. Aufschr., Siegel, Postverm.",Sieverds (KorrespDB) (GND),Leibniz (GND),1695-12-26 (95-12-16)
13753,DE-611-HS-866668,"AA I,11 N.085",LBr 863 Bl. 36-37,36-37,True,4,253,19,heavy_revision,partial,False,de,de,0.9727,"Abf.; eigh. Aufschr., doppeltes Siegel, Postverm.",Sieverds (KorrespDB) (GND),Leibniz (GND),1695-10-07 (95-09-27)
13782,DE-611-HS-3614216,"AA I,10 N.456",LBr 1006 Bl. 15-16,15-16,True,4,80,12,light_revision,other,False,de,de,0.9658,"Abf.; Aufschr. von Schr.Hd, Siegel",Winkelmann (KorrespDB) (GND),Leibniz (GND),1694-12-30 (94-12-20)
13792,00068539,"AA I,11 N.120",LH 40 Bl. 23a-23b,23-23,True,2,132,0,heavy_revision,other,False,de,de,0.9817,Aufz. mit Ändergn,Leibniz (GND),"Danckelmann,E. (KorrespDB) (GND)",1695-01
13829,DE-611-HS-970495,"AA I,12 N.439",LBr 366 Bl. 87,87-87,True,2,35,11,light_revision,other,False,mixed,de,0.5333,Abf.,"Hardt,H.v.d. (KorrespDB) (GND)",Leibniz (GND),1696-07-06 (96-06-26)
13830,DE-611-HS-974089,"AA I,12 N.440",LBr 407 Bl. 14-15,14-15,True,4,180,20,heavy_revision,partial,False,mixed,de,0.587,"Abf., eigh. Aufschr., Siegel, Postverm.","Hinüber,J.M. (KorrespDB) (GND)",Leibniz (GND),1696-07-07 (96-06-27)
13836,DE-611-HS-861516,"AA I,10 N.440",LBr 717 Bl. 41-42,41-42,True,4,160,5,heavy_revision,partial,False,de,de,0.9869,"Abf.; eigh. Aufschr., Siegel",Paullini (KorrespDB) (GND),Leibniz (GND),1694-12-10 (94-11-30)
13854,DE-611-HS-862272,"AA I,11 N.018",LBr 762 Bl. 2,2-2,True,2,36,3,light_revision,other,False,de,de,1.0,Abf.,Reiche (KorrespDB) (GND),Leibniz (GND),1695-02-07 (95-01-28)
13859,DE-611-HS-957463,"AA I,11 N.165",LBr 46 Bl. 25-26,25-26,True,4,207,33,light_revision,partial,False,de,de,0.9429,"Abf.; eigh. Aufschr., Siegelrest; geringer Textverlust; Postverm.: Francó","Behrens,C.B. (KorrespDB) (GND)",Leibniz (GND),1695-02-08 (95-01-29)
13864,00068808,"AA I,12 N.019","LH 23, 2, 17 Bl. 2r° (1=8418)",2-2,True,2,74,6,heavy_revision,partial,False,de,de,0.9643,Konz. mit mehreren eigh. Ändergn von L,Leibniz (GND),Reiche (KorrespDB) (GND),1695-11
13867,DE-611-HS-859703,"AA I,12 N.109",LBr 636 Bl. 94,94-94,True,2,31,11,heavy_revision,partial,False,de,de,1.0,"Abf., 21,5x20cm; eigh. Aufschr., Siegel, Postverm.: 1gg; Bibl.verm.","Mencke,O. (KorrespDB) (GND)",Leibniz (GND),1695-11-16 (95-11-06)
13875,DE-611-HS-957267,"AA I,11 N.357",LBr 10 Bl. 129,129-129,True,2,80,0,heavy_revision,other,False,de,de,0.9538,"Abschr., Schr.; Bl.129r° v.unbek.Hd: Alberti","Alvensleben,C.A. (KorrespDB) (GND)",Leibniz (GND),1695-06-30
13876,DE-611-HS-957267,"AA I,11 N.357",LBr 10 Bl. 129,129-129,True,2,80,11,heavy_revision,other,False,de,de,0.9538,"Abschr., Schr.; Bl.129r° v.unbek.Hd: Alberti","Alvensleben,C.A. (KorrespDB) (GND)",Leibniz (GND),1695-06-30
13918,DE-611-HS-859639,"AA I,11 N.509",LBr 629 Bl. 62-63,62-63,True,4,202,6,light_revision,other,False,de,de,1.0,Abf.; Bibl.verm.,"Meier,J. (KorrespDB) (GND)",Leibniz (GND),1695-10-17 (95-10-07)
13943,DE-611-HS-866668,"AA I,11 N.081",LBr 863 Bl. 34-35,34-35,True,4,348,41,heavy_revision,other,False,de,de,0.997,Abf.; Bibl.verm.,Sieverds (KorrespDB) (GND),Leibniz (GND),1695-09-27 (95-09-17)
13953,DE-611-HS-866785,"AA I,12 N.004",LBr 878 Bl. 3 (4r°=9675),3-3,True,2,103,3,heavy_revision,partial,False,de,de,0.9916,"Abf., eigh. Aufschr., Siegel",Specht (KorrespDB) (GND),Leibniz (GND),1695-11-09 (95-10-30)
13954,,"AA I,11 N.003",Wolfenbüttel StA 37 Alt 391,,False,0,0,0,unknown,other,False,de,de,0.9593,Abf.; nur 2 Ändergn. Verm. v.unbek.Hd.: ad.24.Xbr.1694.,Leibniz (GND),Wolfenbüttel (Geh.Räte) (KorrespDB),1695-01-03 (94-12-24)
13964,00068810,"AA I,11 N.049","LH 23, 2, 19 Bl. 11-12",11-12,True,4,424,36,heavy_revision,partial,False,de,de,0.9919,Konz. mit zahlr. eigh. Ändergn,Leibniz (GND),"Bussche,A.Ph. (KorrespDB) (GND)",1695-06
13984,DE-611-HS-866403,"AA I,11 N.025",LBr 766 Bl. 33-34,33-34,True,4,449,5,heavy_revision,other,False,de,de,1.0,Abf.,"Reinerding,J.Th. (KorrespDB) (GND)",Leibniz (GND),1695-03-22 (95-03-12)
13985,DE-611-HS-859703,"AA I,11 N.238",LBr 636 Bl. 90,90-90,True,2,34,18,light_revision,partial,False,de,de,1.0,"Abf.; eigh. Aufschr., Siegel, Postverm.: 1gg.","Mencke,O. (KorrespDB) (GND)",Leibniz (GND),1695-03-23 (95-03-13)
13987,DE-611-HS-855794,"AA I,12 N.323",LBr 544 Bl. 137,137-137,True,2,60,9,heavy_revision,other,False,de,de,1.0,Konz. mit einigen Ändergn,Leibniz (GND),"Leibniz,A.E. (KorrespDB) (GND)",1696-03-30 (96-03-20)
13998,DE-611-HS-856294,"AA I,11 N.138",LBr 567 Bl. 24,24-24,True,2,30,4,heavy_revision,other,False,de,de,1.0,Ausz.aus:25872,Leibniz (GND),Linsingen (KorrespDB) (GND),1695-01-24 (95-01-14)
14013,DE-611-HS-862272,"AA I,10 N.049",LBr 762 Bl. 1,1-1,True,2,40,7,light_revision,other,False,de,de,0.9677,Abf.,Reiche (KorrespDB) (GND),Leibniz (GND),1694-08-24 (94-08-14)
14036,DE-611-HS-959288,"AA I,12 N.330",LBr 82 Bl. 34,34-34,True,2,31,5,heavy_revision,other,False,de,de,1.0,Abf.,"Böhmer,J.Chr. (KorrespDB) (GND)",Leibniz (GND),1696-04
14073,DE-611-HS-957858,"AA I,15 N.164",LBr 139 Bl. 2r° (1-2=14262.14271),2-2,True,2,126,0,heavy_revision,other,False,de,de,0.9561,Ausz. aus d.nicht gefund. Abf.,Leibniz (GND),Calixt (KorrespDB) (GND),1698-01
14078,DE-611-HS-859639,"AA I,12 N.206",LBr 629 Bl. 70-71,70-71,True,4,264,5,heavy_revision,other,False,de,de,0.9932,Abf.; Bibl.verm.,"Meier,J. (KorrespDB) (GND)",Leibniz (GND),1696-01-09 (95-12-30)
14109,DE-611-HS-855579,"AA I,10 N.126",LBr 507 Bl. 1-3,1-3,True,6,332,39,heavy_revision,partial,False,de,de,0.9835,Abf.; eigh. Aufschr.: Postverm.: 1gg. Mit einigen Anstreichgn,Kroniger (KorrespDB) (GND),Leibniz (GND),1694-01-18
14110,DE-611-HS-868291,"AA I,10 N.125",LBr 1028 Bl. 25-26,25-26,True,4,115,21,light_revision,other,False,de,de,1.0,Abf.; Schr.,Zunner (KorrespDB) (GND),Leibniz (GND),1694-01-18 (94-01-08)
14135,DE-611-HS-856294,"AA I,11 N.268",LBr 567 Bl. 25-26,25-26,True,4,262,19,light_revision,partial,False,de,de,0.957,"Abf., eigh. Aufschr., Siegel, Postverm.: 6gg; Bibl.verm.",Linsingen (KorrespDB) (GND),Leibniz (GND),1695-04-13
14141,DE-611-HS-856297,"AA I,11 N.095",LBr 569 Bl. 10,10-10,True,2,44,5,light_revision,other,False,de,de,1.0,"Abf., Zettel 106x197mm, 7 Z.",Lipper (KorrespDB) (GND),Leibniz (GND),1695
14142,DE-611-HS-856297,"AA I,11 N.095",LBr 569 Bl. 10,10-10,True,2,44,0,light_revision,other,False,de,de,1.0,"Abf., Zettel 106x197mm, 7 Z.",Lipper (KorrespDB) (GND),Leibniz (GND),1695
14173,DE-611-HS-971097,"AA I,11 N.147",LBr 249 Bl. 4-5,4-5,True,4,150,24,light_revision,other,False,de,de,0.9808,Abf.; 4r°oben links L: wegen Knaben; Bibl.verm.,Faber (KorrespDB),Leibniz (GND),1695-01-29 (95-01-19)
14187,,"AA I,12 N.007","Ms 23, 369 Bl. 1-2",,False,0,0,0,unknown,partial,False,de,de,0.9714,Konz. mit eigh. Ändergn von L,Leibniz (GND),"Hugo,L. (KorrespDB) (GND)",1695-11-26
14222,DE-611-HS-960234,"AA I,10 N.322",LBr 248 Bl. 73-74,73-74,True,4,228,61,heavy_revision,other,False,de,de,0.8916,"Abf., Schreiber","Eyben,H.v. (KorrespDB) (GND)",Leibniz (GND),1694-07-27 (94-07-17)
14226,DE-611-HS-866668,"AA I,11 N.050",LBr 863 Bl. 30-31,30-31,True,4,299,4,heavy_revision,partial,False,mixed,de,0.625,"Abf.; eigh. Aufschr., Siegel, Postverm.",Sieverds (KorrespDB) (GND),Leibniz (GND),1695-07-01 (95-06-21)
14238,DE-611-HS-867759,"AA I,11 N.441",LBr 946 Bl. 4-5,4-5,True,4,195,13,heavy_revision,partial,False,de,de,0.9167,"Abf.; eigh. Aufschr., Siegel, Postverm.: franco; Bibl.verm.",Uhlich (KorrespDB) (GND),Leibniz (GND),1695-08-29 (95-08-19)
14250,00068799,"AA I,11 N.030","LH 23, 2, 11 Bl. 7-8",7-8,True,4,32,5,light_revision,partial,False,de,de,0.8667,"Abf.; eigh. Aufschr., Siegel",Reiche (KorrespDB) (GND),Leibniz (GND),1695-04
14273,DE-611-HS-974436,"AA I,11 N.502",LBr 435 Bl. 23-24,23-24,True,4,112,5,light_revision,other,False,de,de,0.9556,"Abf., undat.",Huthmann (KorrespDB) (GND),Reimers (KorrespDB),1695-10
14275,,"AA I,12 N.007","Ms 23, 276 Bl. 2",,False,0,0,0,unknown,partial,False,de,de,0.9714,Konz. mit eigh. Bemerkgn von L; Textverlust durch Beschädigg,Leibniz (GND),"Hugo,L. (KorrespDB) (GND)",1695-11
14287,DE-611-HS-958599,"AA I,10 N.007",LBr 195 Bl. 28-29,28-29,True,4,120,1,light_revision,own,False,de,de,1.0,"MF, eigh.",Dannenberg (KorrespDB),Leibniz (GND),1694-01-17 (94-01-07)
14293,DE-611-HS-861516,"AA I,11 N.143",LBr 717 Bl. 45-46 (46v°=5448),45-46,True,4,255,6,heavy_revision,partial,False,de,de,0.9839,"Abf.; eigh. Aufschr., Siegel, Bibl.verm.",Paullini (KorrespDB) (GND),Leibniz (GND),1695-01-26 (95-01-16)
14318,DE-611-HS-866785,"AA I,12 N.002",LBr 878 Bl. 1-2,1-2,True,4,242,12,heavy_revision,partial,False,de,de,0.9912,Konz. m.eigh. Ändergn; Bibl.verm.,Leibniz (GND),Specht (KorrespDB) (GND),1695-11-07
14326,DE-611-HS-3614216,"AA I,12 N.150",LBr 1006 Bl. 17,17-17,True,2,32,10,light_revision,other,False,de,de,0.9783,Abf.; Bibl.verm.,Winkelmann (KorrespDB) (GND),Leibniz (GND),1695-12-14 (95-12-04)
14347,DE-611-HS-959328,"AA I,11 N.248",LBr 84 Bl. 106-107,106-107,True,6,519,10,heavy_revision,partial,False,de,de,0.9826,"Abf.; eigh. Aufschr.; Siegel, Postverm.: 6gg.",Linsingen (KorrespDB) (GND),Leibniz (GND),1695-03-30
14371,DE-611-HS-957463,"AA I,11 N.347",LBr 46 Bl. 27-28,27-28,True,4,190,18,light_revision,other,False,de,de,0.9542,Abf.,"Behrens,C.B. (KorrespDB) (GND)",Leibniz (GND),1695-06-20 (95-06-10)
14414,DE-611-HS-974089,"AA I,12 N.372",LBr 407 Bl. 9-10,9-10,True,4,179,1,light_revision,partial,False,mixed,de,0.5556,"Abf., eigh. Aufschr., Siegel","Hinüber,J.M. (KorrespDB) (GND)",Leibniz (GND),1696-05-08 (96-04-28)
14417,DE-611-HS-867148,"AA I,12 N.016",LBr 818 Bl. 35-36 (36r°=K_8004),35-36,True,4,279,10,heavy_revision,other,False,de,de,0.9898,Konz. mit zahlr. Ändergn,Leibniz (GND),Hannover (Geh.Räte) (KorrespDB),1695-11-22
14420,DE-611-HS-958766,"AA I,12 N.001",LBr 211 Bl. 6-7,6-7,True,4,126,1,heavy_revision,other,False,de,de,0.8897,Abf.,"Domeier,H.Chr. (KorrespDB) (GND)",Leibniz (GND),1695-11-01 (95-10-22)
14444,,"AA I,11 N.138",,,False,0,0,0,unknown,other,False,de,de,1.0,MF,Leibniz (GND),Linsingen (KorrespDB) (GND),1695-01-24
14467,DE-611-HS-856297,"AA I,11 N.210",LBr 569 Bl. 1-2,1-2,True,4,172,29,light_revision,partial,False,de,de,0.9877,"Abf.; eigh. Aufschr., Papiersiegel",Lipper (KorrespDB) (GND),Leibniz (GND),1695-03-06 (95-02-24)
14469,DE-611-HS-958803,"AA I,11 N.216","LBr 57, 1 Bl. 16v° (r°-v°=45211)",16-16,True,2,52,0,heavy_revision,other,False,de,de,0.9444,"Konz., fragm., durch 2 Längsstriche verworfen",Leibniz (GND),Lipper (KorrespDB) (GND),1695-03
14470,DE-611-HS-959328,"AA I,11 N.202",LBr 84 Bl. 104-105,104-105,True,8,754,8,heavy_revision,partial,False,de,de,0.9565,"Abf.; eigh. Aufschr., Postverm.: 6gg.",Linsingen (KorrespDB) (GND),Leibniz (GND),1695-03-01
14489,DE-611-HS-868065,"AA I,11 N.306",LBr 995 Bl. 62r° (61.62v°=6414),62-62,True,2,111,2,heavy_revision,partial,False,de,de,1.0,"Konz.; eigh. Anschr., zahlr. Ändergn",Leibniz (GND),"Weselow,A.El. (KorrespDB)",1695-05-03
14496,DE-611-HS-860223,"AA I,11 N.433",LBr 655 Bl. 8-9,8-9,True,4,224,60,light_revision,other,False,de,de,1.0,Abf. mit geringfüg. Ändergn; Bbl.verm.,Leibniz (GND),Molanus (KorrespDB) (GND),1695-08-23 (95-08-13)
14497,DE-611-HS-860223,"AA I,11 N.433",LBr 655 Bl. 8-9,8-9,True,4,224,0,light_revision,other,False,de,de,1.0,Abf. mit geringfüg. Ändergn; Bbl.verm.,Leibniz (GND),Molanus (KorrespDB) (GND),1695-08-23
14508,DE-611-HS-959328,"AA I,11 N.279",LBr 84 Bl. 1-2,1-2,True,8,323,21,heavy_revision,partial,False,de,de,1.0,Konz. mit eigh.Ändergn,Leibniz (GND),Linsingen (KorrespDB) (GND),1695-04
14509,,"AA I,11 N.279",,,False,0,0,0,unknown,other,False,de,de,1.0,MF,Leibniz (GND),Linsingen (KorrespDB) (GND),1695-04
14514,00068811,"AA I,11 N.026","LH 23, 2, 20 Bl. 230r° (230-231=8518; 8514)",230-230,True,2,69,31,heavy_revision,other,False,de,de,0.9633,"Konz. mit einigen Ändergn, durchgestr.",Leibniz (GND),Reiche (KorrespDB) (GND),1695-04
14531,DE-611-HS-859639,"AA I,10 N.296",LBr 629 Bl. 40-41,40-41,True,4,410,15,heavy_revision,own,False,de,de,0.9975,"MF, eigh.","Meier,J. (KorrespDB) (GND)",Leibniz (GND),1694-06-28 (94-06-18)
14546,,"AA I,11 N.061",Hannover NLA Hann. 153 Acc. 2004/107 Nr. 5 Bl. (alt: NLB Bibliotheksakten A7 Bl. 90-91,,False,0,0,0,unknown,partial,False,de,de,1.0,"Abf.; eigh. Aufschr., Siegel",Vollmar (KorrespDB),Leibniz (GND),1695-08-19 (95-08-09)
14583,00068808,"AA I,12 N.018","LH 23, 2, 17 Bl. 1-2 (2=8419)",1-2,True,4,148,0,heavy_revision,partial,False,de,de,0.9231,"Abf., eigh. Aufschr., Siegel",Reiche (KorrespDB) (GND),Leibniz (GND),1695-11
14599,,"AA I,11 N.491",,,False,0,0,0,unknown,other,False,de,de,0.9615,Konz.,Leibniz (GND),"Meier,J. (KorrespDB) (GND)",1695-10-09
14600,DE-611-HS-859639,"AA I,11 N.491","LBr 629 Bl. 53-54 (53r° phot., betr. Schr.)",53-54,True,4,301,36,heavy_revision,other,False,de,de,0.9615,"Diktatniederschr.(?), Schr. (L45), mit zahlr. Ändergn von L",Leibniz (GND),"Meier,J. (KorrespDB) (GND)",1695-10-09 (95-09-29)
14601,DE-611-HS-859639,"AA I,11 N.491","LBr 629 Bl. 48-49 (48v° phot., betr. Schr.)",48-49,True,4,235,46,heavy_revision,other,False,de,de,0.9615,"Abschr. von 8676, Schr. (L45) mit Änderg von L",Leibniz (GND),"Meier,J. (KorrespDB) (GND)",1695-10-09 (95-09-29)
14602,,"AA I,11 N.491",,,False,0,0,0,unknown,other,False,de,de,0.9615,MF,Leibniz (GND),"Meier,J. (KorrespDB) (GND)",1695-10-09 (95-09-29)
14607,,"AA I,12 N.249",Hannover NLA Hann. 153 Acc. 2018/55 Nr. 72 Bl. 52 (alt: NLB Bibliotheksakten A3 Bl. 184),,False,0,0,0,unknown,other,False,de,de,1.0,Abf.,"Förster,N. (KorrespDB) (GND)",Leibniz (GND),1696-01
14626,DE-611-HS-960234,"AA I,11 N.118",LBr 248 Bl. 84-85 (85v°=6592),84-85,True,4,276,16,heavy_revision,partial,False,de,de,0.9441,"Abf., Schr.; eigh. Unterschr. & P.S.; Bibl.verm.","Eyben,H.v. (KorrespDB) (GND)",Leibniz (GND),1695-01-14 (95-01-04)
14633,DE-611-HS-859639,"AA I,12 N.148",LBr 629 Bl. 68,68-68,True,2,51,1,heavy_revision,other,False,de,de,0.9718,Abf.,"Meier,J. (KorrespDB) (GND)",Leibniz (GND),1695-12-12 (95-12-02)
14719,DE-611-HS-859703,"AA I,11 N.191",LBr 636 Bl. 89,89-89,True,2,44,19,light_revision,own,False,de,de,0.9351,"Abf.; eigh. , 20x16,5cm; Aufschr., Siegel, Postverm.: 1gg.","Mencke,O. (KorrespDB) (GND)",Leibniz (GND),1695-02-23 (95-02-13)
14746,DE-611-HS-971169,"AA I,12 N.381",LBr 277 Bl. 7,7-7,True,2,104,16,heavy_revision,partial,False,de,de,0.9737,Konz. mit eigh. Ändergn; eigh. Anschr.,Leibniz (GND),"Förster,N. (KorrespDB) (GND)",1696-05-16 (96-05-06)
14767,DE-611-HS-971097,"AA I,12 N.209",LBr 249 Bl. 6-7,6-7,True,4,132,12,light_revision,other,False,de,de,0.9871,Abf.; Bibl.verm.,Faber (KorrespDB),Leibniz (GND),1696-01-10 (95-12-31)
14787,DE-611-HS-859703,"AA I,12 N.142",LBr 636 Bl. 98,98-98,True,2,47,19,heavy_revision,other,False,de,de,0.9296,"Abf., Noti von L'Hd; am Rand & unter d.Text Nebenrechgn von L'Hd","Mencke,O. (KorrespDB) (GND)",Leibniz (GND),1695-12-07 (95-11-27)
14788,DE-611-HS-970452,"AA I,12 N.093",LBr 348 Bl. 3,3-3,True,2,93,9,heavy_revision,other,False,de,de,0.9824,Abf.,Haberstroh (KorrespDB),Leibniz (GND),1695-11-04
14804,DE-611-HS-958006,"AA I,11 N.494",LBr 150 Bl. 43-44,43-44,True,4,57,0,light_revision,partial,False,mixed,de,0.5556,"Abf.; eigh. Aufschr., Siegel, Postverm.: 29","Chappuzeau,Chr. (KorrespDB)",Leibniz (GND),1695-10-10 (95-09-30)
14845,DE-611-HS-866403,"AA I,11 N.028",LBr 766 Bl. 28-29,28-29,True,4,399,8,heavy_revision,partial,False,de,de,0.913,"Abf.; eigh. Aufschr., Siegel, Postverm.","Reinerding,J.Th. (KorrespDB) (GND)",Leibniz (GND),1695-04-09 (95-03-30)
14869,DE-611-HS-867477,"AA I,11 N.203",LBr 926 Bl. 10-11,10-11,True,4,339,20,heavy_revision,other,False,de,de,0.9858,Abf.; Bibl.verm.,Thülemarius (KorrespDB) (GND),Leibniz (GND),1695-03-01 (95-03-19)
14879,DE-611-HS-867251,"AA I,14 N.156",LBr 849 Bl. 6-7,6-7,True,4,228,22,heavy_revision,other,False,de,de,0.9272,Abf.,Schwachheim (KorrespDB) (GND),Leibniz (GND),1697-06-16 (97-06-06)
14883,DE-611-HS-971097,"AA I,11 N.150",LBr 249 Bl. 3,3-3,True,2,23,8,light_revision,other,False,de,de,0.9286,Abf.,Faber (KorrespDB),Leibniz (GND),1695-01-31 (95-01-21)
14886,00068371,"AA I,11 N.045","LH 1, 12, 2 Bl. 105v° (r°=K_3737)",105-105,True,2,171,20,heavy_revision,partial,False,de,de,0.9831,"Fragm. e. verworf. Abf. (?), Domeier mit Ändergn; Unterschr. & Dat. von L eigh.",Leibniz (GND),"Wolfenbüttel,Rudolf August v. (KorrespDB) (GND)",1695-06-16 (95-06-06)
14898,,"AA I,12 N.395","Kapp, Sammlung, 1745, S. 7-8",,False,0,0,0,unknown,other,False,de,de,0.9398,Erstdr. nach d.nicht gefund. Abf.,Leibniz (GND),"Mencke,O. (KorrespDB) (GND)",1696-05
14917,DE-611-HS-867148,"AA I,12 N.060",LBr 818 Bl. 51-52,51-52,True,4,205,7,heavy_revision,other,False,de,de,1.0,Abf.,Reimers (KorrespDB),Leibniz (GND),1696-05-11 (96-05-01)
14936,DE-611-HS-974436,"AA I,11 N.335",LBr 435 Bl. 12-13,12-13,True,4,110,16,light_revision,partial,False,de,de,0.9545,"Abf., eigh. Aufschr., Siegel, Bibl.verm.",Huthmann (KorrespDB) (GND),Leibniz (GND),1695-06-08 (95-05-29)
14957,DE-611-HS-957463,"AA I,10 N.454",LBr 46 Bl. 23-24,23-24,True,4,190,21,light_revision,partial,False,de,de,0.9265,"Abf.; eigh. Aufschr., Siegelrest, Postverm.: 8","Behrens,C.B. (KorrespDB) (GND)",Leibniz (GND),1694-12-28 (94-12-18)
14964,DE-611-HS-971383,"AA I,10 N.169",LBr 288 Bl. 23-25,23-25,True,6,931,0,heavy_revision,other,False,de,de,0.9867,Abf.; Bibl.verm.: Friese,Friese (KorrespDB) (GND),Leibniz (GND),1694-03-06 (94-02-24)
14965,DE-611-HS-971383,"AA I,10 N.169",LBr 288 Bl. 23-25,23-25,True,6,931,17,heavy_revision,other,False,de,de,0.9867,Abf.; Bibl.verm.: Friese,Friese (KorrespDB) (GND),Leibniz (GND),1694-03-06 (94-02-24)
14989,00068803,"AA I,11 N.013","LH 23, 2, 15 Bl. 1-2",1-2,True,4,254,53,heavy_revision,other,False,de,de,0.9962,Konz. mit einigen Ändergn,Leibniz (GND),"Braunschweig-Lüneburg,Ernst August v. (KorrespDB) (GND)",1695-01
15016,DE-611-HS-974436,"AA I,11 N.407",LBr 435 Bl. 16-17,16-17,True,4,135,11,light_revision,partial,False,de,de,0.9412,"Abf.; eigh. Aufschr., Siegel, Bibl.verm.",Huthmann (KorrespDB) (GND),Leibniz (GND),1695-07-26
15030,DE-611-HS-859703,"AA I,14 N.099",LBr 636 Bl. 120,120-120,True,2,26,9,light_revision,other,False,de,de,0.95,Abf.,"Mencke,O. (KorrespDB) (GND)",Leibniz (GND),1697-05-11 (97-05-01)
15039,00068804,"AA I,12 N.027","LH 23, 2, 16 Bl. 5-6",5-6,True,4,438,27,heavy_revision,other,False,de,de,0.9948,Konz. mit einigen Ändergn,Leibniz (GND),"Braunschweig-Lüneburg,Ernst August v. (KorrespDB) (GND)",1696-01-04 (95-12-25)
15063,DE-611-HS-859703,"AA I,12 N.135",LBr 636 Bl. 95,95-95,True,2,47,26,light_revision,other,False,de,de,0.9909,Konz.,Leibniz (GND),"Mencke,O. (KorrespDB) (GND)",1695-11
15069,DE-611-HS-960234,"AA I,11 N.167",LBr 248 Bl. 85v° (84-85r°=6591),85-85,True,2,138,2,heavy_revision,other,False,de,de,0.7778,Konz. mit einigen Ändergn,Leibniz (GND),"Eyben,H.v. (KorrespDB) (GND)",1695-01
15070,,"AA I,11 N.167",,,False,0,0,0,unknown,other,False,de,de,0.7778,MF,Leibniz (GND),"Eyben,H.v. (KorrespDB) (GND)",1695-01
15071,DE-611-HS-855328,"AA I,11 N.012",LBr 483 Bl. 22,22-22,True,2,60,7,light_revision,partial,False,de,de,0.9492,"Abf.; eigh. Aufschr., Siegel","Knorn,Chr.Fr. (KorrespDB) (GND)",Leibniz (GND),1695-01-15 (95-01-06)
15073,,"AA I,12 N.044","Ms 23, 671 Bl. 43",,False,0,0,0,unknown,other,False,de,de,1.0,Abf.; Bibl.verm.,Henzen (KorrespDB),Leibniz (GND),1696-02-25 (96-02-15)
15075,,"AA I,12 N.050","Ms 23, 671 Bl. 46",,False,0,0,0,unknown,other,False,de,de,1.0,Konz.,Leibniz (GND),Henzen (KorrespDB),1696-03
15076,,"AA I,15 N.009",Berlin SB Ms. lat. 2° 311 A Bl. 16-17 (Bl. 16v°-17v°),,False,0,0,0,unknown,other,False,de,de,1.0,"Abschr., J.Fabricius",Leibniz (GND)Anton Ulrich,(Theologische Fakultät Helmstedt) (KorrespDB),1698-01-19
15077,DE-611-HS-957858,"AA I,15 N.151",LBr 139 Bl. 1-2 (2r°=14262),1-2,True,4,252,19,heavy_revision,other,False,de,de,0.7297,Abf.,Calixt (KorrespDB) (GND),Leibniz (GND),1698-01-19 (98-01-09)
15122,DE-611-HS-973074,"AA I,11 N.108",LBr 327 Bl. 3-4,3-4,True,0,0,0,unknown,other,False,de,de,0.9497,Abf.; Siegelrest; Bibl.verm.,Thurmann (KorrespDB) (GND),Leibniz (GND),1695-01-09 (94-12-30)
15131,DE-611-HS-974424,"AA I,12 N.048",LBr 429 Bl. 5-6,5-6,True,4,314,22,light_revision,other,False,de,de,0.7222,Abf.,"Hugo,L. (KorrespDB) (GND)",Leibniz (GND),1696-02
15136,DE-611-HS-970452,"AA I,11 N.481",LBr 348 Bl. 2,2-2,True,2,58,4,heavy_revision,other,False,de,de,1.0,Abf.; 200x113mm,Haberstroh (KorrespDB),Leibniz (GND),1695-10-02
15162,DE-611-HS-859703,"AA I,15 N.464",LBr 636 Bl. 129,129-129,True,2,34,17,light_revision,partial,False,de,de,1.0,"Abf., eigh. Aufschr., Siegel, Postverm.","Mencke,O. (KorrespDB) (GND)",Leibniz (GND),1698-07-30 (98-07-20)
15193,DE-611-HS-860223,"AA I,12 N.346a",LBr 655 Bl. 13,13-13,True,2,67,52,light_revision,other,False,de,de,0.97,"Ausz. aus d.Abf. Schr., Überschr. & geringfüg. Ändergn von L",Leibniz (GND),Friese (KorrespDB) (GND),1696-04-14 (96-04-04)
15194,,"AA I,12 N.346a","Berlin SB Nachlaß Oelrichs K. 94, Leibniz, 1 Bl. 1-2",,False,0,0,0,unknown,partial,False,de,de,0.97,Abf. mit eigh. Ändergn; Bibl.verm.,Leibniz (GND),Friese (KorrespDB) (GND),1696-04-14 (96-04-04)
15213,00068799,"AA I,11 N.038","LH 23, 2, 11 Bl. 9-10",9-10,True,4,68,5,light_revision,partial,False,de,de,0.9535,"Abf.; eigh. Aufschr., Siegelrest",Reiche (KorrespDB) (GND),Leibniz (GND),1695-05
15225,DE-611-HS-958006,"AA I,10 N.374",LBr 150 Bl. 26,26-26,True,2,42,0,heavy_revision,other,False,de,de,0.6842,Abf.,"Chappuzeau,S. (KorrespDB) (GND)",Leibniz (GND),1694-09-15 (94-08-05)
15236,DE-611-HS-971383,"AA I,10 N.267",LBr 288 Bl. 26,26-26,True,2,100,6,heavy_revision,other,False,de,de,0.9677,Abf.; Unterschr. durch Papierverlust leicht beschädigt,Friese (KorrespDB) (GND),Leibniz (GND),1694-05-27 (94-05-17)
15252,DE-611-HS-974436,"AA I,11 N.502",LBr 435 Bl. 19.22,19-19,True,2,69,0,light_revision,partial,False,de,de,0.9556,"Abf., eigh. Anschr.; Siegelreste, Bibl.verm.",Huthmann (KorrespDB) (GND),Leibniz (GND)Reimers (KorrespDB),1695-10-13 (95-10-03)
15255,00068279,"AA I,11 N.019","LH 1, 1, 3, 7 Bl. 7 (=45532)",7-7,True,2,50,1,light_revision,other,False,de,de,1.0,Abf.,Reiche (KorrespDB) (GND),Leibniz (GND),1695-02-10 (95-01-31)
15283,DE-611-HS-971145,"AA I,14 N.378",LBr 266 Bl. 5r°/v°,5-5,True,2,137,20,heavy_revision,other,False,de,de,0.95,"verworf. Abf., Fragm.; Bibl.verm.",Leibniz (GND),Fidler (KorrespDB),1697-10
15305,DE-611-HS-856265,"AA I,15 N.297",LBr 562 Bl. 34.36,34-34,True,2,55,19,light_revision,other,False,de,de,0.9855,"Abf., Schr.; Schlußkurialien von Limbachs Hd; Bibl.verm.; schwarzer Rand",Limbach (KorrespDB) (GND),Leibniz (GND),1698-04-07
15324,DE-611-HS-859639,"AA I,12 N.111",LBr 629 Bl. 64-65,64-65,True,4,238,14,heavy_revision,partial,False,de,de,0.9866,"Abf.; eigh. Aufschr., Siegel","Meier,J. (KorrespDB) (GND)",Leibniz (GND),1695-11-17 (95-11-07)
15368,DE-611-HS-867321,"AA I,11 N.301",LBr 896 Bl. 13,13-13,True,2,19,7,light_revision,other,False,de,de,1.0,Abf.,Steinberg (KorrespDB) (GND),Leibniz (GND),1695-04
15371,DE-611-HS-859639,"AA I,12 N.230",LBr 629 Bl. 74,74-74,True,2,47,0,heavy_revision,other,False,de,de,1.0,Abf.,"Meier,J. (KorrespDB) (GND)",Leibniz (GND),1696-01-23 (96-01-13)
15423,DE-611-HS-867195,"AA I,11 N.452",LBr 830 Bl. 29-30,29-30,True,4,461,17,heavy_revision,other,False,de,de,0.9882,Abf.,"Schrader,Chr. (KorrespDB)",Leibniz (GND),1695-09-12 (95-09-02)
15452,00068198,"AA I,11 N.206","LH 35, 13, 2b Bl. 23v° (r° & v° undat. math.Aufz.v.L)",23-23,True,2,141,6,light_revision,other,False,de,de,0.9371,"Ausz., 4 Z.",Leibniz (GND),"Eyben,H.v. (KorrespDB) (GND)",1695-03-04 (95-02-22)
15463,DE-611-HS-3614216,"AA I,15 N.148",LBr 1006 Bl. 27,27-27,True,2,31,14,light_revision,other,False,de,de,0.9863,Abf.; Bibl.verm.,Winkelmann (KorrespDB) (GND),Leibniz (GND),1698-01-16 (98-01-06)
15474,DE-611-HS-957536,"AA I,12 N.127","LBr 119 Bl. 237 (S. 1) (später als S. 2, K_7938)",237-237,True,2,67,6,light_revision,other,False,mixed,de,0.5833,"Aufz. über d.nicht gefund. Abf., 138x65mm, 7 Z.",Leibniz (GND),Brosseau (KorrespDB) (GND),1695-11-27
15478,DE-611-HS-859703,"AA I,11 N.498",LBr 636 Bl. 93,93-93,True,2,49,32,light_revision,partial,False,de,de,0.9716,"Abf., eigh. Aufschr., Siegel, Postverm.: 1gg","Mencke,O. (KorrespDB) (GND)",Leibniz (GND),1695-10-12 (95-10-02)
15493,DE-611-HS-855484,"AA I,12 N.065",LBr 489 Bl. 27-28,27-28,True,4,82,0,light_revision,other,False,de,de,1.0,Abf.; Siegelrest,Kölbing (KorrespDB),Leibniz (GND),1696-05-17 (96-05-07)
15519,,"AA I,11 N.505",,,False,0,0,0,unknown,other,False,de,de,0.9722,Abf.,Leibniz (GND),"Meier,J. (KorrespDB) (GND)",1695-10-15 (95-10-05)
15540,DE-611-HS-971169,"AA I,12 N.374",LBr 277 Bl. 6 (= 26666),6-6,True,2,23,7,light_revision,other,False,de,de,1.0,Abf.,"Förster,N. (KorrespDB) (GND)",Leibniz (GND),1696-05-10 (96-04-30)
15551,00068575,"AA I,11 N.253","LH 4, 3, 1d Bl. 5r° (=K_3472)",5-5,True,2,81,3,heavy_revision,other,False,de,de,0.8571,Abf.,Molanus (KorrespDB) (GND),Leibniz (GND),1695-03
15567,,"AA I,16 N.138","Berlin GStA 1. HA Rep. 13, 24, Fasc. 13",,False,0,0,0,unknown,partial,False,de,de,1.0,Abf.; eigh. Aufschr.,Leibniz (GND),"Brandenburg,Friedrich III. (KorrespDB) (GND)",1698-10-28 (98-10-18)
15571,DE-611-HS-859639,"AA I,11 N.505",LBr 629 Bl. 61,61-61,True,2,24,8,heavy_revision,other,False,de,de,0.9722,Teil e.verworf. Abf.; beschnitten,Leibniz (GND),"Meier,J. (KorrespDB) (GND)",1695-10-15 (95-10-05)
15577,DE-611-HS-868065,"AA I,12 N.222",LBr 995 Bl. 64,64-64,True,2,229,8,heavy_revision,other,False,de,de,1.0,Abf.; Bibl.verm.,"Weselow,A.El. (KorrespDB)",Leibniz (GND),1696-01-18 (96-01-08)
15619,DE-611-HS-866691,"AA I,12 N.025","LBr 872 Bl. 49-50 (=7554, 26289)",49-50,True,4,352,1,heavy_revision,other,False,de,de,0.9868,"Konz., fragm., 3 Zeilen, durchstrichen",Leibniz (GND),Hannover (Geh.Räte) (KorrespDB),1695-12-19
15620,DE-611-HS-859703,"AA I,12 N.163",LBr 636 Bl. 100r° (v°=38446),100-100,True,2,82,23,heavy_revision,partial,False,de,de,0.9774,"Abf., eigh. Aufschr., Siegel, Postverm.: 1gg","Mencke,O. (KorrespDB) (GND)",Leibniz (GND),1695-12-21 (95-12-11)
15639,DE-611-HS-867251,"AA I,15 N.479",LBr 849 Bl. 24-25,24-25,True,4,246,37,heavy_revision,other,False,de,de,0.9009,Abf.; L: respondi,Schwachheim (KorrespDB) (GND),Leibniz (GND),1698-08-11 (98-08-01)
15648,DE-611-HS-867759,"AA I,12 N.421",LBr 946 Bl. 8-9,8-9,True,4,154,7,light_revision,other,False,de,de,0.9318,Abf.,Uhlich (KorrespDB) (GND),Leibniz (GND),1696-06-26 (96-06-16)
15673,DE-611-HS-960234,"AA I,11 N.236",LBr 248 Bl. 88-89,88-89,True,4,229,18,heavy_revision,other,False,de,de,0.9474,"Abf., Schr.; Schlußkurialien, Schluß d.Textes & Aufschr. von Eybens Hd; Siegel, Postverm.","Eyben,H.v. (KorrespDB) (GND)",Leibniz (GND),1695-03-22 (95-03-12)
15680,,"AA I,11 N.069",Hannover NLB Ms Noviss. 91 Bl. 48,,False,0,0,0,unknown,other,False,de,de,0.8125,"Aufz., Zettel 16,2x9cm",Leibniz (GND),"Reinerding,J.Th. (KorrespDB) (GND)",1695-09-04 (95-08-25)
15693,DE-611-HS-958599,"AA I,11 N.011",LBr 195 Bl. 35-36,35-36,True,4,144,5,light_revision,partial,False,de,de,1.0,"Abf.; eigh. Aufschr., Siegel",Dannenberg (KorrespDB),Leibniz (GND),1695-01-14 (95-01-04)
15697,,"AA I,12 N.345",Gotha FB B 199 Bl. 407-408,,False,0,0,0,unknown,partial,False,de,de,1.0,"Abf., Schr. (L21d:Reimers), mit geringfüg. eigh. Ändergn von L",Leibniz (GND),(Monatliche Unterredungen),1696-04-13
15700,DE-611-HS-974743,"AA I,12 N.381",LBr 450 Bl. 87r°oben (r°unten/v°= 6265),87-87,True,2,49,0,heavy_revision,partial,False,de,de,0.9737,Konz. mit eigh. Ändergn,Leibniz (GND),"Förster,N. (KorrespDB) (GND)",1696-05-16
15722,DE-611-HS-859639,"AA I,11 N.495",LBr 629 Bl. 56,56-56,True,2,74,8,heavy_revision,other,False,mixed,de,0.5556,Abf.,Molanus (KorrespDB) (GND),Leibniz (GND),1695-10-11 (95-10-01)
15723,DE-611-HS-859639,"AA I,11 N.496",LBr 629 Bl. 52.58,52-52,True,2,83,25,heavy_revision,other,False,de,de,0.9723,verworf. Abf. mit Ändergn,Leibniz (GND),Molanus (KorrespDB) (GND),1695-10-11 (95-10-01)
15725,DE-611-HS-859639,"AA I,11 N.496",LBr 629 Bl. 55,55-55,True,2,113,16,heavy_revision,other,False,de,de,0.9723,Konz. d.P.S. zur nicht gefund. Abf.; mit Ändergn,Leibniz (GND),Molanus (KorrespDB) (GND),1695-10-11 (95-10-01)
15726,,"AA I,11 N.496",,,False,0,0,0,unknown,other,False,de,de,0.9723,Abf.,Leibniz (GND),Molanus (KorrespDB) (GND),1695-10-11
15734,DE-611-HS-861206,"AA I,11 N.354",LBr 701 Bl. 34-35,34-35,True,4,246,6,heavy_revision,other,False,de,de,0.9855,Abf.; 35v°Vermerk von fremder Hd,"Otto,G.Chr. (KorrespDB)",Leibniz (GND)?,1695-06-28 (95-06-18)
15765,DE-611-HS-856498,"AA I,12 N.280","LBr 587 Bl. 114 (= 26423, 26665)",114-114,True,2,64,26,heavy_revision,other,False,de,de,0.9771,Abf. von unbek. Schr.Hd,"Ludolf,H. (KorrespDB) (GND)",Leibniz (GND),1696-02-14
15798,DE-611-HS-859703,"AA I,12 N.475",LBr 636 Bl. 106,106-106,True,2,53,36,light_revision,partial,False,de,de,0.9683,"Abf., eigh. Aufschr., Siegel, Postverm.","Mencke,O. (KorrespDB) (GND)",Leibniz (GND),1696-07-28 (96-07-18)
15813,,"AA I,12 N.036","Ms 23, 250 Bl. 96-97",,False,0,0,0,unknown,partial,False,de,de,0.9767,"Abf., Schr.; eigh. Schlußkurialien von Limbach",Limbach (KorrespDB) (GND),"Braunschweig-Lüneburg,Ernst August v. (KorrespDB) (GND)",1696-02-09 (96-01-30)
15814,,"AA I,12 N.036","Ms 23, 250 Bl. 98v° (r°=56752)",,False,0,0,0,unknown,own,False,de,de,0.9767,Abschr.; eigh.,Limbach (KorrespDB) (GND),"Braunschweig-Lüneburg,Ernst August v. (KorrespDB) (GND)",1696-02-09 (96-01-30)
15850,DE-611-HS-855794,"AA I,12 N.311",LBr 544 Bl. 135-136,135-136,True,4,259,40,heavy_revision,partial,False,de,de,1.0,"Abf., Schr.; eigh. Unterschr.; Aufschr., Siegel","Leibniz,A.E. (KorrespDB) (GND)",Leibniz (GND),1696-03-19 (96-03-09)
15891,DE-611-HS-856498,"AA I,12 N.280","LBr 587 Bl. 114 (= 26423, 26665)",114-114,True,2,64,0,heavy_revision,other,False,de,de,0.9771,Abf. von unbek. Schr.Hd,"Ludolf,H. (KorrespDB) (GND)",Leibniz (GND),1696-02-14
15894,,"AA I,12 N.263",Hannover NLA Hann. 153 Acc. 2018/55 Nr. 72 Bl. 33 (alt: NLB Bibliotheksakten A3 Bl. 165),,False,0,0,0,unknown,partial,False,de,de,0.978,"Abf.; obere Bl.-Kante mit Textanf. fehlt; eigh. Aufschr., Siegel, Postverm,: 1gg.","Mencke,O. (KorrespDB) (GND)",Leibniz (GND),1696-01
15943,DE-611-HS-867251,"AA I,16 N.233",LBr 849 Bl. 27-28,27-28,True,4,252,45,light_revision,other,False,de,de,0.97,Abf.; Bibl.verm.,Schwachheim (KorrespDB) (GND),Leibniz (GND),1698-12-24 (98-12-14)
15950,DE-611-HS-867759,"AA I,12 N.481",LBr 946 Bl. 13-14,13-14,True,4,169,34,light_revision,partial,False,de,de,0.98,"Abf.; eigh. Aufschr., Siegel, Postverm., Bibl.verm.",Uhlich (KorrespDB) (GND),Leibniz (GND),1696-07-31 (96-07-21)
15953,DE-611-HS-860443,"AA I,12 N.049",LBr 668 Bl. 16,16-16,True,2,27,5,light_revision,partial,False,de,de,0.7333,"Abf.; eigh. Aufschr., Papiersiegel, Postverm.","Müller,J.U. (KorrespDB) (GND)",Leibniz (GND),1696-03-15 (96-03-05)
15996,DE-611-HS-960234,"AA I,14 N.148",LBr 248 Bl. 97-98,97-98,True,4,136,13,light_revision,other,False,de,de,0.9812,Abf.,Faber (KorrespDB),Leibniz (GND),1697-06-08 (97-05-29)
16005,DE-611-HS-973585,"AA I,16 N.023",LBr 398 Bl. 39-40,39-40,True,4,208,0,heavy_revision,partial,False,de,de,0.9828,Konz. mit mehreren Streichgn & Erg.; eigh. Anschr.,Leibniz (GND),"Wolfenbüttel,Rudolf August v. (KorrespDB) (GND)",1698-12-02 (98-11-22)
16007,,"AA I,14 N.043","Ms 23, 1150 Bl. 187.198",,False,0,0,0,unknown,other,False,de,de,0.9228,Reinschr.,Leibniz (GND),"Hugo,L. (KorrespDB) (GND)",1697-10
16009,,"AA I,14 N.043","Ms 23, 1150 Bl. 190-197",,False,0,0,0,unknown,other,False,de,de,0.9228,Reinschr. mit Korr. & Erg.,Leibniz (GND),"Hugo,L. (KorrespDB) (GND)",1697-10
16046,DE-611-HS-859703,"AA I,12 N.183",LBr 636 Bl. 100v° (r°=38445),100-100,True,2,82,0,heavy_revision,partial,False,de,de,1.0,Konz. mit eigh. Ändergn,Leibniz (GND),"Mencke,O. (KorrespDB) (GND)",1695-12
16064,DE-611-HS-958515,"AA I,12 N.427",LBr 175 Bl. 1-2,1-2,True,4,82,8,light_revision,other,False,de,de,0.9153,Abf.; Bibl.verm.,Cörber (KorrespDB) (GND),Leibniz (GND)?,1696-06-29 (96-06-19)
16068,DE-611-HS-867759,"AA I,11 N.385",LBr 946 Bl. 3,3-3,True,2,48,13,heavy_revision,other,False,de,de,0.9385,Konz. mit geringf. Ändergn,Leibniz (GND),Uhlich (KorrespDB) (GND),1695-07
16069,,"AA I,11 N.385",,,False,0,0,0,unknown,other,False,de,de,0.9385,MF,Leibniz (GND),Uhlich (KorrespDB) (GND),1695-07
16111,DE-611-HS-960234,"AA I,10 N.416",LBr 248 Bl. 80r° (79-80=6586),80-80,True,2,270,0,heavy_revision,other,False,de,de,0.971,Konz.,Leibniz (GND),"Eyben,H.v. (KorrespDB) (GND)",1694-10
16112,00068805,"AA I,10 N.068","LH 23, 2, 16a Bl. 48-49",48-49,True,4,486,52,heavy_revision,other,False,de,de,0.963,Konz.,Leibniz (GND),"Braunschweig-Lüneburg,Ernst August v. (KorrespDB) (GND)",1694-11
16150,DE-611-HS-974744,"AA I,15 N.268",LBr 439 Bl. 1-4,1-4,True,8,357,103,light_revision,other,False,de,de,1.0,Abf.,"Jablonski,D.E. (KorrespDB) (GND)",Leibniz (GND),1698-03-15 (98-03-05)
16151,DE-611-HS-859703,"AA I,15 N.269",LBr 636 Bl. 126,126-126,True,2,45,20,light_revision,partial,False,de,de,0.9722,"Abf., eigh. Aufschr., Siegel, Postverm.","Mencke,O. (KorrespDB) (GND)",Leibniz (GND),1698-03-15 (98-03-05)
16155,,"AA I,14 N.080",Hannover NLA Hann. 153 Acc. 2018/55 Nr. 79 Bl. 125 (alt: NLB Bibliotheksakten A5b Bl. 340),,False,0,0,0,unknown,other,False,de,de,1.0,Abf.,"Förster,N. (KorrespDB) (GND)",Leibniz (GND),1697-05-02 (97-02-22)
16168,DE-611-HS-859703,"AA I,12 N.290",LBr 636 Bl. 102,102-102,True,2,39,23,light_revision,partial,False,de,de,0.9802,"Abf., eigh. Aufschr., Siegel, Postverm.","Mencke,O. (KorrespDB) (GND)",Leibniz (GND),1696-02-29 (96-02-19)
16169,,"AA I,12 N.329",Hannover NLA Hann. 153 Acc. 2018/55 Nr. 71 Bl. 61-62 (alt: NLB Bibliotheksakten A3 Bl. 59),,False,0,0,0,unknown,other,False,de,de,0.8571,"Abschr.(?), Reimers",Leibniz (GND),"Mencke,O. (KorrespDB) (GND)",1696-03
16183,DE-611-HS-971128,"AA I,14 N.028",LBr 263 Bl. 12-13,12-13,True,4,216,45,light_revision,other,False,de,de,0.9886,"Abf.; eig. Aufschr., Siegel",Feller (KorrespDB) (GND),Leibniz (GND),1697-08-23 (97-08-13)
16184,DE-611-HS-859639,"AA I,11 N.503",LBr 629 Bl. 59-60,59-60,True,4,233,27,light_revision,partial,False,de,de,0.9786,"Abf.; eigh. Aufschr., Siegel","Meier,J. (KorrespDB) (GND)",Leibniz (GND),1695-10-13 (95-10-03)
16235,DE-611-HS-974744,"AA I,15 N.531",LBr 439 Bl. 9-10,9-10,True,4,511,0,heavy_revision,other,False,de,de,0.9971,Konz. mit mehreren Ändergn,Leibniz (GND),"Jablonski,D.E. (KorrespDB) (GND)",1698-09
16254,DE-611-HS-859703,"AA I,12 N.121",LBr 636 Bl. 96-97,96-97,True,4,216,50,light_revision,partial,False,de,de,0.9781,"Abf., eigh. Aufschr., Siegel, Postverm.: 1 gg.","Mencke,O. (KorrespDB) (GND)",Leibniz (GND),1695-11-23 (95-11-13)
16255,DE-611-HS-971832,"AA I,12 N.014",LBr 308 Bl. 11,11-11,True,2,63,3,light_revision,partial,False,de,de,0.6667,"Abf., eigh. Aufschr.",Germer (KorrespDB),Leibniz (GND),1695-11-23 (95-11-13)
16275,DE-611-HS-960234,"AA I,12 N.203",LBr 248 Bl. 86-87,86-87,True,4,448,43,light_revision,partial,False,de,de,0.975,"Abf., Schr.; Unterschr. eigh.","Eyben,H.v. (KorrespDB) (GND)",Leibniz (GND),1696-01-05 (95-12-26)
16302,,"AA I,11 N.270",,,False,0,0,0,unknown,other,False,de,de,1.0,MF,Huldeberg (KorrespDB) (GND),?,1695-04-13 (95-04-03)
16303,DE-611-HS-860577,"AA I,11 N.270",LBr 680 Bl. 18,18-18,True,2,48,23,light_revision,other,False,de,de,1.0,"Ausz.aus:25987, Schr.",Huldeberg (KorrespDB) (GND),?,1695-04-13 (95-04-03)
16327,DE-611-HS-971120,"AA I,12 N.482",LBr 258 Bl. 2,2-2,True,2,51,11,heavy_revision,partial,False,de,de,0.9865,Konz. mit eigh. Ändergn,Leibniz (GND),?,1696-06
16331,,"AA I,12 N.067",Gotha FB A 448-449 Bl. 84-85,,False,0,0,0,unknown,other,False,de,de,0.9781,Konz. mit vielen Ändergn,Leibniz (GND),"Wolfenbüttel,Rudolf August v. (KorrespDB) (GND)",1696-05-18
16335,DE-611-HS-867884,"AA I,14 N.103",LBr 970 Bl. 1-2,1-2,True,4,146,8,heavy_revision,other,False,de,de,1.0,Abf.; Bibl.verm.,Wackerbart (KorrespDB),Leibniz (GND),1697-05-12 (97-05-02)
16370,DE-611-HS-867251,"AA I,15 N.138",LBr 849 Bl. 14,14-14,True,2,48,36,heavy_revision,other,False,de,de,0.7439,Abf.,Schwachheim (KorrespDB) (GND),Leibniz (GND),1698-01-11
16371,DE-611-HS-867251,"AA I,15 N.138",LBr 849 Bl. 15-16,15-16,True,4,266,25,heavy_revision,other,False,de,de,0.7439,Abf.,Schwachheim (KorrespDB) (GND),Leibniz (GND),1698-01-11
16385,,"AA I,12 N.076","Ms 23, 671 Bl. 49",,False,0,0,0,unknown,other,False,de,de,1.0,Abf.; Bibl.verm.: Diefholz,Henzen (KorrespDB),Leibniz (GND),1696-06-20
16433,DE-611-HS-867148,"AA I,12 N.025",LBr 818 Bl. 39-40,39-40,True,4,124,26,heavy_revision,partial,False,de,de,0.9868,Konz. mit geringfüg. eigh. Ändergn von L,Leibniz (GND),Hannover (Geh.Räte) (KorrespDB),1695-12
16448,DE-611-HS-971169,"AA I,12 N.204",LBr 277 Bl. 4-5,4-5,True,4,232,9,heavy_revision,other,False,de,de,0.9783,Abf.,"Förster,N. (KorrespDB) (GND)",Leibniz (GND),1696-01-07 (95-12-28)
16470,DE-611-HS-859703,"AA I,14 N.076",LBr 636 Bl. 119,119-119,True,2,39,31,light_revision,partial,False,de,de,0.9615,"Abf., eigh. Aufschr., Siegel, Postverm.","Mencke,O. (KorrespDB) (GND)",Leibniz (GND),1697-05-01 (97-04-21)
16482,DE-611-HS-866403,"AA I,15 N.102",LBr 766 Bl. 68,68-68,True,2,69,21,heavy_revision,other,False,de,de,0.9878,Abf.,"Reinerding,J.Th. (KorrespDB) (GND)",Leibniz (GND),1698-09-16 (98-09-06)
16500,,"AA I,15 N.045","Ms 23, 289, 5 Bl. 9.14",,False,0,0,0,unknown,partial,False,de,de,0.8333,"Abf., eigh. Aufschr., Textverlust durch Wasserschaden",Reiche (KorrespDB) (GND),Leibniz (GND),1698-03
16510,DE-611-HS-974429,"AA I,11 N.432",LBr 431 Bl. 2-3,2-3,True,4,323,36,heavy_revision,other,False,de,de,0.9814,Abf.; Bibl.verm.,Huldeberg (KorrespDB) (GND),Leibniz (GND),1695-08-20 (95-08-10)
16531,DE-611-HS-867195,"AA I,12 N.386",LBr 830 Bl. 26-28,26-28,True,6,264,33,light_revision,other,False,de,de,0.9644,Abf.,"Schrader,Chr. (KorrespDB)",Leibniz (GND),1696-05-19 (96-05-09)
16600,DE-611-HS-3617045,"AA I,12 N.029",LBrF 1 Bl. 7-8 (=26358),,False,0,0,0,unknown,other,False,de,de,0.9677,"verworf. Abf.(?), mit e.'ndergn",Leibniz (GND),"Wolfenbüttel,Anton Ulrich v. (KorrespDB) (GND)",1696-01-07 (95-12-28)
16603,DE-611-HS-971383,"AA I,12 N.262",LBr 288 Bl. 31-32,31-32,True,4,158,24,heavy_revision,other,False,de,de,0.992,Abf.; Bibl.verm.,Friese (KorrespDB) (GND),Leibniz (GND),1696-02-04 (96-01-25)
16605,DE-611-HS-958766,"AA I,12 N.265",LBr 211 Bl. 20-21,20-21,True,4,235,3,heavy_revision,partial,False,de,de,1.0,"Abf.; eigh. Aufschr., Siegel","Domeier,Chr.P. (KorrespDB)",Leibniz (GND),1696-02-06 (96-01-27)
16617,DE-611-HS-859639,"AA I,12 N.199",LBr 629 Bl. 72-73,72-73,True,4,201,8,light_revision,partial,False,de,de,0.9184,"Abf.; eigh. Aufschr., Siegel mit geringem Textverlust ausgerissen","Meier,J. (KorrespDB) (GND)",Leibniz (GND),1696-01-02 (95-12-23)
16621,DE-611-HS-3614216,"AA I,14 N.473",LBr 1006 Bl. 25-26,25-26,True,4,94,13,light_revision,partial,False,de,de,0.9184,"Abf.; eigh. Aufschr., Siegel",Winkelmann (KorrespDB) (GND),Leibniz (GND),1697-12-12 (97-12-02)
16686,DE-611-HS-860223,"AA I,15 N.190",LBr 655 Bl. 30r°,30-30,True,2,57,0,scrap,other,False,de,de,0.8571,Abf. mit Anm. & Notizen von L'Hd,Molanus (KorrespDB) (GND),Leibniz (GND),1698-02-01 (98-01-22)
16720,DE-611-HS-960234,"AA I,14 N.211",LBr 248 Bl. 103-104 (=6605),103-104,True,4,348,0,heavy_revision,other,False,de,de,0.9662,"Abf., Schr.; Grußformel, P.S. & geringfüg. Erg. im Text von Eybens Hd","Eyben,H.v. (KorrespDB) (GND)",Leibniz (GND),1697-07-23 (97-07-13)
16721,DE-611-HS-960234,"AA I,14 N.212",LBr 248 Bl. 99-100,99-100,True,4,244,12,heavy_revision,partial,False,de,de,0.9565,"Abf.; eigh. Aufschr., Siegel",Faber (KorrespDB),Leibniz (GND),1697-07-23 (97-07-13)
16724,DE-611-HS-866403,"AA I,15 N.060",LBr 766 Bl. 65,65-65,True,2,64,14,heavy_revision,other,False,de,de,1.0,Abf.,"Reinerding,J.Th. (KorrespDB) (GND)",Leibniz (GND),1698-04-15 (98-04-05)
16738,,"AA I,12 N.040","Ms 23, 671 Bl. 45",,False,0,0,0,unknown,partial,False,de,de,1.0,Konz. mit wenigen eigh. Ändergn,Leibniz (GND),"Bussche,A.Ph. (KorrespDB) (GND)",1696-02
16740,DE-611-HS-859639,"AA I,12 N.282",LBr 629 Bl. 75,75-75,True,2,56,0,heavy_revision,other,False,de,de,1.0,Abf.,"Meier,J. (KorrespDB) (GND)",Leibniz (GND),1696-02-16 (96-02-06)
16749,DE-611-HS-856265,"AA I,15 N.318",LBr 562 Bl. 37,37-37,True,2,112,55,heavy_revision,partial,False,de,de,0.9939,"Abschr., Zabany; eigh. Ändergn, Anschr., Datum, Schlußsatz & -kurialien von L",Leibniz (GND),Limbach (KorrespDB) (GND),1698-04-18 (98-04-08)
16758,,"AA I,12 N.067",,,False,0,0,0,unknown,other,False,de,de,0.9781,Beil.zu:6429,Leibniz (GND),"Wolfenbüttel,Rudolf August v. (KorrespDB) (GND)",1696-05-18
16774,DE-611-HS-971128,"AA I,16 N.005",LBr 263 Bl. 23,23-23,True,2,51,4,heavy_revision,other,False,de,de,0.9908,Konz. mit mehreren Korr. & erg.,Leibniz (GND),Balcke (KorrespDB),1698-10-17
16802,00068366,"AA I,15 N.023","LH 1, 8 Bl. 244-245",244-245,True,0,0,0,unknown,other,False,de,de,0.9829,Konz. mit zahlr. Ändergn,Leibniz (GND),"Wolfenbüttel,Anton Ulrich v. (KorrespDB) (GND)",1698-02-23
16803,00068366,"AA I,15 N.023","LH 1, 8 Bl. 246-247",246-247,True,0,0,0,unknown,other,False,de,de,0.9829,Konz. (Abschr. von 47767) mit einigen Streichgn & mehreren Erg.,Leibniz (GND),"Wolfenbüttel,Anton Ulrich v. (KorrespDB) (GND)",1698-02-23
16849,,"AA I,15 N.039",Hannover NLA Dep. 84 A 180 Bl. 21r°,,False,0,0,0,unknown,other,False,de,de,1.0,"Abf., schwarzer Rand, schwarzes Siegel",Sophie (KorrespDB) (GND),Leibniz (GND),1698-03
16854,DE-611-HS-973074,"AA I,14 N.377",LBr 327 Bl. 69,69-69,True,2,54,3,heavy_revision,other,False,de,de,1.0,Konz. mit einigen Korr.,Leibniz (GND),"Hinüber,J.M.(?)",1697-10
16883,DE-611-HS-867251,"AA I,14 N.097",LBr 849 Bl. 2-3,2-3,True,4,212,18,heavy_revision,other,False,de,de,0.9569,Abf.,Schwachheim (KorrespDB) (GND),Leibniz (GND),1697-05-09 (97-04-29)
16892,DE-611-HS-859703,"AA I,14 N.276",LBr 636 Bl. 123,123-123,True,2,60,40,heavy_revision,partial,False,de,de,0.9744,"Abf., eigh. Aufschr., Siegel, Postverm.","Mencke,O. (KorrespDB) (GND)",Leibniz (GND),1697-09-11 (97-09-01)
16895,DE-611-HS-3616805,"AA I,12 N.292",LBr 79 Bl. 165-166,165-166,True,4,238,12,heavy_revision,partial,False,de,de,0.9922,"Reinschr., Schr., mit eigh. Ändergn sowie eigh. Anschr. & Unterschr. von L",Leibniz (GND),"Bodenhausen,W. (KorrespDB)",1696-03-02 (96-02-21)
16897,DE-611-HS-866403,"AA I,15 N.074",LBr 766 Bl. 67,67-67,True,2,79,27,heavy_revision,other,False,de,de,1.0,Abf.; Siegelrest,"Reinerding,J.Th. (KorrespDB) (GND)",Leibniz (GND),1698-06-10 (98-05-31)
16953,DE-611-HS-867759,"AA I,12 N.082",LBr 946 Bl. 12,12-12,True,2,66,10,heavy_revision,other,False,de,de,1.0,Konz. mit zahlr. Ändergn,Leibniz (GND),Hannover (Geh.Räte) (KorrespDB),1696-07
16983,DE-611-HS-867884,"AA I,14 N.123",LBr 970 Bl. 3,3-3,True,2,38,17,light_revision,partial,False,de,de,0.9054,"Abschr. d.Abf.(?) mit e.Korr., eigh. Adresse",Leibniz (GND),Wackerbart (KorrespDB),1697-05-21 (97-05-11)
16987,DE-611-HS-866403,"AA I,14 N.049",LBr 766 Bl. 59-60,59-60,True,4,290,37,heavy_revision,partial,False,de,de,1.0,Abf.; eigh. Aufschr.,"Reinerding,J.Th. (KorrespDB) (GND)",Leibniz (GND),1697-10-15 (97-10-05)
16988,DE-611-HS-859703,"AA I,12 N.428",LBr 636 Bl. 105,105-105,True,2,65,30,heavy_revision,partial,False,de,de,0.9863,"Abf., eigh. Aufschr., Siegel, Postverm.","Mencke,O. (KorrespDB) (GND)",Leibniz (GND),1696-06-30 (96-06-20)
17026,DE-611-HS-971128,"AA I,14 N.029",LBr 263 Bl. 14-15,14-15,True,4,152,9,heavy_revision,other,False,de,de,0.9939,Abf.,Feller (KorrespDB) (GND),Leibniz (GND),1697-08-27 (97-08-17)
17066,DE-611-HS-868237,"AA I,16 N.011",LBr 1020 Bl. 5,5-5,True,2,33,8,light_revision,other,False,de,de,1.0,Abf.,Zabany (KorrespDB),Leibniz (GND),1698-11-04 (98-10-25)
17075,00068369,"AA I,11 N.277","LH 1, 11 Bl. 259",259-259,True,2,27,13,heavy_revision,partial,False,mixed,de,0.5116,"Abf., eigh. Aufschr., Siegelrest",Molanus (KorrespDB) (GND),Leibniz (GND),1695-04
17130,DE-611-HS-958599,"AA I,11 N.092",LBr 195 Bl. 39,39-39,True,2,40,11,light_revision,other,False,de,de,1.0,Abf.,Dannenberg (KorrespDB),Leibniz (GND),1695-10-28 (95-10-18)
17163,DE-611-HS-867841,"AA I,15 N.271",LBr 963 Bl. 1-2,1-2,True,0,0,0,unknown,partial,False,de,de,0.9871,"Abf., eigh. Aufschr., Textverlust durch ausgeriss. Siegel, Postverm.",Vogler (KorrespDB),Leibniz (GND),1698-03-17 (98-03-07)
17170,DE-611-HS-971102,"AA I,14 N.025",LBr 251 Bl. 188-189,188-189,True,4,150,13,heavy_revision,other,False,de,de,0.9643,Konz.,Leibniz (GND),Hannover (Geh.Räte) (KorrespDB),1697-08
17181,DE-611-HS-960234,"AA I,15 N.136",LBr 248 Bl. 110,110-110,True,2,58,4,heavy_revision,other,False,de,de,0.9455,"Abf. von and. Hd, 7 Zeilen","Eyben,H.v. (KorrespDB) (GND)",Leibniz (GND),1698-01-10
17189,DE-611-HS-859703,"AA I,14 N.168",LBr 636 Bl. 84,84-84,True,2,47,2,light_revision,other,False,de,de,0.95,"Abf., 0,25 Bl.","Mencke,O. (KorrespDB) (GND)",Leibniz (GND),1697-05
17192,,"AA I,12 N.284","Ms 41, 1814, 3 Bl. 67",,False,0,0,0,unknown,other,False,de,de,0.9891,Abf.; Datum von Germers Hd,"Siegel,J.V. (KorrespDB)",Leibniz (GND)Germer (KorrespDB),1696-02-21 (96-02-11)
17203,DE-611-HS-859703,"AA I,12 N.353",LBr 636 Bl. 103,103-103,True,2,64,43,heavy_revision,partial,False,de,de,1.0,"Abf., eigh. Aufschr., Siegel, Postverm.","Mencke,O. (KorrespDB) (GND)",Leibniz (GND),1696-04-18 (96-04-08)
17204,DE-611-HS-973585,"AA I,16 N.023",LBr 398 Bl. 39-40,39-40,True,4,208,7,heavy_revision,partial,False,de,de,0.9828,Konz. mit mehreren Streichgn & Erg.; eigh. Anschr.,Leibniz (GND),"Wolfenbüttel,Rudolf August v. (KorrespDB) (GND)",1698-12-02 (98-11-22)
17212,DE-611-HS-859703,"AA I,12 N.278",LBr 636 Bl. 101,101-101,True,2,43,27,heavy_revision,partial,False,de,de,0.9847,"Abf., eigh. Aufschr., Siegelrest, Postverm.","Mencke,O. (KorrespDB) (GND)",Leibniz (GND),1696-02-13 (96-02-03)
17213,DE-611-HS-3616805,"AA I,12 N.307",LBr 79 Bl. 168,168-168,True,2,99,80,heavy_revision,other,False,de,de,0.9937,"Abf., Schr.; 75x335mm","Bodenhausen,W. (KorrespDB)",Leibniz (GND),1696-03-15 (96-03-05)
17214,DE-611-HS-3616805,"AA I,12 N.306",LBr 79 Bl. 164,164-164,True,2,49,7,heavy_revision,other,False,de,de,1.0,Abf.,"Bodenhausen,W. (KorrespDB)",Leibniz (GND),1696-03-15 (96-03-05)
17226,,"AA I,12 N.038",Hannover NLA Hann. 153 Acc. 2018/55 Nr. 71 Bl. 81 (alt: NLB Bibliotheksakten A3 Bl. 78),,False,0,0,0,unknown,other,False,de,de,0.9091,"Aufz., quer",Reimers (KorrespDB),Leibniz (GND),1696-02-13 (96-02-03)
17227,,"AA I,12 N.038",Hannover NLA Hann. 153 Acc. 2018/55 Nr. 71 Bl. 62v (alt: Hannover NLB Bibliotheksakten A3 Bl. 58r°),,False,0,0,0,unknown,other,False,de,de,0.9091,Aufz.,Reimers (KorrespDB),Leibniz (GND),1696-02-13 (96-02-03)
17238,DE-611-HS-860223,"AA I,15 N.435",LBr 655 Bl. 187,187-187,True,2,45,11,heavy_revision,other,False,mixed,de,0.5538,Abf.; schwarzer Siegelrest,Molanus (KorrespDB) (GND),Leibniz (GND),1698-07
17242,DE-611-HS-974744,"AA I,16 N.239",LBr 439 Bl. 155,155-155,True,2,54,7,heavy_revision,partial,False,de,de,1.0,"Abschr., eigh. Anschr.",Leibniz (GND),"Jablonski,D.E. (KorrespDB) (GND)",1698-12-31 (98-12-21)
17247,,"AA I,14 N.044","Ms 23, 1150 Bl. 182.184",,False,0,0,0,unknown,other,False,de,de,0.9481,Konz.+Teilkonz.,Leibniz (GND),"Hugo,L. (KorrespDB) (GND)",1697-10
17260,,"AA I,14 N.042","Ms 23, 1150 Bl. 184v°",,False,0,0,0,unknown,other,False,de,de,1.0,Konz.,Leibniz (GND),"Hugo,L. (KorrespDB) (GND)",1697-10
17261,,"AA I,14 N.043","Ms 23, 1150 Bl. 183.186",,False,0,0,0,unknown,other,False,de,de,0.9228,Konz.,Leibniz (GND),"Hugo,L. (KorrespDB) (GND)",1697-10
17269,00068366,"AA I,15 N.031","LH 1, 8 Bl. 255-256",255-256,True,0,0,0,unknown,other,False,de,de,0.9925,"Abf., Goldschnitt","Wolfenbüttel,Anton Ulrich v. (KorrespDB) (GND)",Leibniz (GND),1698-03-17 (98-03-07)
17283,DE-611-HS-3618425,"AA I,12 N.066",LBrF 17 Bl. 17,,False,0,0,0,unknown,partial,False,de,de,1.0,verworf. Abf. mit geringfüg. eigh. Ändergn,Leibniz (GND),"Wolfenbüttel,Rudolf August v. (KorrespDB) (GND)",1696-05-18 (96-05-07)
17284,,"AA I,12 N.066",Gotha FB A 448-449 Bl. 88v°rechts,,False,0,0,0,unknown,partial,False,de,de,1.0,Konz. mit geringfüg. eigh. Ändergn,Leibniz (GND),"Wolfenbüttel,Rudolf August v. (KorrespDB) (GND)",1696-05-18 (96-05-08)
17341,DE-611-HS-971128,"AA I,16 N.057",LBr 263 Bl. 38-39,38-39,True,4,160,17,heavy_revision,other,False,de,de,1.0,Abf.,Feller (KorrespDB) (GND),Leibniz (GND),1699-01-30 (99-01-20)
17343,,"AA I,16 N.001",Hannover NLA Hann. 153 Acc. 2004/107 Nr. 5 Bl. (alt: NLB Bibliotheksakten A7 Bl. 78r°,,False,0,0,0,unknown,other,False,de,de,0.9808,"Konz., 0,5 S. auf Bl. 78r°",Leibniz (GND),"Reinerding,J.Th. (KorrespDB) (GND)",1698-10
17368,DE-611-HS-971300,"AA I,14 N.316",LBr 286 Bl. 33r°-35v° (36r°unten=6622),33-33,True,2,67,20,heavy_revision,partial,False,de,de,0.9791,"Abf.; eigh. Aufschr., Siegelreste; Bibl.verm.","Freiesleben,J.Fr. (KorrespDB) (GND)",Leibniz (GND),1697-10-08 (97-09-28)
17413,DE-611-HS-3617045,"AA I,14 N.021",LBrF 1 Bl. 13,,False,0,0,0,unknown,other,False,de,de,1.0,Abf.,"Wolfenbüttel,Anton Ulrich v. (KorrespDB) (GND)",Leibniz (GND),1697-08-08 (97-07-29)
17417,DE-611-HS-973583,"AA I,14 N.230",LBr 397 Bl. 1-2,1-2,True,4,88,28,light_revision,partial,False,de,de,1.0,"Abf.; eigh. Aufschr., Siegel",Herseler (KorrespDB),Leibniz (GND),1697-08-08 (97-07-29)
17441,DE-611-HS-974744,"AA I,15 N.275",LBr 439 Bl. 7,7-7,True,2,35,26,light_revision,other,False,de,de,0.9857,Abf.,"Jablonski,D.E. (KorrespDB) (GND)",Leibniz (GND),1698-03-22 (98-03-12)
17444,00068366,"AA I,15 N.033","LH 1, 8 Bl. 257",257-257,True,0,0,0,unknown,other,False,de,de,1.0,"Abf., Goldschnitt","Wolfenbüttel,Anton Ulrich v. (KorrespDB) (GND)",Leibniz (GND),1698-03-24 (98-03-14)
17485,00068368,"AA I,15 N.101","LH 1, 10 Bl. 177",177-177,True,2,62,5,light_revision,other,False,de,de,1.0,Konz. mit einigen Ändergn,Leibniz (GND),Platen (KorrespDB) (GND),1698-09-14 (98-09-04)
17499,DE-611-HS-960234,"AA I,14 N.187",LBr 248 Bl. 96v° (95.96r°=6599;96v°=28026),96-96,True,2,158,23,heavy_revision,other,False,de,de,0.9489,Ausz. aus d.Abf.,Leibniz (GND),"Eyben,H.v. (KorrespDB) (GND)",1697-07-08 (97-06-28)
17509,DE-611-HS-974744,"AA I,16 N.228",LBr 439 Bl. 37-38,37-38,True,4,214,69,light_revision,other,False,de,de,0.9972,Abf.,"Jablonski,D.E. (KorrespDB) (GND)",Leibniz (GND),1698-12-20 (98-12-10)
17542,DE-611-HS-860577,"AA I,11 N.312",LBr 680 Bl. 20-23,20-23,True,8,559,56,heavy_revision,other,False,de,de,0.9898,Abf.; Bibl.verm.,Huldeberg (KorrespDB) (GND),Leibniz (GND),1695-05-14 (95-05-04)
17571,DE-611-HS-971128,"AA I,14 N.033",LBr 263 Bl. 17,17-17,True,2,37,6,heavy_revision,partial,False,de,de,0.9111,"Abf.; eigh. Aufschr., Siegel, Postverm.",Feller (KorrespDB) (GND),Leibniz (GND),1697-09-13 (97-09-03)
17572,DE-611-HS-974424,"AA I,14 N.034",LBr 429 Bl. 57,57-57,True,2,65,6,light_revision,other,False,de,de,1.0,Abf.,"Hugo,L. (KorrespDB) (GND)",Leibniz (GND),1697-09-13 (97-09-03)
17578,DE-611-HS-868291,"AA I,12 N.215",LBr 1028 Bl. 28-29,28-29,True,4,128,26,light_revision,partial,False,de,de,0.9429,Konz. mit eigh. Ändergn; eigh. Anschr.,Leibniz (GND),Zunner (KorrespDB) (GND),1696-01-13 (96-01-03)
17581,DE-611-HS-866791,"AA I,12 N.218",LBr 883 Bl. 113-114,113-114,True,4,227,13,heavy_revision,partial,False,de,de,1.0,"Abf., eigh. Aufschr., Siegel; L eigh.: beantwortet; Bibl.verm.","Freiesleben,J.Fr. (KorrespDB) (GND)",Leibniz (GND),1696-01-14 (96-01-04)
17582,DE-611-HS-866791,"AA I,12 N.218",LBr 883 Bl. 77 (r°=K_7578/1),77-77,True,2,31,0,light_revision,other,False,de,de,1.0,"Ausz., Gruber","Freiesleben,J.Fr. (KorrespDB) (GND)",Leibniz (GND),1696-01-14 (96-01-04)
17593,DE-611-HS-974744,"AA I,15 N.531",LBr 439 Bl. 9-10,9-10,True,4,511,58,heavy_revision,other,False,de,de,0.9971,Konz. mit mehreren Ändergn,Leibniz (GND),"Jablonski,D.E. (KorrespDB) (GND)",1698-09
17596,DE-611-HS-866403,"AA I,14 N.040",LBr 766 Bl. 58,58-58,True,2,60,38,light_revision,other,False,de,de,1.0,Abf.,"Reinerding,J.Th. (KorrespDB) (GND)",Leibniz (GND),1697-10-04 (97-09-24)
17662,00068369,"AA I,16 N.181","LH 1, 11 Bl. 323-324",323-324,True,4,326,16,light_revision,partial,False,de,de,0.9744,"Abf., Schr.; eigh. Unterschr.; Aufschr. v.Schr.Hd, Siegel, Postverm.; L: repondu par ma 6_me",Buchhaim (KorrespDB) (GND),Leibniz (GND),1698-11-22
17680,DE-611-HS-861773,"AA I,12 N.034",LBr 731 Bl. 23-24,23-24,True,4,126,27,light_revision,other,False,de,de,0.9703,verworf. Abf.; Bobl.verm.,Leibniz (GND),Platen (KorrespDB) (GND),1696-01-26 (96-01-16)
17686,DE-611-HS-866668,"AA I,14 N.008",LBr 863 Bl. 46-47,46-47,True,4,315,49,heavy_revision,partial,False,de,de,0.9898,"Abf.; eigh. Aufschr., Siegel",Sieverds (KorrespDB) (GND),Leibniz (GND),1697-06-12 (97-06-02)
17714,DE-611-HS-868237,"AA I,16 N.019",LBr 1020 Bl. 7-8,7-8,True,4,114,6,heavy_revision,other,False,de,de,0.9929,Abf.,Zabany (KorrespDB),Leibniz (GND),1698-11-18 (98-11-08)
17720,DE-611-HS-971145,"AA I,14 N.356",LBr 266 Bl. 1-2,1-2,True,4,179,31,light_revision,other,False,de,de,0.984,Abf.,Fidler (KorrespDB),Leibniz (GND),1697-10-18 (97-10-08)
17735,DE-611-HS-960234,"AA I,14 N.313",LBr 248 Bl. 105-106,105-106,True,4,332,13,heavy_revision,other,False,de,de,0.9086,Abf. mit Bemerkgn von L'Hd,"Eyben,H.v. (KorrespDB) (GND)",Leibniz (GND),1697-10-04 (97-09-24)
17752,DE-611-HS-867302,"AA I,14 N.100",LBr 891 Bl. 8,8-8,True,2,34,2,heavy_revision,other,False,de,de,1.0,Abf.,Stapell (KorrespDB),Leibniz (GND)Zachariae (KorrespDB),1697-05-11
17754,DE-611-HS-866403,"AA I,16 N.049",LBr 766 Bl. 69,69-69,True,2,38,13,light_revision,other,False,de,de,1.0,Abf.,"Reinerding,J.Th. (KorrespDB) (GND)",Leibniz (GND),1699-01-14 (99-01-04)
1777,DE-611-HS-3616805,"AA III,4 N.229",LBr 79 Bl. 7-8,7-8,True,4,384,96,heavy_revision,partial,False,de,de,0.9196,"Abf., eigh. Aufschr., Siegel","Bodenhausen,R.C. (KorrespDB) (GND)",Leibniz (GND),1690-01-21
17788,,"AA I,15 N.082","Gotha FB B 670, 16",,False,0,0,0,unknown,other,False,de,de,0.9625,Abf. mit Ändergn,Leibniz (GND),"Reinerding,J.Th. (KorrespDB) (GND)",1698-07-04 (98-04-24)
17798,DE-611-HS-856265,"AA I,15 N.298",LBr 562 Bl. 35,35-35,True,2,56,11,heavy_revision,other,False,de,de,1.0,"Abf., Schr. schwarzer Rand",Limbach (KorrespDB) (GND),Leibniz (GND),1698-04-07
17803,,"AA I,15 N.105",Hannover NLA Hann. 153 Acc. 2004/107 Nr. 5 Bl. (alt: NLB Bibliotheksakten A7 Bl. 77-78),,False,0,0,0,unknown,partial,False,de,de,0.9919,"Abf., eigh. Aufschr., Siegel","Reinerding,J.Th. (KorrespDB) (GND)",Leibniz (GND),1698-09-30 (98-09-20)
17817,DE-611-HS-971128,"AA I,16 N.117",LBr 263 Bl. 28,28-28,True,2,31,12,heavy_revision,other,False,de,de,1.0,Abf. mit einigen Ändergn,Leibniz (GND),"Schmidt,J.A. (KorrespDB) (GND)",1698-10-17 (98-10-07)
17819,DE-611-HS-971128,"AA I,16 N.006",LBr 263 Bl. 24-25,24-25,True,4,148,15,light_revision,other,False,de,de,0.8966,"Abf.; Aufschr., schwarzes Siegel",Balcke (KorrespDB),Leibniz (GND),1698-10-18 (98-10-08)
17830,DE-611-HS-867759,"AA I,12 N.471",LBr 946 Bl. 11r° (10-11=6832),11-11,True,2,90,8,light_revision,partial,False,de,de,1.0,Ausz. aus d.nicht gefund. Abf.; mit geringfüg. eigh. Ändergn,Leibniz (GND),Uhlich (KorrespDB) (GND),1696-07-27 (96-07-17)
17836,,"AA I,11 N.055",Hannover NLA Hann. 153 Acc. 2004/107 Nr. 5 Bl. (alt: NLB Bibliotheksakten A7 Bl. 109,,False,0,0,0,unknown,other,False,de,de,0.9753,Konz. mit einigen Ändergn,Leibniz (GND),"Wolfenbüttel,Rudolf August v. (KorrespDB) (GND)",1695-07
17848,00068198,"AA I,12 N.135","LH 35, 13, 2b Bl. 209v° (r° & v° undat. math.Unters. von L)",209-209,True,2,111,1,heavy_revision,other,False,de,de,0.9909,"Konz., von L gestr.",Leibniz (GND),"Mencke,O. (KorrespDB) (GND)",1695-11
17869,DE-611-HS-959288,"AA I,15 N.109",LBr 82 Bl. 40,40-40,True,2,30,15,heavy_revision,partial,False,de,de,0.9486,"Abf., eigh. Aufschr., schwarzes Siegel","Böhmer,J.Chr. (KorrespDB) (GND)",Leibniz (GND),1697-12
17873,DE-611-HS-971128,"AA I,16 N.005",LBr 263 Bl. 23,23-23,True,2,51,0,heavy_revision,other,False,de,de,0.9908,Konz. mit mehreren Korr. & erg.,Leibniz (GND),Balcke (KorrespDB),1698-10-17
17882,,"AA I,14 N.043","Ms 23, 1150 Bl. 179-180",,False,0,0,0,unknown,own,True,de,de,0.9228,"Reinschr., eigh.",Leibniz (GND),"Hugo,L. (KorrespDB) (GND)",1697-10
17887,,"AA I,12 N.085","Gotha FB B 670, 13",,False,0,0,0,unknown,other,False,de,de,0.973,Abf. mit geringfüg. Ändergn,Leibniz (GND),"Reinerding,J.Th. (KorrespDB) (GND)",1696-07-27 (96-07-17)
17939,,"AA I,15 N.129",Hannover NLA Hann. 153 Acc. 2018/55 Nr. 76 Bl. 125 (alt: NLB Bibliotheksakten A5a Bl. 108),,False,0,0,0,unknown,other,False,de,de,0.75,Abf.,"Förster,N. (KorrespDB) (GND)",Leibniz (GND),1698-01-07 (97-12-28)
17951,DE-611-HS-974744,"AA I,15 N.294",LBr 439 Bl. 8,8-8,True,2,33,6,heavy_revision,other,False,de,de,1.0,Konz. mit Dat. & Unterschr.,Leibniz (GND),"Jablonski,D.E. (KorrespDB) (GND)",1698-04-05 (98-03-26)
17958,DE-611-HS-974436,"AA I,11 N.379",LBr 435 Bl. 14-15,14-15,True,4,196,25,light_revision,other,False,de,de,0.9949,Abf.; Bibl.verm.,Huthmann (KorrespDB) (GND),Leibniz (GND),1695-07-13 (95-07-03)
17970,DE-611-HS-974429,"AA I,14 N.362",LBr 431 Bl. 14-15,14-15,True,4,146,12,heavy_revision,other,False,de,de,0.953,Abf.; Bleistiftstriche von unbek. Hd; Bibl.verm.,Huldeberg (KorrespDB) (GND),Leibniz (GND),1697-10-19 (97-10-09)
17986,DE-611-HS-974424,"AA I,12 N.042",LBr 429 Bl. 52.55,52-52,True,2,63,4,light_revision,other,False,de,de,1.0,Abf.,"Hugo,L. (KorrespDB) (GND)",Leibniz (GND),1696-02-22 (96-02-12)
17987,DE-611-HS-867148,"AA I,12 N.069",LBr 818 Bl. 53 (v°= K_8062),53-53,True,2,50,10,heavy_revision,other,False,de,de,0.9423,Konz. mit einigen stilist. Ändergn; beschnitten,Leibniz (GND),"Wolfenbüttel,Rudolf August v. (KorrespDB) (GND)",1696-05
1802,,"AA III,4 N.204","Hannover NLA Cal.Br. 4, 535 Bl. 156-163",,False,0,0,0,unknown,other,False,de,de,0.9839,Abschr. von L2 mit geringfüg. Ändergn von Crafft & Korr. von L,"Crafft,J.D. (KorrespDB) (GND)Leibniz (GND)",Leopold I. (Kaiser) (KorrespDB) (GND),1688
1803,,"AA III,4 N.204","Hannover NLA Cal.Br. 4, 535 Bl. 164-169",,False,0,0,0,unknown,other,False,de,de,0.9839,Abschr. von K2 mit Korr. von L sowie Bleistifteintraggn viell. von Crafft,"Crafft,J.D. (KorrespDB) (GND)Leibniz (GND)",Leopold I. (Kaiser) (KorrespDB) (GND),1688
18037,DE-611-HS-859703,"AA I,15 N.343",LBr 636 Bl. 127,127-127,True,2,38,18,heavy_revision,other,False,de,de,1.0,Abf.,"Mencke,O. (KorrespDB) (GND)",Leibniz (GND),1698-04-30 (98-04-20)
1804,,"AA III,4 N.204","Hannover NLA Cal.Br. 4, 535 Bl. 170-171",,False,0,0,0,unknown,other,False,de,de,0.9839,Abschr.von L1 mit geringfüg. Ändergn,"Crafft,J.D. (KorrespDB) (GND)Leibniz (GND)",Leopold I. (Kaiser) (KorrespDB) (GND),1688
18042,,"AA I,15 N.038","Ms 23, 289, 3 Bl. 1.3.6-7",,False,0,0,0,unknown,other,False,de,de,0.9935,"Abf., Textverlust durch Wasserschaden, Bibl.verm.","Kotzebue,J.F. (KorrespDB)",Leibniz (GND),1698-03
18048,DE-611-HS-971128,"AA I,16 N.132",LBr 263 Bl. 31-32,31-32,True,4,257,6,heavy_revision,other,False,de,de,1.0,Abf.,"Förster,N. (KorrespDB) (GND)",Leibniz (GND),1698-10-25 (98-10-15)
18049,DE-611-HS-974744,"AA I,16 N.133",LBr 439 Bl. 20-23,20-23,True,8,359,97,light_revision,other,False,de,de,0.8896,Abf.,"Jablonski,D.E. (KorrespDB) (GND)",Leibniz (GND),1698-10-25 (98-10-15)
18050,DE-611-HS-971128,"AA I,16 N.135",LBr 263 Bl. 52,52-52,True,2,35,1,heavy_revision,other,False,de,de,0.9722,"Abf., quer",Carll (KorrespDB),Leibniz (GND),1698-10-26 (98-10-16)
18065,DE-611-HS-974424,"AA I,12 N.043",LBr 429 Bl. 53-54,53-54,True,4,132,5,light_revision,other,False,de,de,0.9231,Abf.,"Hugo,L. (KorrespDB) (GND)",Leibniz (GND),1696-02-22
18112,,"AA I,8 N.292",,,False,0,0,0,unknown,none,False,de,de,0.9892,,Leibniz (GND),Tentzel (KorrespDB) (GND),1692-10-27
18123,DE-611-HS-867251,"AA I,14 N.213",LBr 849 Bl. 8-9,8-9,True,4,244,14,heavy_revision,partial,False,de,de,0.9363,"Abf., eigh. Aufschr.",Schwachheim (KorrespDB) (GND),Leibniz (GND),1697-07-24 (97-07-14)
18136,DE-611-HS-3616222,"AA I,14 N.050",LBr 42 Bl. 3,3-3,True,2,59,4,heavy_revision,other,False,de,de,1.0,Konz.,Leibniz (GND),"Wolfenbüttel,Rudolf August v. (KorrespDB) (GND)",1697-10-18
18138,,"AA I,11 N.303","Ms 4, 470 Bl. 27 (=46685)",,False,0,0,0,unknown,other,False,de,de,0.8308,"Abf., Erasmi",(ein Siebenbürger) (KorrespDB),Leibniz (GND),1695-05-14
18149,DE-611-HS-859703,"AA I,14 N.144",LBr 636 Bl. 121,121-121,True,2,61,31,heavy_revision,partial,False,de,de,0.9677,"Abf., eigh. Aufschr., Siegel, Postverm.","Mencke,O. (KorrespDB) (GND)",Leibniz (GND),1697-06-01 (97-05-22)
18156,DE-611-HS-866403,"AA I,14 N.012",LBr 766 Bl. 56,56-56,True,2,58,22,heavy_revision,other,False,de,de,0.9896,Abf.,"Reinerding,J.Th. (KorrespDB) (GND)",Leibniz (GND),1697-07-08 (97-06-28)
18162,DE-611-HS-859703,"AA I,14 N.263",LBr 636 Bl. 181v°,181-181,True,2,99,0,heavy_revision,other,False,de,de,0.9435,Ausz. aus d.nicht gefund. Abf.,Leibniz (GND),"Mencke,O. (KorrespDB) (GND)",1697-08
18198,DE-611-HS-974429,"AA I,14 N.477",LBr 431 Bl. 16-18,16-18,True,6,266,41,heavy_revision,other,False,de,de,0.9633,Abf.; Bibl.verm.: Corregio; Bleistiftstriche am Rande von unbek.Hd,Huldeberg (KorrespDB) (GND),Leibniz (GND),1697-12-14 (97-12-04)
18206,DE-611-HS-859703,"AA I,15 N.355",LBr 636 Bl. 128,128-128,True,2,63,26,heavy_revision,partial,False,de,de,1.0,"Abf.; eigh. Aufschr., Siegelrest, Postverm.","Mencke,O. (KorrespDB) (GND)",Leibniz (GND),1698-05-03 (98-04-23)
18231,,"AA I,12 N.028",Hannover NLA Hann. 153 Acc. 2004/107 Nr. 1 (alt: NLB Bibliotheksakten A6 Bl. 147),,False,0,0,0,unknown,partial,False,de,de,1.0,"Konz. mit eigh. Ändergn; 19,5x12cm, 9 Z.",Leibniz (GND),"Wolfenbüttel,Anton Ulrich v. (KorrespDB) (GND)",1696-01-03
18240,00068208,"AA I,15 N.353","LH 35, 15, 6 Bl. 19v° (r°=35845)",19-19,True,2,89,7,heavy_revision,other,False,de,de,0.92,Abf.,Leibniz (GND),"Ludolf,H. (KorrespDB) (GND)",1698-05-03 (98-04-23)
18246,DE-611-HS-3614216,"AA I,15 N.332",LBr 1006 Bl. 34,34-34,True,2,42,19,light_revision,other,False,de,de,0.9608,Abf.; Bibl.verm.,Winkelmann (KorrespDB) (GND),Leibniz (GND),1698-04-24 (98-04-14)
1825,DE-611-HS-3616805,"AA III,4 N.262",LBr 79 Bl. 22-23,22-23,True,4,183,36,light_revision,partial,False,de,de,0.9923,"Abf., eigh. Aufschr., Siegel","Bodenhausen,R.C. (KorrespDB) (GND)",Leibniz (GND),1690-06-10
18252,DE-611-HS-957842,"AA I,15 N.065",LBr 133 Bl. 59,59-59,True,2,34,3,light_revision,other,False,de,de,1.0,Abf.; untere Blatthälfte mit e.Teil d.Schlußkurialien & Unterschr. abgetrennt; Bibl.verm.,Feller (KorrespDB) (GND),Leibniz (GND),1698-05-02 (98-04-22)
18317,DE-611-HS-856819,"AA I,15 N.026",LBr 595 Bl. 197v°,197-197,True,2,72,0,heavy_revision,other,False,de,de,1.0,"Konz.-Fragm., 137x164mm,8 Z.",Leibniz (GND),"Reinerding,J.Th. (KorrespDB) (GND)",1698-02
18318,DE-611-HS-856819,"AA I,15 N.026",LBr 595 Bl. 197v°,197-197,True,2,72,0,heavy_revision,other,False,de,de,1.0,"Konz.-Fragm., 137x164mm,8 Z.",Leibniz (GND),"Reinerding,J.Th. (KorrespDB) (GND)",1698-02
18322,,"AA I,12 N.345",Gotha FB B 199 Bl. 407-408,,False,0,0,0,unknown,partial,False,de,de,1.0,"Abf., Schr. (L21d:Reimers), mit geringfüg. eigh. Ändergn von L",Leibniz (GND),(Monatliche Unterredungen),1696-04-13
18324,,"AA I,11 N.007",Hannover NLA Hann. 153 Acc. 2004/107 Nr. 5 Bl. (alt: NLB Bibliotheksakten A7 Bl. 111.114,,False,0,0,0,unknown,partial,False,de,de,0.9878,"Konz. mit Ändergn, sehr flücht. Schr.; eigh. dat.: 29.X_b.1694",Leibniz (GND),"Wolfenbüttel,Anton Ulrich v. (KorrespDB) (GND)",1695-01-08
18325,,"AA I,11 N.007",Hannover NLA Hann. 153 Acc. 2004/107 Nr. 5 Bl. (alt: NLB Bibliotheksakten A7 Bl. 112-113,,False,0,0,0,unknown,other,False,de,de,0.9878,Reinschr.,Leibniz (GND),"Wolfenbüttel,Anton Ulrich v. (KorrespDB) (GND)",1695-01-08
18341,DE-611-HS-958599,"AA I,12 N.056",LBr 195 Bl. 41,41-41,True,2,53,1,heavy_revision,other,False,de,de,1.0,Abf.,Dannenberg (KorrespDB),Leibniz (GND),1696-05-04 (96-04-24)
18344,,"AA I,12 N.061","Ms 23, 217a 1 Bl. 14-15",,False,0,0,0,unknown,partial,False,de,de,0.968,"Abf.; eigh. Aufschr., Siegel",Reimers (KorrespDB),Leibniz (GND),1696-05-12 (96-05-02)
18366,DE-611-HS-974424,"AA I,15 N.005",LBr 429 Bl. 60,60-60,True,2,38,16,light_revision,other,False,de,de,0.9821,Abf.; L: Decemb.1697; Bibl.verm.,Reiche (KorrespDB) (GND),Leibniz (GND),1698-01
18369,DE-611-HS-3614216,"AA I,16 N.323",LBr 1006 Bl. 36,36-36,True,2,43,2,light_revision,partial,False,de,de,1.0,"Abf., eigh. Aufschr.; geringer Textverlust durch ausgeriss. schwarzes Siegel",Winkelmann (KorrespDB) (GND),Leibniz (GND),1699-02-01 (99-01-22)
18377,DE-611-HS-867351,"AA I,15 N.244",LBr 903 Bl. 1-2,1-2,True,4,57,10,light_revision,partial,False,de,de,0.871,"Abf., mit Goldschnitt; eigh. Aufschr., Siegel",Stoeteroggen (KorrespDB) (GND),Leibniz (GND),1698-03-02 (98-02-20)
18380,DE-611-HS-854970,"AA I,12 N.339",LBr 462 Bl. 3-4,3-4,True,4,170,18,light_revision,partial,False,de,de,0.956,"Abf.& Aufschr. v.Schr.Hd; eigh. Ergebenheitsformel & Unterschr.; Siegel, Bibl.verm.",Kelp (KorrespDB) (GND),Leibniz (GND),1696-04-09 (96-03-30)
18396,DE-611-HS-974104,"AA I,15 N.131",LBr 417 Bl. 1-2,1-2,True,4,169,34,light_revision,partial,False,de,de,0.9474,"Abf.; eigh. Aufschr., Siegel",Höfler (KorrespDB),Leibniz (GND),1698-01-07 (97-12-28)
18399,DE-611-HS-958774,"AA I,15 N.130",LBr 48 Bl. 3-7,3-7,True,10,392,24,light_revision,other,False,de,de,0.9701,Abf.; Bibl.verm.,Benthem (KorrespDB) (GND),Leibniz (GND),1698-01-07 (97-12-28)
18439,DE-611-HS-860383,"AA I,15 N.249",LBr 661 Bl. 32.35,32-32,True,2,87,9,heavy_revision,other,False,de,de,0.9963,Ausz.,Gichtel (KorrespDB) (GND),"Morell,A. (KorrespDB) (GND)",1698-03-04
18448,00068366,"AA I,15 N.054","LH 1, 8 Bl. 252",252-252,True,0,0,0,unknown,partial,False,de,de,0.9836,Konz.; eigh. Aufschr.; 100x195mm,Leibniz (GND),"Wolfenbüttel,Anton Ulrich v. (KorrespDB) (GND)",1698-04
18473,DE-611-HS-974744,"AA I,16 N.096",LBr 439 Bl. 17,17-17,True,2,22,13,light_revision,other,False,de,de,1.0,Abf.; Jahreszahl d.Datums von L erg.,"Jablonski,D.E. (KorrespDB) (GND)",Leibniz (GND),1698-10-05 (98-09-25)
18474,DE-611-HS-974744,"AA I,16 N.097",LBr 439 Bl. 18-19 (=14359;14360),18-19,True,4,107,5,scrap,partial,False,de,de,0.963,Konz.; eigh. Anschr.; eigh. Notizen von L'Hd,Leibniz (GND),"Jablonski,D.E. (KorrespDB) (GND)",1698-10-05 (98-09-25)
18510,DE-611-HS-971145,"AA I,15 N.288",LBr 266 Bl. 3-4,3-4,True,4,135,0,light_revision,other,False,de,de,0.9701,Abf.; Bibl.verm.,Fidler (KorrespDB),Leibniz (GND),1698-03-30 (98-03-20)
18512,DE-611-HS-971300,"AA I,14 N.457",LBr 286 Bl. 37-38,37-38,True,4,215,41,light_revision,partial,False,de,de,0.9821,"Abf.; eigh. Aufschr., Siegelrest","Freiesleben,J.Fr. (KorrespDB) (GND)",Leibniz (GND),1697-12-07 (97-11-27)
18514,DE-611-HS-958505,"AA I,16 N.140",LBr 164 Bl. 3-4,3-4,True,4,128,24,light_revision,other,False,de,de,1.0,Abf.,Coch (KorrespDB) (GND),Leibniz (GND),1698-10-29 (98-10-19)
18516,DE-611-HS-974744,"AA I,16 N.141",LBr 439 Bl. 24,24-24,True,2,50,11,heavy_revision,other,False,de,de,1.0,Konz.,Leibniz (GND),"Jablonski,D.E. (KorrespDB) (GND)",1698-10-30 (98-10-20)
18527,DE-611-HS-957858,"AA I,15 N.179",LBr 139 Bl. 4v° (3-4r°=14279),4-4,True,2,98,0,light_revision,other,False,de,de,0.8852,Ausz. aus d.Abf.,Leibniz (GND),Calixt (KorrespDB) (GND),1698-01-31 (98-01-21)
18537,DE-611-HS-856265,"AA I,15 N.489",LBr 562 Bl. 64-65,64-65,True,4,289,42,heavy_revision,other,False,de,de,0.9888,"Konz.(?), Schr., mit Ändergn von L'Hd",Leibniz (GND),Limbach (KorrespDB) (GND),1698-08-18 (98-08-08)
18544,00068378,"AA I,15 N.454","LH 1, 20 Bl. 246",246-246,True,2,10,1,heavy_revision,other,False,mixed,de,0.5882,Abf.,Molanus (KorrespDB) (GND),Leibniz (GND),1698-07
18546,,"AA I,14 N.080",Hannover NLA Hann. 153 Acc. 2018/55 Nr. 79 Bl. 125 (alt: NLB Bibliotheksakten A5b Bl. 340),,False,0,0,0,unknown,other,False,de,de,1.0,Abf.,"Förster,N. (KorrespDB) (GND)",Leibniz (GND),1697-05-02 (97-02-22)
18552,,"AA I,15 N.083",Hannover NLB Bibliotheksakten A5a Bl. 116 (jetzt LK-MOW Klenck10 Bl. C116),,False,0,0,0,unknown,partial,False,de,de,0.8333,"Abf., eigh. Aufschr.","Klencke,Ch.E. (KorrespDB)",Leibniz (GND),1698-07-07 (98-06-27)
18574,DE-611-HS-860443,"AA I,14 N.022",LBr 668 Bl. 18,18-18,True,2,27,2,light_revision,other,False,de,de,1.0,Abf.,"Müller,J.U. (KorrespDB) (GND)",Leibniz (GND),1697-08-09 (97-07-30)
18582,DE-611-HS-867759,"AA I,14 N.419",LBr 946 Bl. 18,18-18,True,2,67,12,heavy_revision,other,False,de,de,0.9661,Abf.,Uhlich (KorrespDB) (GND),Leibniz (GND),1697-11-22 (97-11-12)
18641,DE-611-HS-867195,"AA I,14 N.165",LBr 830 Bl. 34-36,34-36,True,6,281,4,heavy_revision,other,False,de,de,0.9899,Abf.; Bibl.verm.,"Schrader,Chr. (KorrespDB)",Leibniz (GND),1697-06-27 (97-06-17)
18645,,"AA I,16 N.180","Kapp, Sammlung, 1745, S. 12",,False,0,0,0,unknown,other,False,de,de,1.0,Erstdr. nach d.Abf.,"Jablonski,D.E. (KorrespDB) (GND)",Leibniz (GND),1698-11-22 (98-11-12)
18648,DE-611-HS-971128,"AA I,16 N.053",LBr 263 Bl. 37r° (36-37v°=13698),37-37,True,2,148,14,light_revision,other,False,mixed,de,0.5435,Abschr.,Leibniz (GND),Feller (KorrespDB) (GND),1699-01
18657,,"AA I,12 N.067","Gotha FB A 448-449 Bl. 86.88 (Bl.88v°r.,späterer Brief v.L )",,False,0,0,0,unknown,partial,False,de,de,0.9781,Konz. mit eigh. Ändergn,Leibniz (GND),"Wolfenbüttel,Rudolf August v. (KorrespDB) (GND)",1696-05-18
18676,DE-611-HS-957365,"AA I,14 N.061",LBr 28 Bl. 11,11-11,True,2,42,3,heavy_revision,other,False,de,de,1.0,Abf.,Balcke (KorrespDB),Leibniz (GND),1697-11-29 (97-11-19)
18680,DE-611-HS-958774,"AA I,14 N.384",LBr 48 Bl. 1-2,1-2,True,4,202,15,light_revision,partial,False,de,de,0.9167,"Abf., eigh. Aufschr., Siegel, Bibl.verm.",Benthem (KorrespDB) (GND),Leibniz (GND),1697-11-04 (97-10-25)
18683,DE-611-HS-867251,"AA I,15 N.458",LBr 849 Bl. 22-23,22-23,True,4,248,16,heavy_revision,partial,False,de,de,0.9448,"Abf., eigh. Aufschr., Siegel, Bibl.verm.",Schwachheim (KorrespDB) (GND),Leibniz (GND),1698-07-23 (98-07-13)
18686,,"AA I,15 N.087","Hannover NLA Hann. 93, 483",,False,0,0,0,unknown,other,False,de,de,0.991,"Abschr., 1 Bog.",Leibniz (GND),"Oberg,B. (KorrespDB) (GND)",1698-07-25
18687,DE-611-HS-974744,"AA I,15 N.537",LBr 439 Bl. 15-16,15-16,True,4,114,26,light_revision,other,False,de,de,1.0,Abf.,"Jablonski,D.E. (KorrespDB) (GND)",Leibniz (GND),1698-09-27 (98-09-17)
18709,DE-611-HS-971128,"AA I,16 N.003",LBr 263 Bl. 21-22,21-22,True,4,163,16,light_revision,partial,False,de,de,0.9577,"Abf., eigh. Aufschr., Siegel",Balcke (KorrespDB),Leibniz (GND),1698-10-11 (98-10-01)
18712,,"AA I,15 N.087","Ms 23, 183 Bl. 71-72",,False,0,0,0,unknown,other,False,de,de,0.991,Konz. mit zahlr. Ändergn,Leibniz (GND),Reiche (KorrespDB) (GND)Oberg,1698-07-25
18713,,"AA I,15 N.087","Ms 23, 183 Bl. 75-75a",,False,0,0,0,unknown,other,False,de,de,0.991,Teilreinschr.,Leibniz (GND),Reiche (KorrespDB) (GND)Oberg,1698-07-25
18722,DE-611-HS-859703,"AA I,14 N.218",LBr 636 Bl. 181 (S.1-2),181-181,True,2,99,27,heavy_revision,partial,False,de,de,0.9645,"Abf., eigh. Aufschr., Siegel, Postverm.","Mencke,O. (KorrespDB) (GND)",Leibniz (GND),1697-07
18738,DE-611-HS-974744,"AA I,15 N.488",LBr 439 Bl. 11-14,11-14,True,8,406,134,light_revision,other,False,de,de,0.9722,Abf.,"Jablonski,D.E. (KorrespDB) (GND)",Leibniz (GND),1698-08-16 (98-08-06)
18739,DE-611-HS-868237,"AA I,15 N.091",LBr 1020 Bl. 2-3,2-3,True,4,90,1,heavy_revision,partial,False,de,de,0.9574,"Abf.; eigh. Aufschr., schwarzes Siegel",Zabany (KorrespDB),Leibniz (GND),1698-08-16 (98-08-06)
18741,,"AA I,15 N.489",,,False,0,0,0,unknown,other,False,de,de,0.9888,MF,Leibniz (GND),Limbach (KorrespDB) (GND),1698-08-18 (98-08-08)
18746,,"AA I,15 N.040","Ms 23, 289, 11 Bl. 11r°",,False,0,0,0,unknown,other,False,de,de,0.9583,Abf.; L: manus Electricis,Sophie (KorrespDB) (GND),Leibniz (GND),1698-03
18766,,"AA I,15 N.042","Ms 23, 289, 11 Bl. 14r° (10v°=48607)",,False,0,0,0,unknown,other,False,de,de,1.0,Abf.; L: von der Fr.Hofmeisterin,"Harling,A.K. (KorrespDB) (GND)Leibniz (GND)",Leibniz (GND),1698-03
18781,,"AA I,15 N.047","Ms 13, 762d 6 Bl. 1.84",,False,0,0,0,unknown,partial,False,de,de,0.9394,"Abf.; eigh. Aufschr., Siegelrest",Reiche (KorrespDB) (GND),Leibniz (GND),1698-03
18786,DE-611-HS-867251,"AA I,15 N.253",LBr 849 Bl. 17-18,17-18,True,4,208,10,heavy_revision,partial,False,de,de,0.9495,"Abf., eigh. Aufschr., Siegel, Postverm., Bibl.verm.",Schwachheim (KorrespDB) (GND),Leibniz (GND),1698-03-05 (98-02-23)
18868,00068366,"AA I,15 N.028","LH 1, 8 Bl. 253-254",253-254,True,0,0,0,unknown,other,False,de,de,0.9464,"Abf., Goldschnitt","Wolfenbüttel,Anton Ulrich v. (KorrespDB) (GND)",Leibniz (GND),1698-03-05 (98-02-23)
18870,DE-611-HS-856265,"AA I,15 N.462",LBr 562 Bl. 40-41 (41v°=28005),40-41,True,4,294,26,heavy_revision,other,False,de,de,0.8875,Konz. mit Ändergn,Leibniz (GND),Limbach (KorrespDB) (GND),1698-07-30 (98-07-20)
18891,DE-611-HS-957365,"AA I,14 N.059",LBr 28 Bl. 9-10,9-10,True,4,164,10,heavy_revision,other,False,de,de,1.0,Abf.,Balcke (KorrespDB),Leibniz (GND),1697-11-22 (97-11-12)
18942,DE-611-HS-856265,"AA I,15 N.453",LBr 562 Bl. 66-67,66-67,True,4,76,8,light_revision,other,False,de,de,0.9149,Abf.; Bibl.verm.,Limbach (KorrespDB) (GND),Leibniz (GND),1698-06
18970,,"AA I,15 N.069","Ms 23, 1150 Bl. 204-205",,False,0,0,0,unknown,other,False,de,de,0.9908,"Konz., Hammerstein, mit durchgäng. Überarb. von L'Hd, ohne Ort & Datum",Hammerstein (KorrespDB) (GND),"Braunschweig-Lüneburg,Georg Ludwig v.Hannover (KorrespDB) (GND)",1698-05-27 (98-05-17)
18971,,"AA I,15 N.069","Ms 23, 1150 Bl. 206",,False,0,0,0,unknown,other,False,de,de,0.9908,Reinschr. von L'Hd mit einigen Ändergn & Datum; Bibl.verm.,Leibniz (GND),"Braunschweig-Lüneburg,Georg Ludwig v.Hannover (KorrespDB) (GND)",1698-05-27 (98-05-17)
18972,,"AA I,15 N.069",Osnabrück StA Rep. 101B 677,,False,0,0,0,unknown,other,False,de,de,0.9908,"Abf. ohne Ort & Datum, Kanzleihd; Schlußkurialien & Unterschr. von Hammersteins Hd","Osnabrück (Stift, Ev.Stände)","Braunschweig-Lüneburg,Georg Ludwig v.Hannover (KorrespDB) (GND)",1698-05-27 (98-05-17)
18975,DE-611-HS-3614216,"AA I,15 N.285",LBr 1006 Bl. 31-32,31-32,True,4,120,16,light_revision,partial,False,de,de,0.9819,"Abf.; eigh. Aufschr., Siegelrest, Postverm., Bibl.verm.",Winkelmann (KorrespDB) (GND),Leibniz (GND),1698-03-27 (98-03-17)
18998,DE-611-HS-866403,"AA I,15 N.012",LBr 766 Bl. 64,64-64,True,2,50,9,heavy_revision,other,False,de,de,1.0,Abf.; geringfüg. Textverlust,"Reinerding,J.Th. (KorrespDB) (GND)",Leibniz (GND),1698-01-29 (98-01-19)
19069,DE-611-HS-867251,"AA I,14 N.215",LBr 849 Bl. 10-11,10-11,True,4,154,24,heavy_revision,partial,False,de,de,0.7943,"Abf., eigh. Aufschr., Siegel",Schwachheim (KorrespDB) (GND),Leibniz (GND),1697-07-30 (97-07-20)
19106,DE-611-HS-960234,"AA I,15 N.136",LBr 248 Bl. 109.111,109-109,True,2,116,27,light_revision,other,False,de,de,0.9455,Abf.,"Eyben,H.v. (KorrespDB) (GND)",Leibniz (GND),1698-01-10 (97-12-31)
19119,,"AA I,15 N.259",Hannover NLA Hann. 153 Acc. 2004/107 Nr. 5 Bl. (alt: NLB Bibliotheksakten A7 Bl. 94,,False,0,0,0,unknown,partial,False,de,de,1.0,"Abf., eigh. Aufschr., Siegel, dazu Notiz von L'Hand",Wilckening (KorrespDB),Leibniz (GND),1698-03-08 (98-02-26)
19120,DE-611-HS-3614216,"AA I,15 N.260",LBr 1006 Bl. 30,30-30,True,2,39,6,light_revision,other,False,de,de,0.9875,Abf.; Bibl.verm.,Winkelmann (KorrespDB) (GND),Leibniz (GND),1698-03-09 (98-02-27)
19129,DE-611-HS-866442,"AA I,14 N.062",LBr 776 Bl. 63,63-63,True,0,0,0,unknown,other,False,de,de,1.0,Abf.,"Müller,J.Cl. (KorrespDB)",Leibniz (GND),1697-11-29 (97-11-19)
19130,DE-611-HS-866403,"AA I,14 N.063",LBr 766 Bl. 61-62,61-62,True,4,212,29,heavy_revision,partial,False,de,de,1.0,Abf.; eigh. Aufschr.,"Reinerding,J.Th. (KorrespDB) (GND)",Leibniz (GND),1697-11-29 (97-11-19)
19138,DE-611-HS-867890,"AA I,14 N.209",LBr 971 Bl. 43-44,43-44,True,4,174,8,heavy_revision,partial,False,de,de,1.0,"Abf., eigh. Unterschr.","Schaumburg-Lippe,Friedrich Christian v. (KorrespDB) (GND)",Leibniz (GND),1697-07-23 (97-07-13)
19178,,"AA I,16 N.012",Berlin SB Autogr. (Sammlung Parthey),,False,0,0,0,unknown,other,False,de,de,1.0,Facsimile von 14394,Leibniz (GND),"Müller,J.U. (KorrespDB) (GND)",1698-11-05 (98-10-26)
19185,,"AA I,15 N.417",,,False,0,0,0,unknown,other,False,de,de,1.0,MF,Leibniz (GND),Blesendorff (KorrespDB) (GND),1698-06-15 (98-06-05)
19186,00068366,"AA I,15 N.076","LH 1, 8 Bl. 278",278-278,True,0,0,0,unknown,other,False,de,de,1.0,"Abf., Goldschnitt","Wolfenbüttel,Anton Ulrich v. (KorrespDB) (GND)",Leibniz (GND),1698-06-16 (98-06-06)
19191,DE-611-HS-859703,"AA I,15 N.237",LBr 636 Bl. 125,125-125,True,2,32,16,heavy_revision,partial,False,de,de,0.9535,"Abf.; eigh. Aufschr., Siegel, Postverm.","Mencke,O. (KorrespDB) (GND)",Leibniz (GND),1698-02-28 (98-02-18)
19268,,"AA I,15 N.029","Gotha FB B 670, 15",,False,0,0,0,unknown,partial,False,de,de,0.9362,"Abf.; eigh. Aufschr., Siegelrest, Bibl.verm.",Leibniz (GND),"Reinerding,J.Th. (KorrespDB) (GND)",1698-03-07 (98-02-25)
19277,,"AA I,14 N.043","Ms 23, 1150 Bl. 184r°",,False,0,0,0,unknown,other,False,de,de,0.9228,Konz.,Leibniz (GND),"Hugo,L. (KorrespDB) (GND)",1697-10
19301,,"AA I,16 N.185","Kapp, Sammlung, 1745, S. 15-17",,False,0,0,0,unknown,other,False,de,de,0.9498,Erstdr. nach d.nicht gefund. Abf.,Leibniz (GND),"Jablonski,D.E. (KorrespDB) (GND)",1698-11-26 (98-11-16)
19302,DE-611-HS-856265,"AA I,15 N.506",LBr 562 Bl. 44-45,44-45,True,4,211,43,heavy_revision,other,False,de,de,0.9899,"Abf., Schr.; mit geringfüg. Ändergn & Schlußkurialien von Limbachs Hd",Limbach (KorrespDB) (GND),Leibniz (GND),1698-09-04 (98-08-25)
19316,DE-611-HS-855859,"AA I,16 N.422",LBr 551 Bl. 4,4-4,True,2,86,0,heavy_revision,other,False,de,de,0.9892,Konz. mit Ändergn; Anschr.,Leibniz (GND),Leopold (KorrespDB) (GND),1699-04-07 (99-03-28)
19385,,"AA I,15 N.098",Göttingen StUB Hschr. Philos. 132 Bl. 31 (=33461),,False,0,0,0,unknown,other,False,mixed,de,0.6,Abf.; darunter Quittung von Fellers Hd,Leibniz (GND),Balcke (KorrespDB),1698-08-28 (98-08-18)
19393,DE-611-HS-856265,"AA I,15 N.372",LBr 562 Bl. 38-39,38-39,True,4,124,4,light_revision,other,False,de,de,0.9815,Abf.; Bibl.verm.,Limbach (KorrespDB) (GND),Leibniz (GND),1698-05-19 (98-05-09)
19417,,"AA I,16 N.474",Wolfenbüttel HAB Cod. Guelf. Leibn. 3 Bl. 2-5,,False,0,0,0,unknown,other,False,de,de,1.0,Abf.,Feller (KorrespDB) (GND),"Wolfenbüttel,Rudolf August v. (KorrespDB) (GND)",1699
19445,DE-611-HS-974424,"AA I,14 N.071",LBr 429 Bl. 41,41-41,True,2,75,9,heavy_revision,other,False,de,de,0.9851,Konz.,Leibniz (GND),"Hugo,L. (KorrespDB) (GND)",1697-12-24
19449,DE-611-HS-958803,"AA I,15 N.417","LBr 57, 1 Bl. 235v°-r° (=30310)",235-235,True,2,49,9,heavy_revision,other,False,de,de,1.0,"Teilkonz., durchstrichen",Leibniz (GND),Blesendorff (KorrespDB) (GND),1698-06-15 (98-06-05)
19457,DE-611-HS-974046,"AA I,15 N.428",LBr 403 Bl. 27-28,27-28,True,4,209,39,light_revision,partial,False,de,de,0.9841,"Abf.; eigh. Aufschr., Siegel",Blesendorff (KorrespDB) (GND),Leibniz (GND),1698-06-22 (98-06-12)
19464,00068368,"AA I,15 N.403","LH 1, 10 Bl. 349-350",349-350,True,4,570,37,heavy_revision,other,False,de,de,0.9882,Abf.,"Imhof,R.C. (KorrespDB) (GND)","Wolfenbüttel,Anton Ulrich v. (KorrespDB) (GND)",1698-06-07 (98-05-28)
19472,,"AA I,15 N.377","Hannover NLB Leibn. Marg. 161 Bl. 7r°.8v°oben (Frankf. Meßkatalog, 1698, Bl. 1-10)",7-7,False,0,0,0,unknown,other,False,mixed,de,0.5854,Konz.; Textverlust durch Beschneiden d.Ränder,Leibniz (GND),"Löffler,Fr.S. (KorrespDB) (GND)",1698-05-20 (98-05-10)
19490,00068366,"AA I,15 N.227","LH 1, 8 Bl. 188-189",188-189,True,4,380,51,heavy_revision,other,False,de,de,0.9446,Konz. mit mehreren Ändergn,Leibniz (GND),(Theologische Fakultät Helmstedt) (KorrespDB),1698-02-23
19506,00068369,"AA I,16 N.149","LH 1, 11 Bl. 326-327",326-327,True,4,152,26,light_revision,other,False,de,de,0.9841,Abf.; frz. Teil d.Anrede & der Schlußformel sowie Unterschr. von Buchh.'Hd,Buchhaim (KorrespDB) (GND),Leibniz (GND),1698-11-01
19507,DE-611-HS-971128,"AA I,16 N.010",LBr 263 Bl. 34-35,34-35,True,4,169,15,heavy_revision,other,False,de,de,1.0,Abf.,Feller (KorrespDB) (GND),Leibniz (GND),1698-11-01 (98-10-22)
19527,,"AA I,16 N.009","Ms 23, 181, 1, 1 Bl. 64",,False,0,0,0,unknown,other,False,de,de,1.0,K mit einigen Streichgn,Leibniz (GND),Feller (KorrespDB) (GND),1698-10
19573,,"AA I,15 N.029","Gotha FB B 670, 15",,False,0,0,0,unknown,partial,False,de,de,0.9362,"Abf.; eigh. Aufschr., Siegelrest, Bibl.verm.",Leibniz (GND),"Reinerding,J.Th. (KorrespDB) (GND)",1698-03-07 (98-02-25)
19593,DE-611-HS-957365,"AA I,15 N.030",LBr 28 Bl. 13-14,13-14,True,4,158,5,heavy_revision,other,False,de,de,1.0,Abf.,Balcke (KorrespDB),Leibniz (GND),1698-03-11 (98-03-01)
19599,00068378,"AA I,15 N.460","LH 1, 20 Bl. 242.245",242-242,True,2,252,93,heavy_revision,other,False,de,de,0.7631,Konz. mit mehreren Ändergn,Leibniz (GND),Molanus (KorrespDB) (GND),1698-07-28 (98-07-18)
19626,,"AA I,14 N.043","Ms 23, 1150 Bl. 165-175",,False,0,0,0,unknown,other,False,de,de,0.9228,"Abschr., Schr., mit Korr. & Erg. von L'Hd",Leibniz (GND),"Hugo,L. (KorrespDB) (GND)",1697-10
19673,DE-611-HS-974744,"AA I,16 N.240",LBr 439 Bl. 41-42,41-42,True,4,156,6,light_revision,other,False,de,de,1.0,Abf.,"Jablonski,D.E. (KorrespDB) (GND)",Leibniz (GND),1698-12-31 (98-12-21)
19684,,"AA I,15 N.380",Halle Franckesche Stiftungen AFSt/H C 147c,,False,0,0,0,unknown,other,False,de,de,1.0,Abf.,Leibniz (GND),Francke (KorrespDB) (GND),1698-05-22 (98-05-12)
19688,DE-611-HS-974046,"AA I,15 N.385",LBr 403 Bl. 26,26-26,True,2,48,14,light_revision,other,False,de,de,1.0,Abf.,Blesendorff (KorrespDB) (GND),Leibniz (GND),1698-05-24 (98-05-14)
19705,DE-611-HS-971128,"AA I,16 N.002",LBr 263 Bl. 19-20,19-20,True,4,256,33,light_revision,other,False,de,de,0.9898,"Abf.; Aufschr., Siegel, Postverm., Bibl.verm.: Felleri fuga",Feller (KorrespDB) (GND),Leibniz (GND),1698-10-08 (98-09-28)
19800,00068801,"AA I,15 N.017","LH 23, 2, 13 Bl. 1-2",1-2,True,4,213,30,light_revision,partial,False,de,de,0.9149,"Abf.; eigh. Aufschr., doppeltes Siegel",Reiche (KorrespDB) (GND),Leibniz (GND),1698-01
19811,,"AA I,16 N.012",Nürnberg GNM Autographenslg G.W.Leibniz,,False,0,0,0,unknown,own,True,de,de,1.0,"MF, eigh.",Leibniz (GND),"Müller,J.U. (KorrespDB) (GND)",1698-11-05 (98-10-26)
19812,DE-611-HS-960234,"AA I,14 N.304",LBr 248 Bl. 103-104 (=6604),103-104,True,4,348,8,heavy_revision,other,False,de,de,0.9935,"Ausz. aus d.nicht gefund. Abf., 28 Zeilen auf den Rändern bzw. zwischen den Zeilen",Leibniz (GND),"Eyben,H.v. (KorrespDB) (GND)",1697-09-29 (97-09-19)
19831,DE-611-HS-3614216,"AA I,15 N.168",LBr 1006 Bl. 28-29,28-29,True,4,82,15,light_revision,partial,False,de,de,0.945,Abf.; eigh. Aufschr.; geringfüg Textverlust durch ausgeriss. Siegel,Winkelmann (KorrespDB) (GND),Leibniz (GND),1698-01-26 (98-01-16)
19832,DE-611-HS-957858,"AA I,15 N.171",LBr 139 Bl. 3-4 (4v°=14283),3-4,True,4,196,39,light_revision,partial,False,de,de,0.9375,"Abf. eigh. Aufschr., Siegel, Postverm.",Calixt (KorrespDB) (GND),Leibniz (GND),1698-01-27 (98-01-17)
19874,00068366,"AA I,16 N.129","LH 1, 8 Bl. 164-165 (164 r°oben) (=14510; 28086)",164-165,True,4,190,3,heavy_revision,other,False,de,de,0.8608,"Ausz., L",Böhmer,Molanus (KorrespDB) (GND),1698-10-21
19953,DE-611-HS-971306,"AA I,16 N.424",LBr 287 Bl. 4,4-4,True,2,27,10,light_revision,other,False,de,de,1.0,Abf.,Freytag (KorrespDB) (GND),Leibniz (GND),1699-04-07 (99-03-28)
19954,DE-611-HS-855859,"AA I,16 N.421",LBr 551 Bl. 5,5-5,True,2,86,0,heavy_revision,other,False,de,de,1.0,Konz.; Bibl.verm.,Leibniz (GND),Lautensack (KorrespDB) (GND),1699-04-07 (99-03-28)
19955,DE-611-HS-855859,"AA I,16 N.421",LBr 551 Bl. 5,5-5,True,2,86,31,heavy_revision,other,False,de,de,1.0,Konz.; Bibl.verm.,Leibniz (GND),Lautensack (KorrespDB) (GND),1699-04-07 (99-03-28)
19957,00068800,"AA I,15 N.027","LH 23, 2, 12 Bl. 1-2",1-2,True,4,72,3,light_revision,partial,False,de,de,1.0,"Abf.; eigh. Aufschr., schwarzes Siegel, Bibl.verm.",Reiche (KorrespDB) (GND),Leibniz (GND),1698-03
19980,DE-611-HS-855794,"AA I,15 N.472",LBr 544 Bl. 138,138-138,True,2,33,0,light_revision,other,False,de,de,1.0,Abf.,"Leibniz,A.E. (KorrespDB) (GND)",Leibniz (GND),1698-08-05 (98-07-26)
19981,DE-611-HS-856265,"AA I,15 N.474",LBr 562 Bl. 42-43,42-43,True,4,208,6,light_revision,other,False,de,de,0.9412,Abf.; Bibl.verm.,Limbach (KorrespDB) (GND),Leibniz (GND),1698-08-07 (98-07-28)
19982,DE-611-HS-973564,"AA I,15 N.473",LBr 391 Bl. 2,2-2,True,2,41,1,heavy_revision,other,False,de,de,0.9697,Abf.,Hennenberg (KorrespDB) (GND),Leibniz (GND),1698-08-07 (98-07-28)
19989,DE-611-HS-974744,"AA I,15 N.294",LBr 439 Bl. 5-6,5-6,True,4,799,107,heavy_revision,other,False,de,de,1.0,Konz. mit Ändergn,Leibniz (GND),"Jablonski,D.E. (KorrespDB) (GND)",1698-04-05 (98-03-26)
20028,DE-611-HS-855794,"AA I,15 N.472",LBr 544 Bl. 138,138-138,True,2,33,11,light_revision,other,False,de,de,1.0,Abf.,"Leibniz,A.E. (KorrespDB) (GND)",Leibniz (GND),1698-08-05 (98-07-26)
20065,00068366,"AA I,15 N.014","LH 1, 8 Bl. 178-179",178-179,True,0,0,0,unknown,other,False,de,de,0.9735,"Abschr., L",(Theologische Fakultät Helmstedt) (KorrespDB),"Wolfenbüttel,Anton Ulrich v. (KorrespDB) (GND)",1698-02-11 (98-02-01)
20146,00068366,"AA I,15 N.056","LH 1, 8 Bl. 249 v° (248-249=14544;14543)",249-249,True,0,0,0,unknown,other,False,de,de,0.989,Konz. mit mehreren Ändergn,Leibniz (GND),"Wolfenbüttel,Anton Ulrich v. (KorrespDB) (GND)",1698-04-10
20147,00068366,"AA I,15 N.056","LH 1, 8 Bl. 250r°/v° (250-251=14547;14548)",250-250,True,0,0,0,unknown,partial,False,de,de,0.989,"Abschr. von 14546, , Schr., mit einigen eigh. Korr. von L",Leibniz (GND),"Wolfenbüttel,Anton Ulrich v. (KorrespDB) (GND)",1698-04-10 (98-03-31)
20152,DE-611-HS-974436,"AA I,15 N.438",LBr 435 Bl. 30-31,30-31,True,4,454,50,heavy_revision,other,False,de,de,0.8754,Konz. mit zahlr. Ändergn; Dat. (24 Junii 1698) wohl von L'Hd; Bibl.verm.: Huthmann,Leibniz (GND),Molanus (KorrespDB) (GND),1698-07-04 (98-06-24)
20157,00068368,"AA I,15 N.504","LH 1, 10 Bl. 181",181-181,True,2,68,3,heavy_revision,other,False,de,de,0.9646,Abf.,Molanus (KorrespDB) (GND),Leibniz (GND),1698-09-02
20159,DE-611-HS-971128,"AA I,15 N.100",LBr 263 Bl. 18,18-18,True,2,43,14,light_revision,other,False,de,de,1.0,Abf.; Siegel mit Papierrest d.abgeriss. Umschl.; Bibl.verm.,Feller (KorrespDB) (GND),Leibniz (GND),1698-09-09 (98-08-30)
20179,,"AA I,15 N.041","Ms 23, 289, 5 Bl. 10-11",,False,0,0,0,unknown,partial,False,de,de,0.9535,"Abf., eigh. Aufschr., Textverlust durch Wasserschaden",Reiche (KorrespDB) (GND),Leibniz (GND),1698-03
20180,,"AA I,15 N.044","Ms 23, 289, 5 Bl. 12-13",,False,0,0,0,unknown,partial,False,de,de,0.913,"Abf., eigh. Aufschr., schwarzes Siegel, Textverlust durch Wasserschaden",Reiche (KorrespDB) (GND),Leibniz (GND),1698-03
20187,DE-611-HS-868237,"AA I,15 N.099",LBr 1020 Bl. 4,4-4,True,2,29,10,heavy_revision,other,False,de,de,0.98,Abf.,Zabany (KorrespDB),Leibniz (GND),1698-08-28 (98-08-18)
2023,DE-611-HS-958572,"AA III,4 N.210",LBr 501 Bl. 166-167,166-167,True,4,620,0,heavy_revision,other,False,de,de,0.9726,"Abf., Bemerkg von L'Hd, Siegelspur","Crafft,J.D. (KorrespDB) (GND)",Leibniz (GND),1689-06-26
20230,DE-611-HS-974744,"AA I,16 N.234",LBr 439 Bl. 39-40 (=14379),39-40,True,4,485,30,heavy_revision,other,False,de,de,0.9684,Abschr. mit 2 Doppelanstreichgn am Rande,Leibniz (GND),"Jablonski,D.E. (KorrespDB) (GND)",1698-12-25 (98-12-15)
20243,DE-611-HS-859703,"AA I,16 N.373",LBr 636 Bl. 113,113-113,True,2,44,20,light_revision,partial,False,de,de,0.7528,"Abf., eigh. Aufschr., Siegel, Postverm.","Mencke,O. (KorrespDB) (GND)",Leibniz (GND),1699-03-07 (99-02-25)
20244,,"AA I,16 N.073",Hannover NLA Hann. 153 Acc. 2004/107 Nr. 5 Bl. (alt: NLB Bibliotheksakten A7 Bl. 97-98,,False,0,0,0,unknown,partial,False,de,de,0.9167,"Abf.; eigh. Aufschr., Siegel",Balcke (KorrespDB),Leibniz (GND),1699-03-07 (99-02-25)
20257,DE-611-HS-862129,"AA I,16 N.235",LBr 756 Bl. 1-3,1-3,True,6,386,0,heavy_revision,other,False,de,de,0.9871,Abf.; Bibl.verm.,Rango (KorrespDB) (GND),Leibniz (GND),1698-12-26 (98-12-16)
20262,00068366,"AA I,16 N.129","LH 1, 8 Bl. 164 r°unten (164-165=14509;14510)",164-164,True,2,95,2,heavy_revision,other,False,de,de,0.8608,"Abschr., 8 Zeilen",Molanus (KorrespDB) (GND),Leibniz (GND),1698-10-24
20263,DE-611-HS-957365,"AA I,15 N.011",LBr 28 Bl. 15,15-15,True,2,38,3,light_revision,other,False,de,de,1.0,Abf.,Balcke (KorrespDB),Leibniz (GND),1698-01-29 (98-01-19)
20294,DE-611-HS-3617045,"AA I,16 N.050",LBrF 1 Bl. 229 (=14880;33947),,False,0,0,0,unknown,own,True,de,de,0.9833,Ausz.; eigh.,Leibniz (GND),"Wolfenbüttel,Anton Ulrich v. (KorrespDB) (GND)",1699-01-15 (99-01-05)
20308,DE-611-HS-971128,"AA I,16 N.071",LBr 263 Bl. 47,47-47,True,2,31,12,heavy_revision,other,False,de,de,1.0,Konz.,Leibniz (GND),"Wolfenbüttel,Anton Ulrich v. (KorrespDB) (GND)",1699-03-03 (99-02-21)
20326,00068442,"AA I,16 N.027","LH 2, 8, 4 Bl. 2-5",2-5,True,8,1150,129,heavy_revision,other,False,de,de,0.9863,Konz. mit zahlr. Streichgn & Erg.,Leibniz (GND),"Bernstorff (KorrespDB) (GND)Schrader,Ch. (KorrespDB) (GND)",1698-12
20327,00068442,"AA I,16 N.027","LH 2, 8, 4 Bl. 6-15 (Bl. 7:38637)",6-15,True,20,832,284,light_revision,other,False,de,de,0.9863,"Abschr.v.38635, Baring & Gruber",Leibniz (GND),"Bernstorff (KorrespDB) (GND)Schrader,Ch. (KorrespDB) (GND)",1698-12
20341,00068537,"AA III,3 N.073",LH 38 Bl. 338-339,338-339,True,4,84,0,heavy_revision,other,False,de,de,1.0,Zeichn.,Linsen (KorrespDB),Leibniz (GND),1680-06
20353,DE-611-HS-856297,"AA I,16 N.375",LBr 569 Bl. 12-13,12-13,True,4,147,0,light_revision,other,False,de,de,0.992,Abf. mit e.Anm. von L'Hd; L: respondi,Lipper (KorrespDB) (GND),Leibniz (GND),1699-03-08 (99-02-26)
20366,DE-611-HS-974043,"AA I,15 N.215",LBr 402 Bl. 16-17 (16=31930),16-17,True,4,329,5,heavy_revision,other,False,de,de,1.0,Konz. mit Ändergn,Leibniz (GND),Heunisch (KorrespDB) (GND),1698-02
20367,DE-611-HS-974043,"AA I,15 N.215",LBr 402 Bl. 16-17 (16=20173),16-17,True,4,329,0,heavy_revision,other,False,de,de,1.0,Konz. mit Ändergn,Leibniz (GND),Heunisch (KorrespDB) (GND),1698-02
20403,00068077,"AA I,16 N.007","LH 35, 7, 5 Bl. 1r°",1-1,True,2,162,3,heavy_revision,other,False,de,de,1.0,Abf.,Zabany (KorrespDB),Leibniz (GND),1698-10-20 (98-10-10)
20405,,"AA I,15 N.087","Ms 23, 369 Bl. 7",,False,0,0,0,unknown,other,False,de,de,0.991,Teilreinschr.,Leibniz (GND),Reiche (KorrespDB) (GND)Oberg,1698-07-25
20427,DE-611-HS-860223,"AA I,15 N.241",LBr 655 Bl. 59,59-59,True,2,47,4,heavy_revision,other,False,de,de,0.7719,Abf.,Molanus (KorrespDB) (GND),Leibniz (GND),1698-03
20428,DE-611-HS-855017,"AA I,15 N.245",LBr 474 Bl. 1-2,1-2,True,4,313,20,heavy_revision,partial,False,de,de,0.8571,"Abf.; eigh. Aufschr., Siegel, Postverm., Bibl.verm.",Kirchmayer (KorrespDB) (GND),Leibniz (GND),1698-03-03 (98-02-21)
20435,DE-611-HS-866668,"AA I,15 N.064",LBr 863 Bl. 48-49,48-49,True,4,274,45,light_revision,partial,False,de,de,0.9864,"Abf.; eigh. Aufschr., Siegel, Postverm.",Sieverds (KorrespDB) (GND),Leibniz (GND),1698-04-25 (98-04-15)
20476,DE-611-HS-957365,"AA I,14 N.066",LBr 28 Bl. 12,12-12,True,2,35,0,heavy_revision,other,False,de,de,1.0,Abf.,Balcke (KorrespDB),Leibniz (GND),1697-12-07 (97-11-27)
20495,DE-611-HS-974744,"AA I,16 N.282",LBr 439 Bl. 43-44,43-44,True,4,138,23,light_revision,other,False,de,de,1.0,Abf.,"Jablonski,D.E. (KorrespDB) (GND)",Leibniz (GND),1699-01-13 (99-01-03)
20497,DE-611-HS-862129,"AA I,16 N.235",LBr 756 Bl. 1-3,1-3,True,6,386,91,heavy_revision,other,False,de,de,0.9871,Abf.; Bibl.verm.,Rango (KorrespDB) (GND),Leibniz (GND),1698-12-26 (98-12-16)
20507,DE-611-HS-867195,"AA I,16 N.269",LBr 830 Bl. 40-42,40-42,True,6,308,19,heavy_revision,other,False,de,de,0.9958,Abf.,"Schrader,Chr. (KorrespDB)",Leibniz (GND),1699-01-08 (98-12-29)
20516,,"AA I,16 N.090","Ms 21, 1341 Bl. 10-11 (Ritter:3)",,False,0,0,0,unknown,other,False,mixed,de,0.5691,Abschr. mit einigen Korr. von L'Hd,Leibniz (GND),"Sophie (KorrespDB) (GND)Sophie Charlotte (KorrespDB) (GND)Orléans,Elisabeth Charlotte v. (KorrespDB) (GND)",1699-04-27 (99-04-17)
20529,00068366,"AA I,15 N.058","LH 1, 8 Bl. 260r° (259-260=14540; 14601)",260-260,True,0,0,0,unknown,other,False,de,de,0.9758,Konz. d.2.Fassg mit mehreren Ändergn,Leibniz (GND),"Wolfenbüttel,Anton Ulrich v. (KorrespDB) (GND)",1698-04-15
20559,DE-611-HS-971128,"AA I,16 N.082",LBr 263 Bl. 48-49,48-49,True,4,392,45,heavy_revision,partial,False,de,de,0.9923,"Abf., eigh. Aufschr., Siegel, Postverm.",Sieverds (KorrespDB) (GND),Leibniz (GND),1699-04-14 (99-04-04)
20569,DE-611-HS-859703,"AA I,15 N.505",LBr 636 Bl. 130,130-130,True,2,72,20,light_revision,partial,False,de,de,0.9651,"Abf., eigh. Aufschr., Siegel","Mencke,O. (KorrespDB) (GND)",Leibniz (GND),1698-09-03 (98-08-24)
20570,,"AA I,15 N.037","Ms 23, 289, 3 Bl. 2",,False,0,0,0,unknown,other,False,de,de,1.0,"Konz. mit geringfüg. Ändergn, Textverlust durch Wasserschaden",Leibniz (GND),"Kotzebue,J.F. (KorrespDB)",1698-03
20573,,"AA I,16 N.012",Nürnberg GNM Autographenslg G.W.Leibniz,,False,0,0,0,unknown,own,True,de,de,1.0,"MF, eigh.",Leibniz (GND),"Müller,J.U. (KorrespDB) (GND)",1698-11-05 (98-10-26)
20591,DE-611-HS-855859,"AA I,16 N.422",LBr 551 Bl. 4,4-4,True,2,86,15,heavy_revision,other,False,de,de,0.9892,Konz. mit Ändergn; Anschr.,Leibniz (GND),Leopold (KorrespDB) (GND),1699-04-07 (99-03-28)
20716,,"AA I,15 N.046","Ms 23, 289, 5 Bl. 1-8",,False,0,0,0,unknown,other,False,de,de,1.0,"Abf., Textverlust durch Wasserschaden",Reiche (KorrespDB) (GND),Leibniz (GND),1698-03
20727,DE-611-HS-862260,"AA I,15 N.104",LBr 760 Bl. 12-13,12-13,True,4,190,0,heavy_revision,other,False,de,de,0.9597,Konz. mit Ändergn; geringfüg. Textverlust durch Brandloch,Leibniz (GND),"Hugo,L. (KorrespDB) (GND)",1698-09-29 (98-09-19)
20728,DE-611-HS-862260,"AA I,15 N.104",LBr 760 Bl. 12-13,12-13,True,4,190,13,heavy_revision,other,False,de,de,0.9597,Konz. mit Ändergn; geringfüg. Textverlust durch Brandloch,Leibniz (GND),"Hugo,L. (KorrespDB) (GND)",1698-09-29 (98-09-19)
20763,DE-611-HS-960122,"AA I,16 N.039",LBr 228 Bl. 1,1-1,True,2,39,0,light_revision,partial,False,de,de,0.9697,Konz.; eigh. Anschr.,Leibniz (GND),Viet (KorrespDB) (GND),1699-01-06 (98-12-27)
20766,DE-611-HS-974744,"AA I,15 N.294",LBr 439 Bl. 5-6,5-6,True,4,799,0,heavy_revision,other,False,de,de,1.0,Konz. mit Ändergn,Leibniz (GND),"Jablonski,D.E. (KorrespDB) (GND)",1698-04-05 (98-03-26)
20768,DE-611-HS-867251,"AA I,14 N.481",LBr 849 Bl. 12-13,12-13,True,4,273,36,heavy_revision,other,False,de,de,0.9649,Abf.; L: respondi,Schwachheim (KorrespDB) (GND),Leibniz (GND),1697-12-17 (97-12-07)
20793,DE-611-HS-971128,"AA I,15 N.066",LBr 263 Bl. 11,11-11,True,2,41,12,light_revision,other,False,de,de,1.0,Abf.,Feller (KorrespDB) (GND),Leibniz (GND),1698-05-06 (98-04-26)
20815,,"AA I,15 N.488",,,False,0,0,0,unknown,other,False,de,de,0.9722,Abf.,"Jablonski,D.E. (KorrespDB) (GND)",Leibniz (GND),1698-08-09
20816,,"AA I,15 N.531",,,False,0,0,0,unknown,other,False,de,de,0.9971,Abf.,Leibniz (GND),"Jablonski,D.E. (KorrespDB) (GND)",1698-08-09
20818,DE-611-HS-959240,"AA I,15 N.475",LBr 73a Bl. 1-2,1-2,True,4,223,30,light_revision,partial,False,de,de,0.9785,"Abf., eigh. Aufschr., Siegelreste, Bibl.verm.",Blesendorff (KorrespDB) (GND),Leibniz (GND),1698-08-09 (98-07-30)
20901,DE-611-HS-973074,"AA I,15 N.530",LBr 327 Bl. 97v°,97-97,True,2,71,1,heavy_revision,other,False,de,de,1.0,"Abf., 242x160mm",Greiffencrantz (KorrespDB) (GND),Leibniz (GND),1698-09-22
20907,DE-611-HS-958505,"AA I,16 N.107",LBr 164 Bl. 1-2,1-2,True,4,230,27,heavy_revision,partial,False,de,de,0.9506,"Abf.; eigh. Aufschr., Siegel",Coch (KorrespDB) (GND),Leibniz (GND),1698-10-11 (98-10-01)
20943,DE-611-HS-974424,"AA I,15 N.107",LBr 429 Bl. 46-47 (47v°=14252),46-47,True,4,202,22,heavy_revision,other,False,de,de,0.9464,Konz. mit Ändergn; schwarz gerändert,Leibniz (GND),"Hugo,L. (KorrespDB) (GND)",1698-09
20944,DE-611-HS-974424,"AA I,15 N.107",LBr 429 Bl. 45,45-45,True,2,50,34,heavy_revision,other,False,de,de,0.9464,Abschr. von 14250,Leibniz (GND),"Hugo,L. (KorrespDB) (GND)",1698-09
20945,DE-611-HS-974424,"AA I,15 N.107",LBr 429 Bl. 47v° (46-47r°=14250),47-47,True,2,101,0,heavy_revision,other,False,de,de,0.9464,"Abschr. d.Abf., L: Ita misi.",Leibniz (GND),"Hugo,L. (KorrespDB) (GND)",1698-09
20962,DE-611-HS-970495,"AA I,16 N.228",LBr 366 Bl. 358,358-358,True,2,28,20,light_revision,other,False,de,de,0.9972,Abf.,"Jablonski,D.E. (KorrespDB) (GND)",Leibniz (GND),1698-12-20 (98-12-10)
20986,DE-611-HS-867195,"AA I,15 N.310",LBr 830 Bl. 37-39,37-39,True,6,260,46,light_revision,other,False,de,de,0.9143,Abf.; Bibl.verm.,"Schrader,Chr. (KorrespDB)",Leibniz (GND),1698-04-14 (98-04-04)
20991,DE-611-HS-974424,"AA I,14 N.072",LBr 429 Bl. 61,61-61,True,2,23,0,light_revision,other,False,de,de,1.0,"Abf.; Dat. v.L erg.: 1698, dann korr. in:1697","Hugo,L. (KorrespDB) (GND)",Leibniz (GND),1697-12-24 (97-12-14)
21017,00068366,"AA I,15 N.055","LH 1, 8 Bl. 249r° (248-249=14543;14546 )",249-249,True,0,0,0,unknown,other,False,de,de,1.0,Konz. mit mehreren Streichgn & Erg.,Leibniz (GND),"Wolfenbüttel,Anton Ulrich v. (KorrespDB) (GND)",1698-04-10 (98-03-31)
21078,,"AA I,15 N.167a","Ms 23, 814 Bl. 56",,False,0,0,0,unknown,partial,False,de,de,0.9916,"Abschr., Zabany, eigh. Anschrift",Leibniz (GND),Zunner (KorrespDB) (GND),1698-01-26 (98-01-16)
21133,,"AA I,15 N.083",Hannover NLB Bibliotheksakten A5a Bl. 116 (jetzt LK-MOW Klenck10 Bl. C116),,False,0,0,0,unknown,partial,False,de,de,0.8333,"Abf., eigh. Aufschr.","Klencke,Ch.E. (KorrespDB)",Leibniz (GND),1698-07-07 (98-06-27)
21153,DE-611-HS-970455,"AA I,16 N.054",LBr 349 Bl. 18-21 (18r°=13309),18-21,True,8,342,98,light_revision,other,False,mixed,de,0.5,Abf.,"Hackmann,Fr.A. (KorrespDB) (GND)",Leibniz (GND),1699-01-27 (99-01-17)
21154,DE-611-HS-970455,"AA I,16 N.054",LBr 349 Bl. 18-21 (18r°=13309),18-21,True,8,342,0,light_revision,other,False,mixed,de,0.5,Abf.,"Hackmann,Fr.A. (KorrespDB) (GND)",Leibniz (GND),1699-01-27 (99-01-17)
21212,00068537,"AA III,3 N.077",LH 38 Bl. 333,333-333,True,2,38,0,light_revision,other,False,de,de,1.0,Abf.; v° Nebenrechnungen von L'Hd,Linsen (KorrespDB),Leibniz (GND),1680-06
21213,00068537,"AA III,3 N.136",LH 38 Bl. 330-331,330-331,True,4,45,0,light_revision,partial,False,de,de,1.0,"Abf., eigh. Aufschr., Siegel; Zeichng stark beschnitten",Linsen (KorrespDB),Leibniz (GND),1680-12-12
21213,00068537,"AA I,3 N.72",LH 38 Bl. 330-331,330-331,True,4,45,0,light_revision,partial,False,de,de,1.0,"Abf., eigh. Aufschr., Siegel; Zeichng stark beschnitten",Linsen (KorrespDB),Leibniz (GND),1680-12-12
21219,DE-611-HS-3617045,"AA I,16 N.050",LBrF 1 Bl. 18,,False,0,0,0,unknown,other,False,de,de,0.9833,Abschr. d.nicht gefund. Abf.,Leibniz (GND),"Wolfenbüttel,Anton Ulrich v. (KorrespDB) (GND)",1699-01-15 (99-01-05)
21225,DE-611-HS-971128,"AA I,16 N.118",LBr 263 Bl. 33,33-33,True,2,247,13,heavy_revision,other,False,de,de,1.0,Konz. mit zahlr. Korr. & Erg.,Leibniz (GND),"Förster,N. (KorrespDB) (GND)",1698-10-18
21235,00068366,"AA I,15 N.059","LH 1, 8 Bl. 260r°unten (259-26r°=14540; 14602)",260-260,True,0,0,0,unknown,partial,False,de,de,0.9783,Konz. mit zahlr. Ändergn; eigh. Überschr.,Leibniz (GND),"Wolfenbüttel,Anton Ulrich v. (KorrespDB) (GND)",1698-04-15
21236,00068366,"AA I,15 N.059","LH 1, 8 Bl. 250-251",250-251,True,0,0,0,unknown,other,False,de,de,0.9783,Abschr. mit wenigen Ändergn,Leibniz (GND),"Wolfenbüttel,Anton Ulrich v. (KorrespDB) (GND)",1698-04-15
21238,,"AA I,16 N.164","Berlin GStA 1. HA Rep. 13, 24, Fasz. 13",,False,0,0,0,unknown,other,False,de,de,1.0,"Konz. mit Kanzleiverm., Mundierungs- & Revisionsverm.","Brandenburg,Friedrich III. (KorrespDB) (GND)",Leibniz (GND),1698-11-15 (98-11-05)
21239,DE-611-HS-859703,"AA I,16 N.166",LBr 636 Bl. 131,131-131,True,2,13,4,heavy_revision,partial,False,de,de,1.0,"Abf., eigh. Aufschr., Siegel, Postverm.; L: resp.","Mencke,O. (KorrespDB) (GND)",Leibniz (GND),1698-11-15 (98-11-05)
21240,DE-611-HS-974744,"AA I,16 N.165",LBr 439 Bl. 33-36,33-36,True,8,349,72,light_revision,other,False,de,de,1.0,"Abf. mit Anstreichgn am Rande, wohl von L'Hd","Jablonski,D.E. (KorrespDB) (GND)",Leibniz (GND),1698-11-15 (98-11-05)
21301,DE-611-HS-973074,"AA I,15 N.530",LBr 327 Bl. 97v°,97-97,True,2,71,0,heavy_revision,other,False,de,de,1.0,"Abf., 242x160mm",Greiffencrantz (KorrespDB) (GND),Leibniz (GND),1698-09-22
21328,DE-611-HS-974424,"AA I,15 N.106",LBr 429 Bl. 50,50-50,True,2,34,4,light_revision,other,False,de,de,0.9167,"Abf., ohne Anrede & Unterschr.","Hugo,L. (KorrespDB) (GND)",Leibniz (GND),1698-09
21329,DE-611-HS-974424,"AA I,15 N.108",LBr 429 Bl. 48-49,48-49,True,4,176,8,light_revision,other,False,de,de,0.8889,Abf.; schwarze Siegelreste,"Hugo,L. (KorrespDB) (GND)",Leibniz (GND),1698-09
21348,DE-611-HS-971145,"AA I,15 N.288",LBr 266 Bl. 3-4,3-4,True,4,135,21,light_revision,other,False,de,de,0.9701,Abf.; Bibl.verm.,Fidler (KorrespDB),Leibniz (GND),1698-03-30 (98-03-20)
21374,DE-611-HS-971102,"AA I,16 N.008",LBr 251 Bl. 24,24-24,True,2,44,13,heavy_revision,other,False,de,de,1.0,Konz.,Leibniz (GND),Hannover (Geh.Räte) (KorrespDB),1698-10-24 (98-10-14)
21379,DE-611-HS-974744,"AA I,16 N.159",LBr 439 Bl. 25,25-25,True,2,24,8,light_revision,other,False,de,de,0.9722,Abf.,"Jablonski,D.E. (KorrespDB) (GND)",Leibniz (GND),1698-11-10 (98-10-31)
21450,00068366,"AA I,15 N.057","LH 1, 8 Bl. 258",258-258,True,0,0,0,unknown,other,False,de,de,1.0,"Abf., Goldschnitt","Wolfenbüttel,Anton Ulrich v. (KorrespDB) (GND)",Leibniz (GND),1698-04-10 (98-03-31)
21453,DE-611-HS-3614216,"AA I,15 N.307",LBr 1006 Bl. 33,33-33,True,2,28,17,fair_copy,other,False,de,de,1.0,Abf.; Bibl.verm.,Winkelmann (KorrespDB) (GND),Leibniz (GND),1698-04-13 (98-04-03)
21457,DE-611-HS-855017,"AA I,15 N.312",LBr 474 Bl. 3-4,3-4,True,4,481,37,heavy_revision,other,False,de,de,0.9782,Konz. mit Ändergn,Leibniz (GND),Kirchmayer (KorrespDB) (GND),1698-04-15 (98-04-05)
21517,00068366,"AA I,15 N.058","LH 1, 8 Bl. 259 (260=14602; 14601)",259-259,True,0,0,0,unknown,other,False,de,de,0.9758,Abschr. d.verworf. 1.Fassg; Anschr. mit Dat. nachträgl. eingefügt,Leibniz (GND),"Wolfenbüttel,Anton Ulrich v. (KorrespDB) (GND)",1698-04-15 (98-04-04)
21535,DE-611-HS-960122,"AA I,16 N.039",LBr 228 Bl. 1,1-1,True,2,39,9,light_revision,partial,False,de,de,0.9697,Konz.; eigh. Anschr.,Leibniz (GND),Viet (KorrespDB) (GND),1699-01-06 (98-12-27)
21584,DE-611-HS-868237,"AA I,16 N.013",LBr 1020 Bl. 6,6-6,True,2,51,1,heavy_revision,other,False,de,de,1.0,Abf.,Zabany (KorrespDB),Leibniz (GND),1698-11-11 (98-11-01)
21587,DE-611-HS-974744,"AA I,16 N.162",LBr 439 Bl. 26-27,26-27,True,4,64,16,light_revision,other,False,de,de,1.0,Abf.,"Jablonski,D.E. (KorrespDB) (GND)",Leibniz (GND),1698-11-12 (98-11-02)
21589,DE-611-HS-974744,"AA I,16 N.210",LBr 439 Bl. 28,28-28,True,2,50,3,heavy_revision,other,False,de,de,1.0,Konz.,Leibniz (GND),"Jablonski,D.E. (KorrespDB) (GND)",1698-12-13 (98-12-03)
21645,00068801,"AA I,15 N.019","LH 23, 2, 13 Bl. 7-8",7-8,True,4,166,39,heavy_revision,other,False,de,de,0.9139,"Konz. mit einigen Ändergn, Bibl.verm.",Leibniz (GND),Hannover (Geh.Räte) (KorrespDB),1698-01
21646,00068801,"AA I,15 N.019","LH 23, 2, 13 Bl. 3. 6 (6r-v)",3-3,True,2,119,28,heavy_revision,other,False,de,de,0.9139,Abschr.v. 8398,Leibniz (GND),Hannover (Geh.Räte) (KorrespDB),1698-01
21648,DE-611-HS-860223,"AA I,16 N.138",LBr 655 Bl. 63v°,63-63,True,2,28,8,light_revision,other,False,de,de,1.0,Fragm. e.verworf. Abf.,Leibniz (GND),"Brandenburg,Friedrich III. (KorrespDB) (GND)",1698-10-28 (98-10-18)
21652,00068366,"AA I,15 N.056","LH 1, 8 Bl. 250-251 (251 r°oben) (=14545;14548)",250-251,True,0,0,0,unknown,other,False,de,de,0.989,Reinschr.,Leibniz (GND)Anton Ulrich,(Theologische Fakultät Helmstedt) (KorrespDB),1698-04-10
2178,DE-611-HS-958572,"AA III,4 N.248",LBr 501 Bl. 172.175.173,172-172,True,2,296,0,heavy_revision,own,False,de,de,0.9923,"Abf., eigh.","Crafft,J.D. (KorrespDB) (GND)",Leibniz (GND),1690-04-06 (90-03-27)
21786,00068368,"AA I,15 N.524","LH 1, 10 Bl. 337",337-337,True,2,48,14,heavy_revision,other,False,de,de,1.0,Konz.,Molanus (KorrespDB) (GND)Leibniz (GND),"Braunschweig-Lüneburg,Georg Ludwig v.Hannover (KorrespDB) (GND)",1698-09-21
2179,DE-611-HS-958572,"AA III,4 N.248",LBr 501 Bl. 172.175.173,172-172,True,2,296,66,heavy_revision,own,False,de,de,0.9923,"Abf., eigh.","Crafft,J.D. (KorrespDB) (GND)",Leibniz (GND),1690-04-06 (90-03-27)
21792,00068368,"AA I,15 N.523","LH 1, 10 Bl. 175-176",175-176,True,4,157,6,heavy_revision,other,False,de,de,0.8952,Abf.; Dat. von L,Molanus (KorrespDB) (GND),Leibniz (GND),1698-09-21
2180,DE-611-HS-958572,"AA III,4 N.248",LBr 501 Bl. 174,174-174,True,2,94,4,light_revision,other,False,de,de,0.9923,"Abf., 105x5,5cm","Crafft,J.D. (KorrespDB) (GND)",Leibniz (GND),1690-04-06 (90-03-27)
21813,,"AA I,16 N.207",Kopenhagen KB NKS 1395 f°,,False,0,0,0,unknown,other,False,de,de,1.0,Abf.,Leibniz (GND),Winkelmann (KorrespDB) (GND),1698-12-12 (98-12-02)
2184,DE-611-HS-958572,"AA III,4 N.265",LBr 501 Bl. 176-177,176-177,True,4,648,48,heavy_revision,other,False,de,de,0.9811,"Abf., eig. Aufschr., Siegel, Postverm.","Crafft,J.D. (KorrespDB) (GND)",Leibniz (GND),1690-07-15
21885,DE-611-HS-867882,"AA I,15 N.096",LBr 968 Bl. 7,7-7,True,2,41,9,light_revision,other,False,de,de,1.0,Abf.,Reiche (KorrespDB) (GND),Leibniz (GND),1698-08-26 (98-08-16)
21980,DE-611-HS-3614216,"AA I,16 N.167",LBr 1006 Bl. 35,35-35,True,2,37,20,light_revision,other,False,de,de,1.0,Abf.; L:semirespondi,Winkelmann (KorrespDB) (GND),Leibniz (GND),1698-11-16 (98-11-06)
22162,,"AA I,16 N.089",Hannover NLA Hann. 153 Acc. 2004/107 Nr. 1 (alt: NLB Bibliotheksakten A6 Bl. 137-138),,False,0,0,0,unknown,other,False,de,de,0.9422,Aufz. in sehr flüchtiger Schrift,Leibniz (GND),"Wolfenbüttel,Anton Ulrich v. (KorrespDB) (GND)",1699-04-25 (99-04-15)
22187,DE-611-HS-3617045,"AA I,16 N.041",LBrF 1 Bl. 229 (=33947;14890),,False,0,0,0,unknown,other,False,de,de,1.0,"Ausz., 10,5x20cm","Wolfenbüttel,Anton Ulrich v. (KorrespDB) (GND)",Leibniz (GND),1699-01-08 (98-12-29)
22254,DE-611-HS-971128,"AA I,16 N.067",LBr 263 Bl. 53,53-53,True,2,49,1,light_revision,other,False,de,de,1.0,"Abf., quer",Balcke (KorrespDB),Leibniz (GND),1699-02-24
22386,DE-611-HS-958816,"AA I,16 N.037",LBr 60 Bl. 5,5-5,True,2,36,2,scrap,other,False,de,de,1.0,Notiz,Leibniz (GND),Helmold,1699-01-03 (98-12-24)
22501,DE-611-HS-867251,"AA I,15 N.328",LBr 849 Bl. 19-20,19-20,True,4,264,28,heavy_revision,other,False,de,de,0.9316,Abf.,Schwachheim (KorrespDB) (GND),Leibniz (GND),1698-04-23 (98-04-13)
22562,00068801,"AA I,15 N.016","LH 23, 2, 13 Bl. 15",15-15,True,2,61,5,light_revision,partial,False,de,de,0.9565,"Abf.; eigh. Aufschr., Siegelrest",Reiche (KorrespDB) (GND),Leibniz (GND),1698-01
22648,,"AA I,16 N.289","Ms 41, 1814, 3 Bl. 27",,False,0,0,0,unknown,other,False,de,de,0.9773,Abf.; Anschr.,Marci (KorrespDB) (GND),Leibniz (GND),1699-01-17 (99-01-07)
22649,,"AA I,16 N.288",Kopenhagen KB NKS 1395 f°,,False,0,0,0,unknown,partial,False,de,de,0.8143,"Abf.; eigh. Anschr., Bibl.verm.",Leibniz (GND),Winkelmann (KorrespDB) (GND),1699-01-17 (99-01-07)
2276,00068823,"AA III,4 N.207",LH 34 Bl. 71 (v°=8550),71-71,True,2,34,4,light_revision,other,False,de,de,1.0,"Reinschr., 18,5x7cm, Bibl.verm.","Crafft,J.D. (KorrespDB) (GND)Leibniz (GND)",Leibniz (GND),1689-02-11
22775,,"AA I,16 N.291","Kapp, Sammlung, 1745, S. 32-41",,False,0,0,0,unknown,other,False,de,de,0.9534,Erstdruck nach d.Abf.,Leibniz (GND),"Jablonski,D.E. (KorrespDB) (GND)",1699-01-18 (99-01-08)
22776,,"AA I,16 N.291","Kapp, Sammlung, 1745, S. 42-43",,False,0,0,0,unknown,other,False,de,de,0.9534,Erstdruck nach d.Abf.,Leibniz (GND),"Jablonski,D.E. (KorrespDB) (GND)",1699-01-18 (99-01-08)
22888,DE-611-HS-859609,"AA I,15 N.550",LBr 627 Bl. 199,199-199,True,2,33,5,scrap,other,False,de,de,0.8,"Antwortnotiz, Zettel ca.8,5x10cm",Leibniz (GND),"Meier,G. (KorrespDB) (GND)",1698-06
22904,DE-611-HS-3617045,"AA I,16 N.294",LBrF 1 Bl. 229 (=14880;14890),,False,0,0,0,unknown,other,False,de,de,1.0,"Abf.(?), 10,5x20cm, mit L'Überschr.",Leibniz (GND),Molanus (KorrespDB) (GND),1699-01-20 (99-01-10)
23138,,"AA I,16 N.228","Karlsruhe LB Hschr. Karlsruhe 320, 4 Bl. 31",,False,0,0,0,unknown,other,False,de,de,0.9972,Abschr.,"Jablonski,D.E. (KorrespDB) (GND)",Leibniz (GND),1698-12-20 (98-12-10)
23231,DE-611-HS-859703,"AA I,16 N.340",LBr 636 Bl. 133,133-133,True,2,80,37,heavy_revision,other,False,de,de,0.995,Abf.,"Mencke,O. (KorrespDB) (GND)",Leibniz (GND),1699-02-18 (99-02-08)
23279,DE-611-HS-859609,"AA I,15 N.550",LBr 627 Bl. 200,200-200,True,2,54,6,scrap,other,False,de,de,0.8,"Antwortnotiz, Zettel ca.7x6,5cm",Leibniz (GND),"Meier,G. (KorrespDB) (GND)",1698-06
2329,,"AA III,4 N.205","Hannover NLA Cal.Br. 4, 535 Bl. 136",,False,0,0,0,unknown,other,False,de,de,0.9846,Konz. oder Abschr. e.unbek. Vorlage,"Crafft,J.D. (KorrespDB) (GND)Leibniz (GND)",Leopold I. (Kaiser) (KorrespDB) (GND),1688-12-24
23360,DE-611-HS-971128,"AA I,16 N.058",LBr 263 Bl. 40,40-40,True,2,39,0,heavy_revision,other,False,de,de,0.9444,Abf.,Balcke (KorrespDB),Leibniz (GND),1699-01-31 (99-01-21)
2338,DE-611-HS-3616805,"AA III,4 N.263",LBr 79 Bl. 41,41-41,True,2,140,39,heavy_revision,other,False,de,de,0.7101,"Konz., 10,5x11cm",Leibniz (GND),"Bodenhausen,R.C. (KorrespDB) (GND)",1690-06
23471,DE-611-HS-868237,"AA I,16 N.086",LBr 1020 Bl. 9-10,9-10,True,4,258,22,heavy_revision,other,False,de,de,1.0,Abf.,Zabany (KorrespDB),Leibniz (GND),1699-04-21 (99-04-11)
23573,00068377,"AA I,16 N.059","LH 1, 19 Bl. 277",277-277,True,0,0,0,unknown,other,False,de,de,0.9636,Abf.,"Wolfenbüttel,Anton Ulrich v. (KorrespDB) (GND)",Leibniz (GND),1699-02-04 (99-01-25)
23591,DE-611-HS-974744,"AA I,16 N.329",LBr 439 Bl. 45-46,45-46,True,4,152,46,light_revision,other,False,de,de,0.9867,Abf.,"Jablonski,D.E. (KorrespDB) (GND)",Leibniz (GND),1699-02-07 (99-01-28)
23626,00068373,"AA I,16 N.359","LH 1, 12, 4 Bl. 4",4-4,True,2,100,26,heavy_revision,other,False,de,de,0.7143,Abf.,"Burnet,G. (KorrespDB) (GND)",Leibniz (GND),1699-02-27 (99-02-17)
23692,,"AA I,16 N.090","Ms 21, 1341 Bl. 12-13 (Ritter:5)",,False,0,0,0,unknown,other,False,mixed,de,0.5691,Abschr. mit einigen Korr. von L'Hd,Leibniz (GND),"Sophie (KorrespDB) (GND)Sophie Charlotte (KorrespDB) (GND)Orléans,Elisabeth Charlotte v. (KorrespDB) (GND)",1699-04-27 (99-04-17)
23693,,"AA I,16 N.090","Ms 21, 1341 Bl. 8-9 (Ritter:1)",,False,0,0,0,unknown,other,False,mixed,de,0.5691,Konz. mit zahlr. Ändergn & Kor.,Leibniz (GND),"Sophie (KorrespDB) (GND)Sophie Charlotte (KorrespDB) (GND)Orléans,Elisabeth Charlotte v. (KorrespDB) (GND)",1699-04-27 (98-04-17)
23707,DE-611-HS-860223,"AA I,16 N.258",LBr 655 Bl. 60,60-60,True,2,138,12,heavy_revision,other,False,de,de,0.9955,Konz. mit einigen Korr.,Leibniz (GND),"Jablonski,D.E. (KorrespDB) (GND)",1699-01-03 (98-12-24)
2378,DE-611-HS-866403,"AA I,6 N.027",LBr 766 Bl. 1-2,1-2,True,4,182,20,heavy_revision,partial,False,de,de,0.8519,"Abf.; eigh. Aufschr., Siegel, Postverm.","Reinerding,J.Th. (KorrespDB) (GND)",Leibniz (GND),1691-03-17 (91-03-07)
2382,DE-611-HS-958572,"AA III,4 N.210",LBr 501 Bl. 166-167,166-167,True,4,620,80,heavy_revision,other,False,de,de,0.9726,"Abf., Bemerkg von L'Hd, Siegelspur","Crafft,J.D. (KorrespDB) (GND)",Leibniz (GND),1689-06-26
23824,DE-611-HS-960119,"AA III,4 N.002",LBr 227 Bl. 65-66,65-66,True,4,298,69,heavy_revision,other,False,de,de,0.8734,Konzeptbruchstück,Leibniz (GND),Tschirnhaus (KorrespDB) (GND),1683-07-14 (83-07-04)
23825,DE-611-HS-960119,"AA III,4 N.002",LBr 227 Bl. 65-66,65-66,True,4,298,0,heavy_revision,other,False,de,de,0.8734,Konzeptbruchstück,Leibniz (GND),Tschirnhaus (KorrespDB) (GND),1683-07-14 (83-07-04)
23842,DE-611-HS-971128,"AA I,16 N.060",LBr 263 Bl. 41,41-41,True,2,40,0,light_revision,other,False,de,de,1.0,Abf.,Feller (KorrespDB) (GND),Leibniz (GND),1699-02-04 (99-01-25)
2394,DE-611-HS-958572,"AA III,4 N.202",LBr 501 Bl 164,164-164,True,2,76,14,heavy_revision,other,False,de,de,0.9888,"Aufz. 20,5x21cm",,,1688-01
23986,,"AA I,16 N.009","Ms 23, 181, 1, 1 Bl. 64",,False,0,0,0,unknown,other,False,de,de,1.0,K mit einigen Streichgn,Leibniz (GND),Feller (KorrespDB) (GND),1698-10
23995,,"AA I,16 N.274","Kapp, Sammlung, 1745, S. 21-26",,False,0,0,0,unknown,other,False,de,de,0.9723,Erstdruck nach d.nicht gefund.Abf.,"Jablonski,D.E. (KorrespDB) (GND)",Leibniz (GND),1699-01-11 (99-01-01)
24076,,"AA I,16 N.090","Ms 21, 1341 Bl. 6-7 (Ritter:2)",,False,0,0,0,unknown,other,False,mixed,de,0.5691,Konz. mit etl. Ändergn & Korr.,Leibniz (GND),"Sophie (KorrespDB) (GND)Sophie Charlotte (KorrespDB) (GND)Orléans,Elisabeth Charlotte v. (KorrespDB) (GND)",1699-04-27 (99-04-17)
24082,DE-611-HS-971140,"AA III,3 N.459",LBr 264 Bl. 18,18-18,True,2,69,40,light_revision,other,False,mixed,de,0.6296,"Abf., Aufschr., Siegel, Postvermerke, Bemerkgn von L'Hd",Ferguson (KorrespDB) (GND),Leibniz (GND),1683-05-03
24100,DE-611-HS-855859,"AA I,16 N.417",LBr 551 Bl. 1-2,1-2,True,4,246,46,heavy_revision,other,False,de,de,0.9872,Abf.; Bibl.verm.,Leopold (KorrespDB) (GND),Leibniz (GND),1699-04-05 (99-03-26)
24101,DE-611-HS-855859,"AA I,16 N.417",LBr 551 Bl. 1-2,1-2,True,4,246,0,heavy_revision,other,False,de,de,0.9872,Abf.; Bibl.verm.,Leopold (KorrespDB) (GND),Leibniz (GND),1699-04-05 (99-03-26)
24243,00068541,"AA I,3 N.502","LH 41, 2 Bl. 7-8",7-8,True,4,396,0,heavy_revision,other,False,mixed,de,0.6,"Ausz.aus:25638, L","Mencke,O. (KorrespDB) (GND)",Leibniz (GND),1683-03-22 (83-03-12)
24244,DE-611-HS-859703,"AA I,3 N.502",LBr 636 Bl. 16,16-16,True,2,42,0,light_revision,own,False,mixed,de,0.6,"Abf., eigh.","Mencke,O. (KorrespDB) (GND)",Leibniz (GND),1683-03-22 (83-03-12)
24262,DE-611-HS-859703,"AA I,3 N.502",LBr 636 Bl. 16,16-16,True,2,42,1,light_revision,own,False,mixed,de,0.6,"Abf., eigh.","Mencke,O. (KorrespDB) (GND)",Leibniz (GND),1683-03-22 (83-03-12)
24349,00051019,"AA III,3 N.418","LH 42, 7 Bl. 5v°",5-5,True,2,46,0,heavy_revision,own,False,de,de,0.984,"Bericht von d.Leipziger Messe, später als Einschlagblatt mit Samen (verloren). Beschr., eigh.","Crafft,J.D. (KorrespDB) (GND)",Leibniz (GND),1682-11-11 (80-11-01)
24350,00051019,"AA III,3 N.418","LH 42, 7 Bl. 5r°",5-5,True,2,46,9,heavy_revision,other,False,de,de,0.984,Ausz. aus K;,"Crafft,J.D. (KorrespDB) (GND)",Leibniz (GND),1682-11-11
24737,DE-611-HS-971128,"AA I,16 N.061",LBr 263 Bl. 42-43,42-43,True,4,132,28,light_revision,other,False,de,de,1.0,Abf.,Feller (KorrespDB) (GND),Leibniz (GND),1699-02-11 (99-02-01)
24738,DE-611-HS-971128,"AA I,16 N.382",LBr 263 Bl. 51,51-51,True,2,35,5,light_revision,other,False,de,de,1.0,"Abf., quer",Carll (KorrespDB),Leibniz (GND),1699-03-13 (99-03-03)
24750,,"AA III,4 N.006","Hannover NLA Cal.Br. 4, 82 Bl. 599-600",,False,0,0,0,unknown,other,False,de,de,0.9655,Abf.,Linsen (KorrespDB),Leibniz (GND),1683-07-24 (83-07-14)
24753,,"AA III,4 N.022","Hannover NLA Cal.Br. 4, 82 Bl. 630r°",,False,0,0,0,unknown,other,False,de,de,1.0,Abf.,Linsen (KorrespDB),Leibniz (GND),1683-09-04
24754,DE-611-HS-867509,"AA III,4 N.021",LBr 943 Bl. 76-77,76-77,True,4,389,27,heavy_revision,other,False,de,de,0.8824,Abf.,Tschirnhaus (KorrespDB) (GND),Leibniz (GND),1683-09-04 (83-08-25)
25042,00068368,"AA I,15 N.509","LH 1, 10 Bl. 192",192-192,True,2,57,14,heavy_revision,other,False,de,de,0.8427,Konz.,Leibniz (GND),Buchhaim (KorrespDB) (GND),1698-09-06
25141,DE-611-HS-867509,"AA III,3 N.455",LBr 943 Bl. 74,74-74,True,2,64,9,heavy_revision,partial,False,de,de,0.9551,"Abf., eigh. Aufschr., Siegel; Bemerkg von L'Hd",Tschirnhaus (KorrespDB) (GND),Leibniz (GND),1683-04-24
25216,00068541,"AA III,3 N.442","LH 41, 2 Bl. 2 [17. Notiz]",2-2,True,2,141,0,heavy_revision,other,False,de,de,0.956,"Ausz.L aus:25549, 17 Zeilen an 2 Stellen auf d.Rand",Scheffer (KorrespDB) (GND),Leibniz (GND),1683-02-27 (83-02-17)
25217,00068541,"AA III,3 N.442","LH 41, 2 Bl. 2 [17. Notiz]",2-2,True,2,141,0,heavy_revision,other,False,de,de,0.956,Ausz.L aus:25549,Scheffer (KorrespDB) (GND),Leibniz (GND),1683-02-27 (83-02-17)
25218,DE-611-HS-49877,"AA III,3 N.442",LBr 805 Bl. 25-26,25-26,True,4,273,0,light_revision,partial,False,de,de,0.956,"Abf., eigh. Aufschr., Siegel; Postverm.: ""ugg."", ""franco ½"", ""2""",Scheffer (KorrespDB) (GND),Leibniz (GND),1683-02-27 (83-02-17)
25219,DE-611-HS-49877,"AA III,3 N.442",LBr 805 Bl. 25-26,25-26,True,4,273,51,light_revision,partial,False,de,de,0.956,"Abf., eigh. Aufschr., Siegel; Postverm.: ""ugg."", ""franco ½"", ""2""",Scheffer (KorrespDB) (GND),Leibniz (GND),1683-02-27 (83-02-17)
25221,00068541,"AA III,3 N.442","LH 41, 2 Bl. 10r°",10-10,True,2,218,0,heavy_revision,other,False,de,de,0.956,"Ausz.L aus:25549, 5 Zeilen, Bemerkg von L",Scheffer (KorrespDB) (GND),Leibniz (GND),1683-02-27 (83-02-17)
25238,DE-611-HS-959461,"AA III,3 N.450",LBr 108 Bl. 179-181,179-181,True,6,576,65,heavy_revision,other,False,de,de,0.9837,"Abf., Bemerkg von L'Hd","Brandshagen,J.D. (KorrespDB) (GND)",Leibniz (GND),1683-04-03 (83-03-24)
2524,DE-611-HS-859703,"AA I,6 N.135",LBr 636 Bl. 48-49,48-49,True,4,194,49,heavy_revision,partial,False,de,de,0.9809,"Abf., eigh. Aufschr.","Mencke,O. (KorrespDB) (GND)",Leibniz (GND),1690-11-07 (90-10-28)
2525,DE-611-HS-868065,"AA I,6 N.137",LBr 995 Bl. 12-13,12-13,True,4,184,9,heavy_revision,partial,False,de,de,0.9825,"Abf.; eigh. Aufschr., Siegel","Weselow,A.El. (KorrespDB)",Leibniz (GND),1690-11-09 (90-10-30)
2537,,"AA III,4 N.258","Hannover NLA Cal.Br. 4, 98 Bl. 11",,False,0,0,0,unknown,other,False,de,de,0.9722,Aufz.,,,1690-04
2538,,"AA III,4 N.253","Hannover NLA Cal.Br. 4, 98 Bl. 12.18 (=55269;55270)",,False,0,0,0,unknown,other,False,de,de,1.0,"Ausz., Bemerkgn von L'Hd",,,1690-04
25400,00068815,"AA III,4 N.036","LH 23, 4, 2 Bl. 78-79",78-79,True,4,330,34,light_revision,other,False,de,de,1.0,"Abf., Eintragungen von unbek.Hd",Linsen (KorrespDB),Leibniz (GND),1683-10
2551,DE-611-HS-3616805,"AA III,4 N.263",LBr 79 Bl. 40v°.42 (=35372),40-40,True,2,397,0,heavy_revision,other,False,de,de,0.7101,Konz.; am rechten oberen Rand d.Seite: nicht,Leibniz (GND),"Bodenhausen,R.C. (KorrespDB) (GND)",1690-06
25554,,"AA III,4 N.002","Wroclaw UB Akc 1948/562, XIII,2",,False,0,0,0,unknown,other,False,de,de,0.8734,Abf.,Leibniz (GND),Tschirnhaus (KorrespDB) (GND),1683-07-14 (83-07-04)
25593,00068815,"AA III,4 N.064","LH 23, 4, 2 Bl. 86",86-86,True,2,40,0,light_revision,other,False,de,de,1.0,"Abf., 20x15cm; Bemerkg von L'Hd",Hesse,Leibniz (GND),1684-08-05 (84-07-26)
25605,,"AA I,12 N.284",Wolfenbüttel StA 2 Alt 3983 S. 49-50,,False,0,0,0,unknown,other,False,de,de,0.9891,"Abschr., Schr.","Siegel,J.V. (KorrespDB)",Leibniz (GND)Germer (KorrespDB),1696-02-21
25606,00068541,"AA III,3 N.152","LH 41, 2 Bl. 12-13",12-13,True,4,403,0,heavy_revision,other,False,de,de,0.948,"Ausz. aus K, 1 Zeile","Crafft,J.D. (KorrespDB) (GND)",Leibniz (GND),1681-01-07
25609,,"AA I,16 N.474",Wolfenbüttel StA 2 Alt 3983 S. 18-26,,False,0,0,0,unknown,own,False,de,de,1.0,"Abf., eigh.",Feller (KorrespDB) (GND),,1699
25610,,"AA III,4 N.028","Hannover NLA Cal.Br. 4, 82 Bl. 622",,False,0,0,0,unknown,other,False,de,de,1.0,Abf.,Hesse,Leibniz (GND),1683-09-25 (83-09-15)
25665,DE-611-HS-867509,"AA III,3 N.455",LBr 943 Bl. 74,74-74,True,2,64,0,heavy_revision,partial,False,de,de,0.9551,"Abf., eigh. Aufschr., Siegel; Bemerkg von L'Hd",Tschirnhaus (KorrespDB) (GND),Leibniz (GND),1683-04-24
25808,DE-611-HS-971128,"AA I,16 N.065",LBr 263 Bl. 46,46-46,True,2,34,3,heavy_revision,other,False,de,de,1.0,"Konz. mit zahlr. Streichgn, 16,3x10,4cm",Leibniz (GND),Feller (KorrespDB) (GND),1699-02-24 (99-02-14)
25869,00068049,"AA III,4 N.143","LH 35, 6, 4 Bl. 92r° (v° math. Unters. von L)",92-92,True,2,126,2,heavy_revision,other,False,de,de,1.0,Abf.,Linsen (KorrespDB),Leibniz (GND),1686-03
2590,,"AA III,4 N.256","Hannover NLA Cal.Br. 4, 98 Bl. 1r°.51",,False,0,0,0,unknown,other,False,de,de,1.0,Aufz.,,,1690-04
25900,00068541,"AA III,3 N.429","LH 41, 2 Bl. 5v°",5-5,True,2,340,0,heavy_revision,other,False,de,de,0.9964,"Ausz., 8 Z.","Crafft,J.D. (KorrespDB) (GND)",Leibniz (GND),1682-12-25
25928,DE-611-HS-861869,"AA III,4 N.040",LBr 738 Bl. 18-19,18-19,True,4,98,14,heavy_revision,partial,False,de,de,0.9818,"Abf.; eigh. Aufschr., Siegel",Pratisius (KorrespDB) (GND),Leibniz (GND),1683-11-25 (83-11-15)
25929,DE-611-HS-861869,"AA III,4 N.040",LBr 738 Bl. 18-19,18-19,True,4,98,0,heavy_revision,partial,False,de,de,0.9818,"Abf.; eigh. Aufschr., Siegel",Pratisius (KorrespDB) (GND),Leibniz (GND),1683-11-25 (83-11-15)
26142,00068815,"AA III,3 N.451","LH 23, 4, 2 Bl. 66r°",66-66,True,2,160,0,heavy_revision,other,False,de,de,1.0,"Abf., Bemerkgn von L'Hd",Linsen (KorrespDB),Leibniz (GND),1683-04-10 (83-03-31)
2616,DE-611-HS-958572,"AA III,4 N.215",LBr 501 Bl. 168-169,168-169,True,4,667,0,heavy_revision,partial,False,de,de,0.9911,"Abf., eigh. Aufschr., Bl.169 durch Siegel beschädigt","Crafft,J.D. (KorrespDB) (GND)",Leibniz (GND),1689-08-14
2617,DE-611-HS-958572,"AA III,4 N.215",LBr 501 Bl. 168-169,168-169,True,4,667,65,heavy_revision,partial,False,de,de,0.9911,"Abf., eigh. Aufschr., Bl.169 durch Siegel beschädigt","Crafft,J.D. (KorrespDB) (GND)",Leibniz (GND),1689-08-14
26200,DE-611-HS-958572,"AA III,3 N.452",LBr 501 Bl. 125.136,125-125,True,2,122,0,heavy_revision,own,False,de,de,0.9839,"Abf., eigh.","Crafft,J.D. (KorrespDB) (GND)",Leibniz (GND),1683-04-12 (83-04-02)
26202,DE-611-HS-958572,"AA III,3 N.452",LBr 501 Bl. 125.136,125-125,True,2,122,10,heavy_revision,own,False,de,de,0.9839,"Abf., eigh.","Crafft,J.D. (KorrespDB) (GND)",Leibniz (GND),1683-04-12 (83-04-02)
26233,DE-611-HS-856297,"AA I,16 N.375",LBr 569 Bl. 12-13,12-13,True,4,147,17,light_revision,other,False,de,de,0.992,Abf. mit e.Anm. von L'Hd; L: respondi,Lipper (KorrespDB) (GND),Leibniz (GND),1699-03-08 (99-02-26)
2624,DE-611-HS-856294,"AA I,6 N.114",LBr 567 Bl. 12,12-12,True,2,54,7,light_revision,other,False,de,de,0.9494,Abf.,Linsingen (KorrespDB) (GND),Leibniz (GND),1690-10-05
26265,DE-611-HS-867509,"AA III,3 N.368",LBr 943 Bl. 66-67,66-67,True,4,258,0,heavy_revision,other,False,mixed,de,0.6264,2 Konzeptbruchstücke,Leibniz (GND),Tschirnhaus (KorrespDB) (GND),1682-06
26393,DE-611-HS-3617766,"AA I,16 N.076",LBrF 11 Bl. 59,,False,0,0,0,unknown,other,False,mixed,de,0.5528,"Konz.,L: bey der morgenden Conferenz zu Engeßen vor zu tragen.",Leibniz (GND),(Geh.Räte),1699-03-17 (99-03-07)
26430,DE-611-HS-959461,"AA III,4 N.018",LBr 108 Bl. 57 (=31377),57-57,True,2,42,20,light_revision,other,False,de,de,1.0,Abf.,"Brandshagen,J.D. (KorrespDB) (GND)",Leibniz (GND),1683-08
26508,,"AA III,3 N.467","Hannover NLA Cal.Br. 4, 82 Bl. 614",,False,0,0,0,unknown,other,False,de,de,1.0,"Abf., Nebenrechnungen von L'Hd",Linsen (KorrespDB),Leibniz (GND),1683-05-22
26571,DE-611-HS-49877,"AA III,3 N.430",LBr 805 Bl. 23-24,23-24,True,4,283,0,heavy_revision,partial,False,de,de,0.964,"Abf., eigh. Aufschr., Siegel; Bibl.verm.: ""Scheffer""",Scheffer (KorrespDB) (GND),Leibniz (GND),1683-01-01 (82-12-22)
26589,00068815,"AA III,3 N.475","LH 23, 4, 2 Bl. 66.69",66-66,True,2,160,0,heavy_revision,other,False,de,de,1.0,"Abf., Bemerkgn von L'Hd",Linsen (KorrespDB),Leibniz (GND),1683-06-12 (83-06-02)
26599,00068541,"AA III,3 N.430","LH 41, 2 Bl. 14r°",14-14,True,2,200,0,heavy_revision,other,False,de,de,0.964,"Ausz.aus:25728, L, 7 Zeilen",Scheffer (KorrespDB) (GND),Leibniz (GND),1683-01-01 (82-12-22)
26712,00051013,"AA III,4 N.040","LH 42, 2 Bl. 17v°",17-17,True,2,163,1,heavy_revision,other,False,de,de,0.9818,"Ausz.aus K (25781), 3 Zeilen",Pratisius (KorrespDB) (GND),Leibniz (GND),1683-11-25 (83-11-15)
26748,DE-611-HS-3616805,"AA III,4 N.229",LBr 79 Beiheft 4 Bl. 148v°,148-148,True,2,242,19,heavy_revision,other,False,de,de,0.9196,Teilabschr. von K2,"Bodenhausen,R.C. (KorrespDB) (GND)",Leibniz (GND),1690-01-21
26750,DE-611-HS-970450,"AA III,3 N.444",LBr 346 Bl. 8,8-8,True,2,130,10,light_revision,own,False,de,de,1.0,"Abf., eigh.",Haak (KorrespDB) (GND),Leibniz (GND),1683-03-10 (83-02-28)
26806,DE-611-HS-859703,"AA I,3 N.504",LBr 636 Bl. 17-18,17-18,True,4,266,2,heavy_revision,own,True,de,de,0.9375,Konz.; eigh.,Leibniz (GND),"Mencke,O. (KorrespDB) (GND)",1683-04-02 (83-03-23)
26831,DE-611-HS-960158,"AA III,4 N.065",LBr 237 Bl. 78-83,78-83,True,12,586,0,heavy_revision,partial,False,de,de,0.9881,"Abf., eigh. Aufschr., Siegel, Postverm.",Elers (KorrespDB) (GND),Leibniz (GND),1684-08-12 (84-08-02)
26832,DE-611-HS-960158,"AA III,4 N.065",LBr 237 Bl. 78-83,78-83,True,12,586,26,heavy_revision,partial,False,de,de,0.9881,"Abf., eigh. Aufschr., Siegel, Postverm.",Elers (KorrespDB) (GND),Leibniz (GND),1684-08-12 (84-08-02)
26840,DE-611-HS-959461,"AA III,4 N.008",LBr 108 Bl. 56,56-56,True,2,32,13,light_revision,other,False,de,de,0.9333,"Konz., beschnitten",Leibniz (GND),"Brandshagen,J.D. (KorrespDB) (GND)",1683-08-01 (83-07-22)
26869,DE-611-HS-959461,"AA III,4 N.026",LBr 108 Bl. 58,58-58,True,2,34,16,light_revision,other,False,de,de,1.0,Abf.,"Brandshagen,J.D. (KorrespDB) (GND)",Leibniz (GND),1683-09-15
26870,DE-611-HS-959461,"AA III,4 N.027",LBr 108 Bl. 59,59-59,True,2,35,11,heavy_revision,other,False,de,de,1.0,Abf.,"Brandshagen,J.D. (KorrespDB) (GND)",Leibniz (GND),1683-09
26940,DE-611-HS-960158,"AA III,4 N.037",LBr 237 Bl. 70-71,70-71,True,4,253,25,light_revision,partial,False,de,de,0.9333,"Abf., eigh. Aufschr., Siegel; Postverm.",Elers (KorrespDB) (GND),Leibniz (GND),1683-11-01 (83-10-22)
26942,DE-611-HS-971140,"AA III,4 N.038",LBr 264 Bl. 24,24-24,True,2,153,19,heavy_revision,partial,False,mixed,de,0.5,"Abf., eigh. Aufschr., Siegel; Bemerkgn von L'Hd",Ferguson (KorrespDB) (GND),Leibniz (GND),1683-11-02 (83-10-23)
26974,,"AA III,4 N.034","Hannover NLA Cal.Br. 4, 82 Bl. 633",,False,0,0,0,unknown,other,False,de,de,1.0,"Abf., Bemerkgn von L'Hd",Linsen (KorrespDB),Leibniz (GND),1683-10
27038,,"AA III,4 N.120","Hannover NLA Cal.Br. 4, 234 Bl. 43",,False,0,0,0,unknown,other,False,de,de,1.0,Abf.; Bemerkgn & Korr. von L'Hd,Linsen (KorrespDB),Leibniz (GND),1685-12-29 (85-12-19)
27045,00068541,"AA III,3 N.338","LH 41, 2 Bl. 19v°",19-19,True,2,208,0,heavy_revision,other,False,de,de,0.7021,"Ausz., 2 Zeilen",Ferguson (KorrespDB) (GND),Leibniz (GND),1682-03-27
27061,00068815,"AA III,4 N.015","LH 23, 4, 2 Bl. 67-68",67-68,True,4,559,22,heavy_revision,other,False,de,de,1.0,"Abf., Bemerkgn von L'Hd",Linsen (KorrespDB),Leibniz (GND),1683-08-28
27072,DE-611-HS-49877,"AA III,3 N.430",LBr 805 Bl. 23-24,23-24,True,4,283,37,heavy_revision,partial,False,de,de,0.964,"Abf., eigh. Aufschr., Siegel; Bibl.verm.: ""Scheffer""",Scheffer (KorrespDB) (GND),Leibniz (GND),1683-01-01 (82-12-22)
27074,DE-611-HS-959461,"AA III,3 N.432","LBr 108 Bl. 186-189 (=31409)(187v°, 188r°, 189v°)",186-189,True,8,510,0,heavy_revision,own,True,de,de,1.0,"Ausz. aus d.nicht gefund. abf., eigh.; tlw. zwischen den Zeilen von N.428 (K)",Leibniz (GND),"Brandshagen,J.D. (KorrespDB) (GND)",1683
27159,00068005,"AA III,3 N.047","LH 35, 4, 8 Bl. 3",3-3,True,2,152,8,heavy_revision,other,False,mixed,de,0.614,Abf.; Zusätze von Ferguson & L-Formel,Leibniz (GND),Ferguson (KorrespDB) (GND),1680
27161,DE-611-HS-959461,"AA III,3 N.465","LBr 108 Bl. 49-52 Und LH 35, 8, 30 Bl. 165",49-52,True,8,362,0,light_revision,other,False,de,de,0.9962,Abf.,"Brandshagen,J.D. (KorrespDB) (GND)",Leibniz (GND),1683-05-15 (83-05-05)
27162,00068541,"AA III,3 N.465","LH 41, 2 Bl. 17v°",17-17,True,2,249,0,heavy_revision,other,False,de,de,0.9962,"Ausz.aus:25771, L, 7 Zeilen","Brandshagen,J.D. (KorrespDB) (GND)",Leibniz (GND),1683-05-15 (83-05-05)
27209,00068815,"AA III,3 N.451","LH 23, 4, 2 Bl. 66r°",66-66,True,2,160,1,heavy_revision,other,False,de,de,1.0,"Abf., Bemerkgn von L'Hd",Linsen (KorrespDB),Leibniz (GND),1683-04-10 (83-03-31)
27210,00068815,"AA III,3 N.454","LH 23, 4, 2 Bl. 66r°",66-66,True,2,160,0,heavy_revision,other,False,de,de,1.0,Abf.,Linsen (KorrespDB),Leibniz (GND),1683-04-17 (83-04-07)
27273,DE-611-HS-861773,"AA I,3 N.176",LBr 731 Bl. 6-7,6-7,True,4,102,4,light_revision,partial,False,mixed,de,0.5556,"Abf., Zacharias & eigh.",Platen (KorrespDB) (GND),Leibniz (GND),1683-01-11 (83-01-01)
27409,00068541,"AA III,3 N.161","LH 41, 2 Bl. 12r°",12-12,True,2,201,0,heavy_revision,other,False,de,de,0.9785,"Ausz. aus K, 1 Zeile","Crafft,J.D. (KorrespDB) (GND)",Leibniz (GND),1681-01-31
27479,00068541,"AA III,3 N.103","LH 41, 2 Bl. 12r°",12-12,True,2,201,0,heavy_revision,other,False,de,de,0.963,"Ausz. aus K, 1 Zeile","Crafft,J.D. (KorrespDB) (GND)",Leibniz (GND),1680-09
27528,DE-611-HS-959461,"AA III,3 N.465","LBr 108 Bl. 49-52 Und LH 35, 8, 30 Bl. 165",49-52,True,8,362,128,light_revision,other,False,de,de,0.9962,Abf.,"Brandshagen,J.D. (KorrespDB) (GND)",Leibniz (GND),1683-05-15 (83-05-05)
27574,DE-611-HS-958572,"AA III,3 N.452",LBr 501 Bl. 125.136,125-125,True,2,122,0,heavy_revision,own,False,de,de,0.9839,"Abf., eigh.","Crafft,J.D. (KorrespDB) (GND)",Leibniz (GND),1683-04-12 (83-04-02)
27699,00068124,"AA III,3 N.053","LH 35, 8, 30 Bl. 53",53-53,True,2,147,19,light_revision,other,False,mixed,de,0.3846,Gesprächsaufz. von L' & Ferg.Hd,,,1680
27737,DE-611-HS-3616805,"AA III,4 N.229",LBr 79 Beiheft 4 Bl. 144,144-144,True,2,303,9,heavy_revision,other,False,de,de,0.9196,"Aufz., Bodenhausen möglicherweise",,,1690-01-21
27742,DE-611-HS-958572,"AA III,4 N.054",LBr 501 Bl. 141r°,141-141,True,2,177,0,scrap,other,False,de,de,0.92,"Antwortnotiz, 6 Zeilen",Leibniz (GND),"Crafft,J.D. (KorrespDB) (GND)",1684-04
27743,00068206,"AA III,1 N.097","LH 35, 15, 4 Bl. 1-2",1-2,True,4,323,17,light_revision,other,False,mixed,de,0.5172,"Gemeinsame Aufzz. über die Unterredg, Rechngn & Fig. mit kurzen Texten",,,1676-10-18
27791,DE-611-HS-971140,"AA III,4 N.039",LBr 264 Bl. 26-29,26-29,True,8,725,253,light_revision,other,False,de,de,0.7431,"Abf., Bibl.verm.",Ferguson (KorrespDB) (GND),Leibniz (GND),1683-11-12 (83-11-02)
27815,DE-611-HS-971140,"AA III,4 N.050",LBr 264 Bl. 30-31,30-31,True,4,235,52,light_revision,partial,False,mixed,de,0.6429,"Abf., eigh. Aufschr., Siegel",Ferguson (KorrespDB) (GND),Leibniz (GND),1684-03-19
27855,,"AA III,4 N.133","Hannover NLA Cal.Br. 4, 234 Bl. 56",,False,0,0,0,unknown,other,False,de,de,1.0,"Abf., 15x7,5cm; Bemerkgn von L'Hd",Linsen (KorrespDB),Leibniz (GND),1686-02-09 (86-01-30)
27927,00068335,"AA VI,4 N.451","LH 1, 5, 4 Bl. 12-14",12-14,True,6,385,59,heavy_revision,other,False,de,de,0.9795,Ausz.,,,1687-11-05
2793,DE-611-HS-859703,"AA I,6 N.225",LBr 636 Bl. 51,51-51,True,2,63,25,heavy_revision,partial,False,de,de,0.9281,"Abf., eigh. Aufschr., Siegel, Postverm.:15.","Mencke,O. (KorrespDB) (GND)",Leibniz (GND),1691-03-21 (91-03-11)
27960,,"AA III,4 N.108","Hannover NLA Cal.Br. 4, 234 Bl. 48",,False,0,0,0,unknown,other,False,de,de,1.0,Abf.; 10x10cm; Bemerkgn von L'Hd: item dem H. Lieutenant gegeben…,Pfeffer (KorrespDB),Leibniz (GND),1685-12-01 (85-11-21)
27989,DE-611-HS-971140,"AA III,3 N.459",LBr 264 Bl. 21 (=31502),21-21,True,2,35,0,heavy_revision,other,False,mixed,de,0.6296,Abf.,Ferguson (KorrespDB) (GND),Leibniz (GND),1683
28002,DE-611-HS-974056,"AA III,4 N.155",LBr 404 Bl. 17-18,17-18,True,4,250,50,heavy_revision,other,False,de,de,1.0,"Ausz.(?) aus d.nicht gefund. Abf., von Brandshagens Hd; Korr. & Bemerkgn von L'Hd",Heyn (KorrespDB) (GND),Wachsmuth (KorrespDB),1686-11-30 (86-11-20)
2817,DE-611-HS-862282,"AA III,4 N.203",LBr 763 Bl. 12-13,12-13,True,4,157,43,light_revision,other,False,de,de,1.0,Abf.,Reimers (KorrespDB),Leibniz (GND),1688-03-01 (88-02-20)
28171,,"AA IV,3 N.045",Hannover NLA Ms. Nr. 59 (alt: Ms. E 3) Bl. 48r° (Kriegsverlust),,False,0,0,0,unknown,other,False,de,de,1.0,Aufz.,,,1683
28196,,"AA III,4 N.110","Hannover NLA Cal.Br. 4, 234 Bl. 49",,False,0,0,0,unknown,other,False,de,de,0.9524,"Abf., 10x17cm; Bemerkgn von L'Hd",Plappert (KorrespDB),Leibniz (GND),1685-12-08 (85-11-28)
28218,,"AA III,4 N.095",,,False,0,0,0,unknown,other,False,de,de,0.9851,MF,"Crafft,J.D. (KorrespDB) (GND)",Leibniz (GND),1685-08-22 (85-08-12)
28219,00068541,"AA III,4 N.095","LH 41, 2 Bl. 14-15v°",14-15,True,4,401,0,heavy_revision,other,False,de,de,0.9851,"Ausz.aus d.nicht gefund. Abf., 17 Zeilen","Crafft,J.D. (KorrespDB) (GND)",Leibniz (GND),1685-08-22 (85-08-12)
28230,DE-611-HS-958572,"AA III,4 N.147",LBr 501 Bl. 380-381,380-381,True,4,796,33,heavy_revision,other,False,de,de,1.0,"Abf., Bemerkg von L'Hd.","Crafft,J.D. (KorrespDB) (GND)",Leibniz (GND),1686-07-04
28237,DE-611-HS-958572,"AA III,4 N.154",LBr 501 Bl. 160,160-160,True,2,54,2,heavy_revision,partial,False,de,de,0.9592,"Abf., eigh. Aufschr., Siegel; Postverm.","Crafft,J.D. (KorrespDB) (GND)",Leibniz (GND),1686-10-26 (86-10-16)
28245,00068335,"AA VI,4 N.451","LH 1, 5, 4 Bl. 1.5.10",1-1,True,2,73,23,heavy_revision,other,False,de,de,0.9795,Ausz.,,,1687-11-05
2834,DE-611-HS-92149,"AA I,6 N.106",LBr 604 Bl. 19,19-19,True,2,34,6,light_revision,other,False,de,de,0.9846,Abf.,Marci (KorrespDB) (GND),Leibniz (GND),1690-09-16 (90-09-06)
28355,DE-611-HS-867198,"AA III,4 N.094",LBr 832 Bl. 13-14 (=32468),13-14,True,4,290,29,light_revision,partial,False,de,de,0.81,"Abf., eigh. Aufschr., Siegel, Notiten von L'Hd","Schrader,Fr. (KorrespDB) (GND)",Leibniz (GND),1685-08-13 (85-08-03)
2844,DE-611-HS-856265,"AA I,7 N.180",LBr 562 Bl. 18,18-18,True,2,41,18,light_revision,other,False,de,de,1.0,Abf.,Limbach (KorrespDB) (GND),Leibniz (GND),1691-09-13 (91-09-03)
28472,DE-611-HS-49877,"AA III,4 N.112",LBr 805 Bl. 30,30-30,True,2,71,10,heavy_revision,other,False,de,de,0.9749,"Abf.; Bibl.verm.: ""Scheffer""",Scheffer (KorrespDB) (GND),Leibniz (GND),1685-12-08 (85-11-28)
28519,DE-611-HS-958572,"AA III,3 N.473",LBr 501 Bl. 137-139,137-139,True,6,1083,58,heavy_revision,other,False,de,de,0.9858,Abf.,"Crafft,J.D. (KorrespDB) (GND)",Leibniz (GND),1683-06-01 (83-05-22)
28520,DE-611-HS-958572,"AA III,3 N.473",LBr 501 Bl. 137-139,137-139,True,6,1083,0,heavy_revision,other,False,de,de,0.9858,Abf.,"Crafft,J.D. (KorrespDB) (GND)",Leibniz (GND),1683-06-01 (83-05-22)
28534,DE-611-HS-958572,"AA III,4 N.082",LBr 501 Bl. 147-148,147-148,True,4,439,0,heavy_revision,own,False,de,de,0.9841,"Abf., eigh.","Crafft,J.D. (KorrespDB) (GND)",Leibniz (GND),1685-01-19 (85-01-09)
28535,DE-611-HS-958572,"AA III,4 N.082",LBr 501 Bl. 147-148,147-148,True,4,439,30,heavy_revision,partial,False,de,de,0.9841,"Abf., eigh. Aufschr., Siegel","Crafft,J.D. (KorrespDB) (GND)",Leibniz (GND),1685-01-19 (85-01-09)
2855,,"AA III,4 N.233",,,False,0,0,0,unknown,other,False,mixed,de,0.5556,Erstdruck,Leibniz (GND),Corradi (KorrespDB),1690-01-26
28563,DE-611-HS-971140,"AA III,3 N.466",LBr 264 Bl. 21 (=31510),21-21,True,2,35,6,heavy_revision,other,False,de,de,0.9828,Konz.,Leibniz (GND),Ferguson (KorrespDB) (GND),1683-05
28568,,"AA III,4 N.054",(nicht vh.),,False,0,0,0,unknown,other,False,de,de,0.92,Abf. nicht gefunden,Leibniz (GND),"Crafft,J.D. (KorrespDB) (GND)",1684-04
28583,,"AA III,4 N.035","Hannover NLA Cal.Br. 4, 82 Bl. 631r°",,False,0,0,0,unknown,other,False,de,de,1.0,"Abf., Korr. von L'Hd",Linsen (KorrespDB),Leibniz (GND),1683-10-16 (83-10-06)
28585,,"AA III,4 N.036","Hannover NLA Cal.Br. 4, 82 Bl. 627-628",,False,0,0,0,unknown,other,False,de,de,1.0,"Abf., Erg. von L'Hd",Linsen (KorrespDB),Leibniz (GND),1683-10
28607,00068815,"AA III,3 N.471","LH 23, 4, 2 Bl. 10",10-10,True,2,28,9,light_revision,other,False,de,de,1.0,"Abf., Bemerkgn von L",Linsen (KorrespDB),Leibniz (GND),1683-05-29
28608,00068815,"AA III,3 N.472","LH 23, 4, 2 Bl. 9",9-9,True,2,41,14,heavy_revision,other,False,de,de,1.0,Abf.,Linsen (KorrespDB),Leibniz (GND),1683-05-29
28608,00068815,"AA I,3 N.195","LH 23, 4, 2 Bl. 9",9-9,True,2,41,14,heavy_revision,other,False,de,de,1.0,Abf.,Linsen (KorrespDB),Leibniz (GND),1683-05-29
28609,DE-611-HS-860205,"AA III,3 N.470",LBr 653 Bl. 3r°,3-3,True,2,106,0,heavy_revision,partial,False,de,de,0.7971,"Abf., eigh. Aufschr., Siegel",Mohr (KorrespDB) (GND),Leibniz (GND),1683-05-29 (83-05-19)
28610,DE-611-HS-860205,"AA III,3 N.470",LBr 653 Bl. 3r°,3-3,True,2,106,27,heavy_revision,partial,False,de,de,0.7971,"Abf., eigh. Aufschr., Siegel",Mohr (KorrespDB) (GND),Leibniz (GND),1683-05-29 (83-05-19)
28611,00068541,"AA III,3 N.470","LH 41, 2 Bl. 19v°",19-19,True,2,208,0,heavy_revision,other,False,de,de,0.7971,"Ausz.aus:25804, L",Mohr (KorrespDB) (GND),Leibniz (GND),1683-05-29 (83-05-19)
28612,DE-611-HS-859698,"AA III,4 N.003",LBr 635 Bl. 3v°,3-3,True,2,77,1,heavy_revision,partial,False,de,de,1.0,Konz.; eigh. (lat.Schrift),Leibniz (GND),Mohr (KorrespDB) (GND),1683-07
28635,DE-611-HS-856291,"AA III,4 N.085",LBr 566 Bl. 4,4-4,True,2,79,8,heavy_revision,partial,False,de,de,1.0,"Abf., eigh. Aufschr.",Linsen (KorrespDB),Leibniz (GND),1685-03-28 (85-03-18)
28635,DE-611-HS-856291,"AA I,4 N.144",LBr 566 Bl. 4,4-4,True,2,79,8,heavy_revision,partial,False,de,de,1.0,"Abf., eigh. Aufschr.",Linsen (KorrespDB),Leibniz (GND),1685-03-28 (85-03-18)
28658,00068823,"AA IV,3 N.039",LH 34 Bl. 141,141-141,True,2,139,13,heavy_revision,other,False,de,de,0.9958,Konz.,,,1685
28659,00068742,"AA IV,3 N.127","LH 5, 3, 4 Bl. 32 (=46921; 46922)",32-32,True,2,35,15,heavy_revision,other,False,de,de,0.7674,"Konz., Zettel 9,5x12cm",,,1685
28671,,"AA III,3 N.460","Hannover NLA Cal.Br. 4, 82 Bl. 613",,False,0,0,0,unknown,own,False,de,de,1.0,"Abf., eigh.",Pfeffer (KorrespDB),Leibniz (GND),1683-05-06 (83-04-26)
28679,00068780,"AA IV,2 N.029",LH 13 Bl. 3-4,3-4,True,4,774,70,heavy_revision,own,True,de,de,0.9805,"Flug- oder Zeitschr., eigh.",,,1684-05
28708,,"AA III,4 N.101","Hannover NLA Cal.Br. 4, 234 Bl. 32",,False,0,0,0,unknown,partial,False,de,de,1.0,"Abf., v° eigh.; Bemerkg von L",Linsen (KorrespDB),Leibniz (GND),1685-11-10 (85-10-31)
28708,,"AA I,4 N.175a","Hannover NLA Cal.Br. 4, 234 Bl. 32",,False,0,0,0,unknown,partial,False,de,de,1.0,"Abf., v° eigh.; Bemerkg von L",Linsen (KorrespDB),Leibniz (GND),1685-11-10 (85-10-31)
28714,DE-611-HS-867509,"AA III,4 N.067",LBr 943 Bl. 80 (=35900),80-80,True,2,183,0,heavy_revision,partial,False,de,de,0.9733,"Abf., eigh. Aufschr., schwarzes Siegel, Postverm.",Tschirnhaus (KorrespDB) (GND),Leibniz (GND),1684-08-31
2873,DE-611-HS-92149,"AA I,6 N.174",LBr 604 Bl. 24,24-24,True,2,72,26,light_revision,other,False,de,de,0.9906,Abf.,Marci (KorrespDB) (GND),Leibniz (GND),1691-01-13 (91-01-03)
28829,DE-611-HS-860205,"AA III,4 N.023",LBr 653 Bl. 4,4-4,True,2,50,0,heavy_revision,partial,False,de,de,0.7556,"Abf., eigh. Aufschr., Siegel",Mohr (KorrespDB) (GND),Leibniz (GND),1683-09-10 (83-08-31)
28830,DE-611-HS-860205,"AA III,4 N.023",LBr 653 Bl. 4,4-4,True,2,50,26,heavy_revision,partial,False,de,de,0.7556,"Abf., eigh. Aufschr., Siegel",Mohr (KorrespDB) (GND),Leibniz (GND),1683-09-10 (83-08-31)
28831,00068541,"AA III,4 N.023","LH 41, 2 Bl. 16r°",16-16,True,2,249,0,heavy_revision,other,False,de,de,0.7556,"Ausz.aus K in dt.Sprache, 4 Zeilen",Mohr (KorrespDB) (GND),Leibniz (GND),1683-09-10 (83-08-31)
28882,DE-611-HS-3618673,"AA I,3 N.247",LBrF 20 Bl. 132-133,,False,0,0,0,unknown,own,False,de,de,0.6667,"Abf., eigh.",Stenger (KorrespDB) (GND),Leibniz (GND),1683-08-19 (83-08-09)
28883,00068541,"AA III,4 N.029","LH 41, 2 Bl. 5r°",5-5,True,2,340,0,heavy_revision,other,False,de,de,0.9907,"Ausz.aus:25601, L, 6,5 Zeilen","Crafft,J.D. (KorrespDB) (GND)",Leibniz (GND),1683-09-28 (83-09-18)
2889,,"AA III,4 N.251","Hannover NLA Cal.Br. 4, 98 Bl. 20",,False,0,0,0,unknown,other,False,de,de,1.0,Ausz. aus d.nicht gefund Abf. von L'Hd,Holeysen (KorrespDB),Leibniz (GND),1689-02
28912,,"AA III,4 N.128","Hannover NLA Cal.Br. 4, 234 Bl. 66",,False,0,0,0,unknown,other,False,de,de,1.0,"Abf., 16,5x12,5cm; Notiz von L'Hd: bezahlt den 16 Jan.1686",Zehn (KorrespDB),Leibniz (GND),1686-01-26 (86-01-16)
28987,,"AA III,4 N.033","Hannover NLA Cal.Br. 4, 82 Bl. 629r°oben",,False,0,0,0,unknown,other,False,de,de,1.0,"Abf.,wohl von L später gestrichen; anschließend e.Kostenaufstellg von L'Hd",Linsen (KorrespDB),Leibniz (GND),1683-10
28994,,"AA I,14 N.319",Hannover NLA Hann. 153 Acc. 2018/55 Nr. 80 Bl. 25 (alt: NLB Bibliotheksakten A6 Bl. 29),,False,0,0,0,unknown,own,True,de,de,0.9247,eigh.,Leibniz (GND),"Förster,N. (KorrespDB) (GND)",1697-10-09
29016,DE-611-HS-855800,"AA I,3 N.193",LBr 546 Bl. 99,99-99,True,2,57,1,heavy_revision,own,False,mixed,de,0.5556,"Abf., eigh.",Leidenfrost (KorrespDB) (GND),Leibniz (GND),1683-04-24 (83-04-14)
29038,00068541,"AA III,3 N.196","LH 41, 2 Bl. 12r°",12-12,True,2,201,0,heavy_revision,other,False,de,de,0.9645,"Ausz. aus K, 5 Zeilen (Bl. 12 r°)","Crafft,J.D. (KorrespDB) (GND)",Leibniz (GND),1681-04-04 (81-03-25)
29057,00068541,"AA III,4 N.042","LH 41, 2 Bl. 17v°",17-17,True,2,249,0,heavy_revision,other,False,de,de,0.9901,"Ausz.aus d.nicht gefund. Abf., 2 ¼ Zeilen",Tschirnhaus (KorrespDB) (GND),Leibniz (GND),1683-12-07
29058,00068541,"AA III,4 N.042","LH 41, 2 Bl. 16r°.17v°&r°",16-16,True,2,249,10,heavy_revision,other,False,de,de,0.9901,"Ausz.aus d.nicht gefund. Abf., 32 Zeilen",Tschirnhaus (KorrespDB) (GND),Leibniz (GND),1683-12-07
29059,00068541,"AA III,4 N.042","LH 41, 2 Bl. 17v°&r°",17-17,True,2,249,0,heavy_revision,other,False,de,de,0.9901,"Ausz.aus d.nicht gefund. Abf., 10 Zeilen",Tschirnhaus (KorrespDB) (GND),Leibniz (GND),1683-12-07
29084,DE-611-HS-958572,"AA III,4 N.087",LBr 501 Bl. 149-150,149-150,True,4,436,0,heavy_revision,other,False,de,de,0.9925,"Abf., Bemerkg von L'Hd","Crafft,J.D. (KorrespDB) (GND)",Leibniz (GND),1685-04-03 (85-03-24)
29183,00068541,"AA III,4 N.063","LH 41, 2 Bl. 3r°",3-3,True,2,218,0,heavy_revision,other,False,de,de,0.9925,"Ausz.aus K, 10 Zeilen",Elers (KorrespDB) (GND),Leibniz (GND),1684-08-01 (84-07-22)
29210,00068335,"AA VI,4 N.451","LH 1, 5, 4 Bl. 7",7-7,True,2,83,10,light_revision,other,False,de,de,0.9795,"Ausz., 16x5cm, 8 Zeilen",,,1687-11-05
29213,,"AA III,4 N.140","Hannover NLA Cal.Br. 4, 234 Bl. 87",,False,0,0,0,unknown,other,False,de,de,1.0,Abf.; Bemerkgn von L'Hd; Überschr. von unbek.Hd (v°),Linsen (KorrespDB),Leibniz (GND),1686-03-17 (86-03-07)
29233,00068541,"AA III,4 N.065","LH 41, 2 Bl. 7r°",7-7,True,2,198,0,heavy_revision,other,False,de,de,0.9881,"Ausz.aus:25629, 7 Zeilen",Elers (KorrespDB) (GND),Leibniz (GND),1684-08-12 (84-08-02)
2924,DE-611-HS-960201,"AA I,6 N.147",LBr 244 Bl. 3-4 (=45089),3-4,True,4,435,0,heavy_revision,partial,False,de,de,0.9831,"Abf., eigh. Aufschr., Siegel",Ebertz (KorrespDB),Leibniz (GND),1690-11-30
29250,,"AA I,14 N.323",Hannover NLA Hann. 153 Acc. 2018/55 Nr. 71 Bl. 15 (alt: NLB Bibliotheksakten A3 Bl. 13),,False,0,0,0,unknown,other,False,de,de,1.0,"Abf., Förster, 0,5 Bl. quer","Förster,N. (KorrespDB) (GND)",Leibniz (GND),1697-10-11 (97-10-01)
29254,00068815,"AA III,4 N.079","LH 23, 4, 2 Bl. 83",83-83,True,2,102,5,scrap,other,False,de,de,0.9796,"Abf., Notizen von L'Hd",Linsen (KorrespDB),Leibniz (GND),1685-01
29274,DE-611-HS-958572,"AA III,4 N.029",LBr 501 Bl. 140-141,140-141,True,4,294,0,heavy_revision,own,False,de,de,0.9907,"Abf., eigh.","Crafft,J.D. (KorrespDB) (GND)",Leibniz (GND),1683-09-28 (83-09-18)
29276,DE-611-HS-958572,"AA III,4 N.029",LBr 501 Bl. 140-141,140-141,True,4,294,0,heavy_revision,own,False,de,de,0.9907,"Abf., eigh.","Crafft,J.D. (KorrespDB) (GND)",Leibniz (GND),1683-09-28 (83-09-18)
29277,DE-611-HS-958572,"AA III,4 N.029",LBr 501 Bl. 140-141r°,140-141,True,4,294,13,heavy_revision,partial,False,de,de,0.9907,"Abf., eigh. Aufschr., schwarzes Siegel","Crafft,J.D. (KorrespDB) (GND)",Leibniz (GND),1683-09-28 (83-09-18)
29284,00068541,"AA III,3 N.132","LH 41, 2 Bl. 12r°",12-12,True,2,201,0,heavy_revision,other,False,de,de,0.9651,"Ausz. aus K, 1 Zeile","Crafft,J.D. (KorrespDB) (GND)",Leibniz (GND),1680-12-06
2942,DE-611-HS-3616805,"AA III,4 N.223",LBr 79 Bl. 1-2,1-2,True,4,274,45,heavy_revision,partial,False,de,de,0.9893,"Abf., eigh. Aufschr., Siegel","Bodenhausen,R.C. (KorrespDB) (GND)",Leibniz (GND),1689-12-31
29428,DE-611-HS-958572,"AA III,4 N.106",LBr 501 Bl. 155,155-155,True,2,61,5,heavy_revision,other,False,de,de,0.9924,"Abf., Siegelspuren","Crafft,J.D. (KorrespDB) (GND)",Leibniz (GND),1685-11-29 (85-11-19)
29444,00068529,"AA III,4 N.057",LH 36 Bl. 190-191,190-191,True,4,405,77,heavy_revision,other,False,de,de,0.9886,"Konz. d.nicht gefund. Abf., rechte Spalten fortgeschnitten, 4 halbe S.",Leibniz (GND),"Braunschweig-Lüneburg,Ernst August v. (KorrespDB) (GND)",1684-06-23
29463,DE-611-HS-861667,"AA III,4 N.070",LBr 724 Bl. 14,14-14,True,2,26,0,light_revision,partial,False,mixed,de,0.642,"Abf., eigh. Aufschr",Pfautz (KorrespDB) (GND),Leibniz (GND),1684-09-27 (84-09-17)
29507,DE-611-HS-859703,"AA I,3 N.496",LBr 636 Bl. 5,5-5,True,2,76,0,light_revision,own,False,de,de,0.8333,"Abf., eigh.","Mencke,O. (KorrespDB) (GND)",Leibniz (GND),1683-01
29509,,"AA III,3 N.433",,,False,0,0,0,unknown,other,False,de,de,1.0,MF,Leibniz (GND),"Crafft,J.D. (KorrespDB) (GND)",1683-01
29512,00068541,"AA III,4 N.082","LH 41, 2 Bl. 20r°",20-20,True,2,116,0,heavy_revision,other,False,de,de,0.9841,"Ausz.aus:25819, 13 Zeilen","Crafft,J.D. (KorrespDB) (GND)",Leibniz (GND),1685-01-19 (85-01-09)
29517,DE-611-HS-960158,"AA III,4 N.063",LBr 237 Bl. 72-77,72-77,True,12,635,0,heavy_revision,own,False,de,de,0.9925,"Abf., eigh.",Elers (KorrespDB) (GND),Leibniz (GND),1684-08-01 (84-07-22)
29518,DE-611-HS-960158,"AA III,4 N.063",LBr 237 Bl. 72-77,72-77,True,12,635,13,heavy_revision,own,False,de,de,0.9925,"Abf., eigh.",Elers (KorrespDB) (GND),Leibniz (GND),1684-08-01
29545,,"AA I,14 N.031",Wolfenbüttel StA 2 Alt 3989 Bl. 6,,False,0,0,0,unknown,other,False,de,de,1.0,Abf.,Leibniz (GND),"Müller,J.U. (KorrespDB) (GND)",1697-09-03 (97-08-24)
29546,,"AA I,15 N.020",Wolfenbüttel StA 2 Alt 3989 Bl. 7,,False,0,0,0,unknown,other,False,de,de,1.0,Abf.,Leibniz (GND),"Müller,J.U. (KorrespDB) (GND)",1698-02-17 (98-02-07)
29577,DE-611-HS-958572,"AA III,4 N.069",LBr 501 Bl. 359-360,359-360,True,4,401,45,heavy_revision,other,False,de,de,0.9978,"Abf., Bibl.verm.","Crafft,J.D. (KorrespDB) (GND)",Leibniz (GND),1684-09-22
29645,DE-611-HS-958572,"AA III,4 N.058",LBr 501 Bl. 143,143-143,True,2,21,0,light_revision,partial,False,de,de,0.8261,"Abf., eigh. Aufschr., Siegel","Crafft,J.D. (KorrespDB) (GND)",Leibniz (GND),1684-07-03 (84-06-23)
29646,DE-611-HS-958572,"AA III,4 N.058",LBr 501 Bl. 143,143-143,True,2,21,2,light_revision,partial,False,de,de,0.8261,"Abf., eigh. Aufschr., Siegel","Crafft,J.D. (KorrespDB) (GND)",Leibniz (GND),1684-07-03 (84-06-23)
29686,DE-611-HS-971140,"AA III,4 N.007",LBr 264 Bl. 19-20 (=31509),19-20,True,4,638,0,heavy_revision,partial,False,de,de,0.6818,"Abf., eigh. Aufschr., Siegel, Postvermerk",Ferguson (KorrespDB) (GND),Leibniz (GND),1683-07-31
2976,DE-611-HS-867120,"AA I,6 N.118",LBr 814 Bl. 1-2 (=11779),1-2,True,4,118,0,light_revision,other,False,de,de,0.8841,Abf.,"Schlüter,C.G. (KorrespDB)",Leibniz (GND),1690-10-13 (90-10-03)
29785,,"AA III,4 N.127","Hannover NLA Cal.Br. 4, 234 Bl. 63",,False,0,0,0,unknown,other,False,de,de,1.0,"Abf., 12,520cm",Zehn (KorrespDB),Leibniz (GND),1685-12
29795,DE-611-HS-867883,"AA III,4 N.183",LBr 969 Bl. 6,6-6,True,2,49,4,heavy_revision,other,False,de,de,1.0,Abf.,Wachsmuth (KorrespDB),Leibniz (GND),1687-07-19 (87-07-09)
29798,DE-611-HS-958572,"AA III,4 N.164",LBr 501 Bl. 336,336-336,True,2,65,3,heavy_revision,other,False,de,de,0.9918,Abf.,"Crafft,J.D. (KorrespDB) (GND)",Leibniz (GND),1687-03
29845,00068541,"AA III,4 N.088","LH 41, 2 Bl. 5r°",5-5,True,2,340,0,heavy_revision,other,False,de,de,1.0,"Ausz.aus:25595, 1 Zeile",Linsen (KorrespDB),Leibniz (GND),1685-05-26 (85-05-16)
29846,,"AA III,4 N.088",,,False,0,0,0,unknown,other,False,de,de,1.0,MF,Linsen (KorrespDB),Leibniz (GND),1685-05-26 (85-05-15)
29848,,"AA III,4 N.122","Hannover NLA Cal.Br. 4, 234 Bl. 44",,False,0,0,0,unknown,other,False,de,de,1.0,Abf.; Bemerkgn von L'Hd,Linsen (KorrespDB),Leibniz (GND),1686-01-03 (85-12-24)
29862,DE-611-HS-959461,"AA III,4 N.188",LBr 108 Bl. 90-91,90-91,True,4,217,64,light_revision,other,False,de,de,1.0,Abf.,"Brandshagen,J.D. (KorrespDB) (GND)",Leibniz (GND),1687-08-27 (87-08-17)
29885,DE-611-HS-958572,"AA III,4 N.192",LBr 501 Bl. 385,385-385,True,2,58,9,heavy_revision,partial,False,de,de,0.9542,"Abf., eigh. Aufschr., Siegel","Crafft,J.D. (KorrespDB) (GND)",Leibniz (GND),1687-09-29
2990,DE-611-HS-859703,"AA I,7 N.179",LBr 636 Bl. 58,58-58,True,2,30,17,light_revision,other,False,de,de,0.9861,Abf.,"Mencke,O. (KorrespDB) (GND)",Leibniz (GND),1691-09-12 (91-09-02)
29949,,"AA III,4 N.130","Hannover NLA Cal.Br. 4, 234 Bl. 64",,False,0,0,0,unknown,other,False,de,de,1.0,"Abf., 20x17cm; Bemerkgn von L'Hd",Linsen (KorrespDB),Leibniz (GND),1686-01-26 (86-01-16)
29994,,"AA III,4 N.135","Hannover NLA Cal.Br. 4, 234 Bl. 68",,False,0,0,0,unknown,other,False,de,de,1.0,"Abf., 20,5x25cm; Korr. & Erg. von L'Hd",Linsen (KorrespDB),Leibniz (GND),1686-02-17 (86-02-07)
29995,,"AA III,4 N.134","Hannover NLA Cal.Br. 4, 234 Bl. 70",,False,0,0,0,unknown,other,False,de,de,1.0,"Abf., 20x13,5cm; Eintraggn von L'Hd","Wahner,C. (KorrespDB)",Leibniz (GND),1686-02-17 (86-02-07)
30021,DE-611-HS-867883,"AA III,4 N.177",LBr 969 Bl. 5,5-5,True,2,36,2,heavy_revision,partial,False,de,de,0.9091,"Abf., eigh. Aufschr., Siegel; Postverm.",Wachsmuth (KorrespDB),Leibniz (GND),1687-06-11 (87-06-01)
30026,DE-611-HS-959461,"AA III,4 N.178",LBr 108 Bl. 93,93-93,True,2,65,28,heavy_revision,other,False,de,de,0.9939,Abf.,"Brandshagen,J.D. (KorrespDB) (GND)",Leibniz (GND),1687
30041,DE-611-HS-958572,"AA III,4 N.197",LBr 501 Bl. 408-409,408-409,True,4,375,41,heavy_revision,other,False,de,de,0.9971,Abf.,Leibniz (GND),"Crafft,J.D. (KorrespDB) (GND)",1687-11-06 (87-10-27)
30042,,"AA III,4 N.198","Neues Hannöversches Magazin 17 (1807), Sp. 1210-1211",,False,0,0,0,unknown,other,False,de,de,0.8966,Erstdruck nach e.nicht gefund. Aufz. von L'Hd,,,1687-11-06 (87-10-27)
3006,DE-611-HS-958572,"AA III,4 N.208",LBr 501 Bl. 165,165-165,True,2,74,10,heavy_revision,own,False,de,de,0.9944,"Abf., eigh.","Crafft,J.D. (KorrespDB) (GND)",Leibniz (GND),1689-03-03
3007,DE-611-HS-958572,"AA III,4 N.208",LBr 501 Bl. 165,165-165,True,2,74,0,heavy_revision,other,False,de,de,0.9944,Abf.,"Crafft,J.D. (KorrespDB) (GND)",Leibniz (GND),1689-03-03
30072,DE-611-HS-860755,"AA III,4 N.169",LBr 694 Bl. 1,1-1,True,2,35,12,heavy_revision,partial,False,de,de,0.9437,"Abf., von Schreiberhd mit eigh. Unterschr.; Aufschr. mit eigh. Zusatz, Siegel; Postverm.",Orschall (KorrespDB) (GND),Leibniz (GND),1687-04-22 (87-04-12)
30073,DE-611-HS-958572,"AA III,4 N.170",LBr 501 Bl. 98,98-98,True,2,53,1,heavy_revision,partial,False,de,de,0.9492,"Abf., 12,8x17cm, eigh. Aufschr., Siegel","Crafft,J.D. (KorrespDB) (GND)",Leibniz (GND),1687-04-23 (87-04-13)
30162,00068815,"AA III,4 N.144","LH 23, 4, 2 Bl. 87",87-87,True,2,69,3,heavy_revision,other,False,de,de,1.0,"Abf., Bemerkgn von L'Hd",Linsen (KorrespDB),Leibniz (GND),1686-03
30178,00068823,"AA IV,3 N.038",LH 34 Bl. 224-225,224-225,True,4,222,0,heavy_revision,own,True,de,de,0.9964,Konz.; eigh.,,,1685
30179,DE-611-HS-960158,"AA III,4 N.092",LBr 237 Bl. 84-85,84-85,True,4,82,5,light_revision,partial,False,de,de,0.9107,"Abf., eigh. Aufschr., daneben Aufzeichng von L'Hd, Siegel;",Elers (KorrespDB) (GND),Leibniz (GND),1685-08-01 (85-07-22)
30182,00068541,"AA III,4 N.093","LH 41, 2 Bl. 14-15",14-15,True,4,401,0,heavy_revision,other,False,de,de,0.9167,Ausz.aus:3778,"Crafft,J.D. (KorrespDB) (GND)",Leibniz (GND),1685-08-03 (85-07-24)
30219,DE-611-HS-958572,"AA III,4 N.093",LBr 501 Bl. 152,152-152,True,2,46,0,heavy_revision,partial,False,de,de,0.9167,"Abf., eigh. Aufschr., Siegel","Crafft,J.D. (KorrespDB) (GND)",Leibniz (GND),1685-08-03 (85-07-24)
30220,DE-611-HS-958572,"AA III,4 N.093",LBr 501 Bl. 152,152-152,True,2,46,2,heavy_revision,partial,False,de,de,0.9167,"Abf., eigh. Aufschr., Siegel","Crafft,J.D. (KorrespDB) (GND)",Leibniz (GND),1685-08-03 (85-07-24)
30222,,"AA III,4 N.126","Hannover NLA Cal.Br. 4, 234 Bl. 55",,False,0,0,0,unknown,other,False,de,de,0.75,"Abf., 8x10cm, Notiz von L'Hd",Pöhler (KorrespDB),Leibniz (GND),1686-01-12 (86-01-02)
30278,,"AA III,4 N.124","Hannover NLA Cal.Br. 4, 234 Bl. 60",,False,0,0,0,unknown,other,False,de,de,1.0,"Abf., 20,5x16,7cm, Korr.vermutl. von L'Hd",Linsen (KorrespDB),Leibniz (GND),1686-01-11 (86-01-01)
30279,,"AA III,4 N.124","Hannover NLA Cal.Br. 4, 234 Bl. 61",,False,0,0,0,unknown,other,False,de,de,1.0,"Abf., 20,5x14,7cm; Bemerkgn von L'Hd",Linsen (KorrespDB),Leibniz (GND),1686-01-11 (86-01-01)
30386,,"AA III,4 N.131","Hannover NLA Cal.Br. 4, 234 Bl. 67",,False,0,0,0,unknown,other,False,de,de,1.0,"Abf., 15,5x20cm; Korr. vermutl. von L'Hd",Linsen (KorrespDB),Leibniz (GND),1686-02-02 (86-01-23)
30388,DE-611-HS-860205,"AA III,4 N.132",LBr 653 Bl. 5,5-5,True,2,81,43,heavy_revision,partial,False,mixed,de,0.6061,"Abf., eigh. Aufschr., schwarzes Siegel; Postverm.",Mohr (KorrespDB) (GND),Leibniz (GND),1686-02-05 (86-01-26)
30402,DE-611-HS-856291,"AA III,4 N.166",LBr 566 Bl. 9,9-9,True,2,60,18,heavy_revision,other,False,de,de,0.9951,"Abf., Bemerkg von L'Hd.",Linsen (KorrespDB),Leibniz (GND),1687-04-13 (87-04-03)
30406,DE-611-HS-867883,"AA III,4 N.167",LBr 969 Bl. 1-2,1-2,True,4,144,6,heavy_revision,partial,False,de,de,0.9734,"Abf., eigh. Aufschr., Siegel; Postverm.",Wachsmuth (KorrespDB),Leibniz (GND),1687-04-14 (87-04-04)
3041,00068803,"AA I,7 N.077","LH 23, 2, 15 Bl. 24r°unten (=8403)",24-24,True,2,261,11,heavy_revision,own,True,de,de,0.9964,Aufz.; eigh.,Leibniz (GND),"Braunschweig-Lüneburg,Ernst August v. (KorrespDB) (GND)",1692-02
30416,,"AA III,4 N.103","Hannover NLA Cal.Br. 4, 234 Bl. 45",,False,0,0,0,unknown,other,False,de,de,1.0,"Abf., 16x10cm",Linsen (KorrespDB),Leibniz (GND),1685-11-18
30435,DE-611-HS-861667,"AA III,4 N.070",LBr 724 Bl. 14,14-14,True,2,26,21,light_revision,partial,False,mixed,de,0.642,"Abf., eigh. Aufschr.",Pfautz (KorrespDB) (GND),Leibniz (GND),1684-09-27 (84-09-17)
30436,00068541,"AA III,4 N.070","LH 41, 2 Bl. 7-8",7-8,True,4,396,0,heavy_revision,other,False,mixed,de,0.642,Ausz.aus:25640,Pfautz (KorrespDB) (GND),Leibniz (GND),1684-09-27 (84-09-17)
30493,00068342,"AA VI,4 N.446","LH 1, 6, 7 Bl. 1-4",1-4,True,8,951,187,heavy_revision,own,True,de,de,0.9993,"Konz.; eigh., Übersetzung",,,1685
3050,DE-611-HS-959461,"AA I,6 N.023",LBr 108 Bl. 97-98,97-98,True,4,169,34,light_revision,other,False,de,de,0.9876,Abf.,"Brandshagen,J.D. (KorrespDB) (GND)",Leibniz (GND),1691-02-19 (91-02-09)
30569,DE-611-HS-974056,"AA III,4 N.165",LBr 404 Bl. 3-4,3-4,True,4,132,106,light_revision,other,False,de,de,0.994,Abf.,Heyn (KorrespDB) (GND),Leibniz (GND),1687-03-26 (87-03-16)
30598,,"AA III,4 N.141","Hannover NLA Cal.Br. 4, 234 Bl. 88",,False,0,0,0,unknown,other,False,de,de,0.9762,Abf.; Überschr. von unbek.Hd (v°); Bemerkgn von L'Hd,Linsen (KorrespDB),Leibniz (GND),1686-03-23 (86-03-13)
30744,DE-611-HS-958572,"AA III,4 N.168",LBr 501 Bl. 162,162-162,True,2,66,11,heavy_revision,partial,False,de,de,0.9322,"Abf., eigh. Aufschr., Siegel","Crafft,J.D. (KorrespDB) (GND)",Leibniz (GND),1687-04-19 (87-04-09)
30750,00068541,"AA III,4 N.087","LH 41, 2 Bl. 16-17",16-17,True,4,498,0,heavy_revision,other,False,de,de,0.9925,"Ausz.aus:3327, 7 Zeilen","Crafft,J.D. (KorrespDB) (GND)",Leibniz (GND),1685-04-03 (85-03-24)
30751,DE-611-HS-958572,"AA III,4 N.087",LBr 501 Bl. 149-150,149-150,True,4,436,28,heavy_revision,other,False,de,de,0.9925,"Abf., Bemerkg von L'Hd","Crafft,J.D. (KorrespDB) (GND)",Leibniz (GND),1685-04-03 (85-03-24)
30758,DE-611-HS-974056,"AA III,4 N.159",LBr 404 Bl. 1-2,1-2,True,4,272,56,heavy_revision,partial,False,de,de,0.9815,"Abf., eigh. Aufschr., Siegel",Heyn (KorrespDB) (GND),Leibniz (GND),1687-02-06 (87-01-27)
30760,00068537,"AA III,4 N.160",LH 38 Bl. 11,11-11,True,2,35,1,heavy_revision,other,False,de,de,1.0,"Abf., 19,5x22,5cm",Linsen (KorrespDB),Leibniz (GND),1687-02-08 (87-01-29)
30764,DE-611-HS-856291,"AA III,4 N.089",LBr 566 Bl. 5,5-5,True,2,80,16,heavy_revision,other,False,de,de,1.0,Abf.,Linsen (KorrespDB),Leibniz (GND),1685-06-17 (85-06-07)
30776,,"AA III,4 N.105","Hannover NLA Cal.Br. 4, 234 Bl. 33",,False,0,0,0,unknown,other,False,de,de,1.0,Abf.,Linsen (KorrespDB),Leibniz (GND),1685-11-24 (85-11-14)
30777,,"AA III,4 N.104","Hannover NLA Cal.Br. 4, 234 Bl. 46",,False,0,0,0,unknown,other,False,de,de,1.0,"Abf., 10x4cm; Bemerkgn von L'Hd",Pfeffer (KorrespDB),Leibniz (GND),1685-11-24 (85-11-14)
30782,DE-611-HS-958572,"AA III,4 N.152",LBr 501 Bl. 382,382-382,True,2,127,9,heavy_revision,other,False,de,de,0.9946,Abf.,"Crafft,J.D. (KorrespDB) (GND)",Leibniz (GND),1686-09-29
30783,DE-611-HS-958572,"AA III,4 N.152",LBr 501 Bl. 383,383-383,True,2,213,19,heavy_revision,other,False,de,de,0.9946,Abf.,"Crafft,J.D. (KorrespDB) (GND)",Leibniz (GND),1686-09-29
30812,,"AA III,4 N.118","Hannover NLA Cal.Br. 4, 234 Bl. 42",,False,0,0,0,unknown,own,False,de,de,0.9793,"Abf., eigh.; Bemerkgn von L",Linsen (KorrespDB),Leibniz (GND),1685-12-22 (85-12-12)
30825,,"AA III,4 N.123","Hannover NLA Cal.Br. 4, 234 Bl. 90",,False,0,0,0,unknown,other,False,de,de,0.9714,Abf.; v° Rechnungen,Pfeffer (KorrespDB),Leibniz (GND),1686-01-05
30826,,"AA III,4 N.130","Hannover NLA Cal.Br. 4, 234 Bl. 62",,False,0,0,0,unknown,other,False,de,de,1.0,"Abf., 20x22cm; Ändergn & Erg. von L'Hd",Linsen (KorrespDB),Leibniz (GND),1686-01-26 (86-01-16)
30964,DE-611-HS-959461,"AA III,4 N.195",LBr 108 Bl. 94,94-94,True,2,43,35,light_revision,own,False,de,de,1.0,"Abf., eigh.","Brandshagen,J.D. (KorrespDB) (GND)",Leibniz (GND),1687-10-27 (87-10-17)
30992,00068814,"AA III,4 N.078","LH 23, 4, 1 Bl. 101",101-101,True,2,51,4,light_revision,other,False,de,de,1.0,"Abf., 16,5x10cm, 13 Zeilen",Leibniz (GND),Pfeffer (KorrespDB),1684-12
31001,DE-611-HS-958572,"AA III,4 N.173",LBr 501 Bl. 163,163-163,True,2,49,5,heavy_revision,other,False,de,de,1.0,Abf.,"Crafft,J.D. (KorrespDB) (GND)",Leibniz (GND),1687-05-08 (87-04-28)
31002,DE-611-HS-860755,"AA III,4 N.172",LBr 694 Bl. 4,4-4,True,2,60,13,heavy_revision,other,False,de,de,1.0,"Konz.(?), Bibl.verm..",Leibniz (GND),Orschall (KorrespDB) (GND),1687-05-08 (87-04-28)
31071,,"AA III,4 N.139","Hannover NLA Cal.Br. 4, 234 Bl. 84",,False,0,0,0,unknown,other,False,de,de,1.0,Abf.; Notizen von L'Hd,Linsen (KorrespDB),Leibniz (GND),1686-03-10 (86-02-28)
3110,DE-611-HS-3616805,"AA III,4 N.242",LBr 79 Bl. 16-17,16-17,True,4,424,101,heavy_revision,other,False,de,de,0.7043,Abf.,Leibniz (GND),"Bodenhausen,R.C. (KorrespDB) (GND)",1690-03-04
3111,DE-611-HS-3616805,"AA III,4 N.242",LBr 79 Bl. 16-17,16-17,True,4,424,0,heavy_revision,other,False,de,de,0.7043,Abf.,Leibniz (GND),"Bodenhausen,R.C. (KorrespDB) (GND)",1690-03-04
3112,DE-611-HS-3616805,"AA III,4 N.242",LBr 79 Beiheft 1 Bl. 14r°-15r°,14-14,True,2,215,0,heavy_revision,other,False,de,de,0.7043,Ausz. aus 35359 von Bodenhausens Hand,Leibniz (GND),"Bodenhausen,R.C. (KorrespDB) (GND)",1690-03-04
31131,,"AA III,4 N.121","Hannover NLA Cal.Br. 4, 234 Bl. 104",,False,0,0,0,unknown,other,False,de,de,1.0,Abf.; Bemerkgn von L'Hd,Pöhler (KorrespDB),Leibniz (GND),1686-01-01
31169,DE-611-HS-867883,"AA III,4 N.175",LBr 969 Bl. 3-4,3-4,True,4,229,15,heavy_revision,other,False,de,de,0.9922,Abf.,Wachsmuth (KorrespDB),Leibniz (GND),1687-05-24 (87-05-14)
3117,,"AA I,7 N.400","Ms 23, 181, 1, 1 Bl. 96-97 (96r°.97v°.97r°) (=7928,=54314)",,False,0,0,0,unknown,partial,False,de,de,0.9323,Konz.; eigh. + 7 Z. 4°,Leibniz (GND),"Eyben,H.v. (KorrespDB) (GND)",1690-12
31194,DE-611-HS-958572,"AA III,4 N.153",LBr 501 Bl. 159,159-159,True,2,69,6,heavy_revision,other,False,de,de,1.0,Abf.,"Crafft,J.D. (KorrespDB) (GND)",Leibniz (GND),1686-10-19 (86-10-09)
31206,00068335,"AA VI,4 N.451","LH 1, 5, 4 Bl. 9.6.8",9-9,True,2,215,72,heavy_revision,other,False,de,de,0.9795,Ausz.,,,1687-11-05
31224,DE-611-HS-867883,"AA III,4 N.191",LBr 969 Bl. 10-11,10-11,True,4,194,5,heavy_revision,other,False,de,de,0.996,Abf.,Wachsmuth (KorrespDB),Leibniz (GND),1687-09-14 (87-09-04)
31269,DE-611-HS-856291,"AA III,4 N.163",LBr 566 Bl. 8,8-8,True,2,100,10,heavy_revision,other,False,de,de,1.0,Abf.,Linsen (KorrespDB),Leibniz (GND),1687-03-09 (87-02-27)
31327,,"AA III,4 N.115","Hannover NLA Cal.Br. 4, 234 Bl. 51",,False,0,0,0,unknown,other,False,de,de,0.8,Abf.; 10x6cm. (Hs=Bl.55); Bemerkgn von L'Hd,Pöhler (KorrespDB),Leibniz (GND),1685-12-15 (85-12-05)
31328,,"AA III,4 N.116","Hannover NLA Cal.Br. 4, 234 Bl. 40",,False,0,0,0,unknown,other,False,de,de,1.0,"Abf., 15,5x17cm; Bemerkgn von L'Hd",Zehn (KorrespDB),Leibniz (GND),1685-12-15 (85-12-05)
31348,,"AA III,4 N.145","Hannover NLA Cal.Br. 4, 234 Bl. 53",,False,0,0,0,unknown,other,False,de,de,1.0,"Abf.; 14,5x12cm; Bemerkgn von L'Hd",?,Leibniz (GND),1686-06-08 (86-05-29)
31405,DE-611-HS-974056,"AA III,4 N.182",LBr 404 Bl. 7,7-7,True,2,116,6,heavy_revision,partial,False,de,de,0.9868,Konz.; eigh. Anschr.; Siegel; Aufschr. von unbek.Hd.,Leibniz (GND),"Heyn,Fr.",1687-07
31406,DE-611-HS-974056,"AA III,4 N.179",LBr 404 Bl. 5-6,5-6,True,4,240,37,light_revision,partial,False,de,de,0.964,"Abf., eigh. Aufschr., Siegel",Heyn (KorrespDB) (GND),Leibniz (GND),1687-07-10 (87-06-30)
31409,DE-611-HS-959461,"AA III,4 N.180",LBr 108 Bl. 85-86,85-86,True,4,279,42,light_revision,partial,False,de,de,0.9957,"Abf., eigh. Aufschr., Siegel, Postverm.","Brandshagen,J.D. (KorrespDB) (GND)",Leibniz (GND),1687-07-16 (87-07-06)
31423,DE-611-HS-867883,"AA III,4 N.189",LBr 969 Bl. 9,9-9,True,2,45,12,light_revision,other,False,de,de,0.9859,Abf.,Wachsmuth (KorrespDB),Leibniz (GND),1687-08-30 (87-08-20)
31443,,"AA III,4 N.109","Hannover NLA Cal.Br. 4, 234 Bl. 34",,False,0,0,0,unknown,other,False,de,de,1.0,"Abf., 17x16cm; Bemerkgn & Korr. von L",Linsen (KorrespDB),Leibniz (GND),1685-12-02 (85-11-22)
31481,,"AA III,4 N.107","Hannover NLA Cal.Br. 4, 234 Bl. 47",,False,0,0,0,unknown,other,False,de,de,1.0,"Abf., 11x7cm",Pfeffer (KorrespDB),Leibniz (GND),1685-11
31495,,"AA III,4 N.125","Hannover NLA Cal.Br. 4, 234 Bl. 52",,False,0,0,0,unknown,other,False,de,de,1.0,"Abf., 14x7cm.",Pfeffer (KorrespDB),Leibniz (GND),1686-01-12
31505,DE-611-HS-867883,"AA III,4 N.186",LBr 969 Bl. 7-8,7-8,True,4,191,8,heavy_revision,other,False,de,de,0.9891,Abf.,Wachsmuth (KorrespDB),Leibniz (GND),1687-08-09 (87-07-30)
31531,DE-611-HS-958572,"AA III,4 N.076",LBr 501 Bl. 142.144,142-142,True,2,156,0,heavy_revision,other,False,de,de,0.9921,Abf.,"Crafft,J.D. (KorrespDB) (GND)",Leibniz (GND),1684-11-21
31532,00068541,"AA III,4 N.076","LH 41, 2 Bl. 3r°",3-3,True,2,218,0,heavy_revision,other,False,de,de,0.9921,"Ausz.aus:25560, 10 Zeilen","Crafft,J.D. (KorrespDB) (GND)",Leibniz (GND),1684-11-21
31557,,"AA III,4 N.142","Hannover NLA Cal.Br. 4, 234 Bl. 95",,False,0,0,0,unknown,other,False,de,de,1.0,"Abf., 20x21cm; Bemerkgn von L'Hd; Überschr. von unbek.Hd (v°)",Linsen (KorrespDB),Leibniz (GND),1686-03-30 (86-03-20)
31588,00068541,"AA III,4 N.090","LH 41, 2 Bl. 16r°",16-16,True,2,249,0,heavy_revision,other,False,de,de,0.9917,"Ausz.aus:25754, 1,7 Zeilen","Crafft,J.D. (KorrespDB) (GND)",Leibniz (GND),1685-06-29 (85-06-19)
31589,DE-611-HS-958572,"AA III,4 N.090",LBr 501 Bl. 151,151-151,True,2,62,3,heavy_revision,other,False,de,de,0.9917,Abf.; Siegelspuren,"Crafft,J.D. (KorrespDB) (GND)",Leibniz (GND),1685-06-29 (85-06-19)
31590,DE-611-HS-958572,"AA III,4 N.090",LBr 501 Bl. 151,151-151,True,2,62,0,heavy_revision,other,False,de,de,0.9917,Abf.; Siegelspuren,"Crafft,J.D. (KorrespDB) (GND)",Leibniz (GND),1685-06-29 (85-06-19)
31594,00068541,"AA III,4 N.091","LH 41, 2 Bl. 16r°",16-16,True,2,249,0,heavy_revision,other,False,de,de,0.9758,"Ausz.aus d.nicht gefundenen Abf., 16 Zeilen","Crafft,J.D. (KorrespDB) (GND)",Leibniz (GND),1685-07-24 (85-07-14)
31595,,"AA III,4 N.091",,,False,0,0,0,unknown,other,False,de,de,0.9758,Abf.,"Crafft,J.D. (KorrespDB) (GND)",Leibniz (GND),1685-07-24 (85-07-14)
31609,DE-611-HS-959461,"AA III,4 N.184",LBr 108 Bl. 87-89,87-89,True,6,256,93,light_revision,other,False,de,de,0.9979,Abf.,"Brandshagen,J.D. (KorrespDB) (GND)",Leibniz (GND),1687-07-23 (87-07-13)
31610,DE-611-HS-974056,"AA III,4 N.185",LBr 404 Bl. 8,8-8,True,2,33,10,light_revision,other,False,de,de,1.0,Abf.,Heyn (KorrespDB) (GND),Leibniz (GND),1687-07-24 (87-07-14)
31657,,"AA III,4 N.138","Hannover NLA Cal.Br. 4, 234 Bl. 71",,False,0,0,0,unknown,other,False,de,de,1.0,Abf.; Notiz von L'Hd.,Linsen (KorrespDB),Leibniz (GND),1686-03-02 (86-02-20)
31658,,"AA III,4 N.137","Hannover NLA Cal.Br. 4, 234 Bl. 69",,False,0,0,0,unknown,other,False,de,de,1.0,"Abf., 21x15,5cm.",Moltfelt (KorrespDB),Leibniz (GND),1686-03-02 (86-02-20)
3177,,"AA III,4 N.205","Hannover NLA Cal.Br. 4, 535 Bl. 137",,False,0,0,0,unknown,other,False,de,de,0.9846,Konz. oder Abschr. e.unbek. Vorlage,"Crafft,J.D. (KorrespDB) (GND)Leibniz (GND)",Leopold I. (Kaiser) (KorrespDB) (GND),1688-12-24
31770,DE-611-HS-861869,"AA III,4 N.100",LBr 738 Bl. 20-21,20-21,True,4,116,23,heavy_revision,partial,False,de,de,0.9638,"Abf., eigh. Aufschr., Siegel; Bibl.verm: ""Pratisius""",Pratisius (KorrespDB) (GND),Leibniz (GND),1685-10-26
31858,DE-611-HS-958572,"AA III,4 N.076",LBr 501 Bl. 142.144,142-142,True,2,156,18,heavy_revision,other,False,de,de,0.9921,Abf.,"Crafft,J.D. (KorrespDB) (GND)",Leibniz (GND),1684-11-21
31880,DE-611-HS-49877,"AA III,4 N.099",LBr 805 Bl. 29,29-29,True,2,71,0,heavy_revision,own,False,de,de,0.9723,"Abf., eigh.",Scheffer (KorrespDB) (GND),Leibniz (GND),1685-10-23 (85-10-13)
31881,DE-611-HS-49877,"AA III,4 N.099",LBr 805 Bl. 29,29-29,True,2,71,21,heavy_revision,own,False,de,de,0.9723,"Abf., eigh.",Scheffer (KorrespDB) (GND),Leibniz (GND),1685-10-23 (85-10-13)
31882,00068541,"AA III,4 N.099","LH 41, 2 Bl. 10-11",10-11,True,4,436,5,heavy_revision,other,False,de,de,0.9723,Ausz.aus:25674,Scheffer (KorrespDB) (GND),Leibniz (GND),1685-10-23 (85-10-13)
31946,DE-611-HS-860755,"AA III,4 N.176",LBr 694 Bl. 2-3,2-3,True,4,259,35,light_revision,partial,False,de,de,0.9306,"Abf., eigh. Aufschr., Siegel",Orschall (KorrespDB) (GND),Leibniz (GND),1687-05-26 (87-05-16)
31947,DE-611-HS-958572,"AA III,4 N.187",LBr 501 Bl. 294-295,294-295,True,4,336,53,heavy_revision,other,False,de,de,0.9869,Konz.(?),Leibniz (GND),Orschall (KorrespDB) (GND),1687-08
31963,DE-611-HS-958572,"AA III,4 N.158",LBr 501 Bl. 161,161-161,True,2,89,5,heavy_revision,partial,False,de,de,0.9379,"Abf., eigh. Aufschr., Siegel","Crafft,J.D. (KorrespDB) (GND)",Leibniz (GND),1687-02-04 (87-01-24)
31964,DE-611-HS-958572,"AA III,4 N.158",LBr 501 Bl. 161,161-161,True,2,89,0,heavy_revision,partial,False,de,de,0.9379,"Abf., eigh. Aufschr., Siegel","Crafft,J.D. (KorrespDB) (GND)",Leibniz (GND),1687-02-04 (87-01-24)
3219,,"AA III,4 N.202","Neues Hannöversches Magazin 17 (1807), Sp. 1236-1237",,False,0,0,0,unknown,other,False,de,de,0.9888,Erstdr. e.nicht gefund.Aufz.,,,1688-01
3220,DE-611-HS-92149,"AA I,6 N.123",LBr 604 Bl. 20,20-20,True,2,33,1,light_revision,partial,False,de,de,1.0,Abf.; eigh. Aufschr.,Marci (KorrespDB) (GND),Leibniz (GND),1690-10-21 (90-10-11)
33033,DE-611-HS-958572,"AA III,4 N.156",LBr 501 Bl. 384,384-384,True,2,105,8,heavy_revision,other,False,de,de,0.9892,Abf.,"Crafft,J.D. (KorrespDB) (GND)",Leibniz (GND),1687-01-17
33108,00068769,"AA IV,1 N.036","LH 11, 4 Bl. 69-74",69-74,True,12,897,109,heavy_revision,partial,False,de,de,0.9019,"Konz., wohl nach Mitteilgn Melchior Friedr.v.Scönborns, mit wenigen eigh. Korr., teilw. chiffr.",,,1672-12
33109,,"AA IV,1 N.036",,,False,0,0,0,unknown,other,False,de,de,0.9019,Aufzz.,,,1672-12
3337,,"AA I,6 N.004",,,False,0,0,0,unknown,other,False,de,de,0.9932,Abf.,Leibniz (GND),Münchhausen (KorrespDB) (GND),1690-10-11 (90-10-01)
3338,DE-611-HS-860483,"AA I,6 N.004",LBr 674 Bl. 2,2-2,True,2,91,12,heavy_revision,own,True,de,de,0.9932,"Konz. oder Abschr., eigh.",Leibniz (GND),Münchhausen (KorrespDB) (GND),1690-10-11 (90-10-01)
33386,DE-611-HS-971145,"AA I,14 N.378",LBr 266 Bl. 6r°/v°,6-6,True,2,137,19,heavy_revision,other,False,de,de,0.95,Konz. mit Ändergn,Leibniz (GND),Fidler (KorrespDB),1697-11
3340,DE-611-HS-856265,"AA I,6 N.261",LBr 562 Bl. 14-15,14-15,True,4,254,9,heavy_revision,other,False,de,de,0.9931,"Konz., ohne Datum",Leibniz (GND),Limbach (KorrespDB) (GND),1691-04-19
33407,00068541,"AA III,4 N.077","LH 41, 2 Bl. 20r°",20-20,True,2,116,0,heavy_revision,other,False,de,de,0.9837,"Ausz.aus:25823, 16,6 Zeilen","Crafft,J.D. (KorrespDB) (GND)",Leibniz (GND),1684-12-22 (84-12-12)
33408,DE-611-HS-958572,"AA III,4 N.077",LBr 501 Bl. 145-146,145-146,True,4,349,18,scrap,partial,False,de,de,0.9837,"Abf., eigh. Aufschr., Siegel, Papierverlust durch Siegel; Notiz von L'Hd","Crafft,J.D. (KorrespDB) (GND)",Leibniz (GND),1684-12-22 (84-12-12)
33409,DE-611-HS-958572,"AA III,4 N.077",LBr 501 Bl. 145-146,145-146,True,4,349,0,scrap,partial,False,de,de,0.9837,"Abf., eigh. Aufschr., Siegel, Papierverlust durch Siegel; Notiz von L'Hd","Crafft,J.D. (KorrespDB) (GND)",Leibniz (GND),1684-12-22 (84-12-12)
3342,DE-611-HS-859692,"AA III,4 N.294",LBr 634 Bl. 6.9.7.8,6-6,True,2,168,11,heavy_revision,own,False,de,de,0.9846,"Abf., eigh.",Melling (KorrespDB),Leibniz (GND),1690-12-05
33427,00068823,"AA IV,3 N.038",LH 34 Bl. 224-225,224-225,True,4,222,33,heavy_revision,own,True,de,de,0.9964,Konz.; eigh.,,,1686
3360,,"AA I,6 N.017",Hannover NLA Hann. 153 Acc. 2004/107 Nr. 1 (alt: NLB Bibliotheksakten A6 Bl. 153-154 (1955 nicht auffindbar)),,False,0,0,0,unknown,other,False,de,de,1.0,Druck nach e.Konz.,"Wolfenbüttel,Anton Ulrich v. (KorrespDB) (GND)Wolfenbüttel,Rudolf August v. (KorrespDB) (GND)",Leibniz (GND),1690-12
3363,DE-611-HS-973585,"AA I,6 N.055",LBr 398 Bl. 1-2 (=10310),1-2,True,4,324,0,heavy_revision,other,False,de,de,0.978,Abf.,Hertel (KorrespDB) (GND),Leibniz (GND),1691-07-18 (91-07-08)
33723,DE-611-HS-959461,"AA III,4 N.171",LBr 108 Bl. 84,84-84,True,2,28,16,heavy_revision,other,False,de,de,1.0,Konz. d.nicht gefund. Abf.,Leibniz (GND),Reimers (KorrespDB),1687-04 (87-04)
34123,00068604,"AA IV,1 N.009","LH 4, 4, 13c Bl. 25",25-25,True,2,69,0,heavy_revision,own,True,de,de,0.8936,Konz.; eigh.; unrelm. Zettel ca.10x20cm,,,1668
34880,DE-611-HS-866679,"AA III,1 N.015",LBr 870 Bl. 3-4,3-4,True,4,206,3,heavy_revision,own,False,de,de,0.72,"Abf., eigh.",Slare (KorrespDB) (GND),Leibniz (GND),1673-04-23 (73-04-13)
35003,,"AA IV,1 N.036",,,False,0,0,0,unknown,other,False,de,de,0.9019,"Erstdr. nach nicht gefund. Konz., wohl nach Mitteilgn schönborns",,,1672-12
35136,,"AA IV,1 N.036",Wiesentheid Gräfl. Schönbornsches Archiv Fasz. Leibniz Bl. 42,,False,0,0,0,unknown,own,True,de,de,0.9019,Konz.; eigh.,"Leibniz (GND)Schönborn,M.Fr. (KorrespDB) (GND)","Frankreich,Ludwig XIV. (KorrespDB) (GND)",1672-11-21
35140,DE-611-HS-866679,"AA III,1 N.014",LBr 870 Bl. 11,11-11,True,2,49,24,light_revision,own,False,de,de,1.0,"Abf., eigh.",Slare (KorrespDB) (GND),Leibniz (GND),1673-04-20 (73-04-10)
35235,,"AA IV,1 N.036",Wiesentheid Gräfl. Schönbornsches Archiv Fasz. Leibniz Bl. 42,,False,0,0,0,unknown,partial,False,de,de,0.9019,Konz. mit eigh. Korr. - Papierschäden,"Leibniz (GND)Schönborn,M.Fr. (KorrespDB) (GND)","Frankreich,Ludwig XIV. (KorrespDB) (GND)",1672-12
35474,DE-611-HS-866679,"AA III,1 N.024",LBr 870 Bl. 5-6,5-6,True,4,313,24,light_revision,own,False,de,de,0.8846,"Abf., eigh., Anschr. Siegel herausgerissen, demgemäß Schriftverlust auf S.2",Slare (KorrespDB) (GND),Leibniz (GND),1673-07-27 (73-07-17)
35683,00068769,"AA IV,1 N.037","LH 11, 4 Bl. 174-175",174-175,True,4,318,62,heavy_revision,partial,False,de,de,0.9976,Konz. mit eigh. Korr.,,,1672
35684,00068769,"AA IV,1 N.037","LH 11, 4 Bl. 174-175",174-175,True,4,318,0,heavy_revision,partial,False,de,de,0.9976,Konz. mit eigh. Korr.,,,1672
3583,00068567,"AA I,6 N.177","LH 4, 2, 7 Bl. 1-3",1-3,True,6,694,0,heavy_revision,other,False,de,de,0.8214,Konz.,Leibniz (GND),"Meier,G. (KorrespDB) (GND)",1691-01
3589,DE-611-HS-3616805,"AA III,4 N.247",LBr 79 Bl. 20-21,20-21,True,4,305,46,heavy_revision,partial,False,de,de,0.9739,"Abf., eigh. Aufschr., Siegel; L: ""Firenze vicino a S.Nicolo""","Bodenhausen,R.C. (KorrespDB) (GND)",Leibniz (GND),1690-03-25
3590,DE-611-HS-3616805,"AA III,4 N.247",LBr 79 Bl. 20-21,20-21,True,4,305,0,heavy_revision,partial,False,de,de,0.9739,"Abf., eigh. Aufschr., Siegel; L: ""Firenze vicino a S.Nicolo""","Bodenhausen,R.C. (KorrespDB) (GND)",Leibniz (GND),1690-03-25
35922,00068769,"AA IV,1 N.036","LH 11, 4 Bl. 69-74",69-74,True,12,897,0,heavy_revision,partial,False,de,de,0.9019,"Konz., wohl nach Mitteilgn Melchior Friedr.v.Scönborns, mit wenigen eigh. Korr., teilw. chiffr.",,,1672-12
35990,DE-611-HS-866679,"AA III,1 N.012",LBr 870 Bl. 1,1-1,True,2,95,0,heavy_revision,own,False,mixed,de,0.5926,"Abf., eigh.",Slare (KorrespDB) (GND),Leibniz (GND),1673-04-20
3608,DE-611-HS-861206,"AA I,7 N.073",LBr 701 Bl. 21,21-21,True,2,29,0,light_revision,other,False,de,de,1.0,Abf.,"Otto,G.Chr. (KorrespDB)",Leibniz (GND),1692-03-04 (92-02-23)
3635,,"AA I,6 N.346","Ms 23, 842a Bl. 7-8",,False,0,0,0,unknown,other,False,de,de,0.9954,Abf.,Schenck v.Winterstedt (KorrespDB),"Schrader,Ch. (KorrespDB) (GND)Leibniz (GND)",1691-07-30 (91-07-20)
36359,,"AA III,1 N.026",,,False,0,0,0,unknown,other,False,de,de,1.0,"verschollen, erschl.Form",Leibniz (GND),Toinard (KorrespDB) (GND),1674-06
36360,,"AA III,1 N.026",,,False,0,0,0,unknown,other,False,de,de,1.0,"verschollen, erschl.Form",Leibniz (GND),Toinard (KorrespDB) (GND),1674-06
36368,DE-611-HS-866679,"AA III,1 N.012",LBr 870 Bl. 1,1-1,True,2,95,0,heavy_revision,own,False,mixed,de,0.5926,"Abf., eigh.",Slare (KorrespDB) (GND),Leibniz (GND),1673-04-20
3652,DE-611-HS-856265,"AA I,6 N.261",LBr 562 Bl. 12-13,12-13,True,4,296,29,heavy_revision,other,False,de,de,0.9931,Konz.,Leibniz (GND),Limbach (KorrespDB) (GND),1691-04-19 (91-04-09)
36640,00068394,"AA IV,3 N.027","LH 2, 2, 17 Bl. 1",1-1,True,2,68,25,heavy_revision,other,False,de,de,0.964,Konz.,,,1678
3667,DE-611-HS-92149,"AA I,6 N.026",LBr 604 Bl. 56,56-56,True,2,33,27,light_revision,other,False,de,de,1.0,Konz.,Leibniz (GND),Platen (KorrespDB) (GND),1691-03
3668,DE-611-HS-92149,"AA I,6 N.026",LBr 604 Bl. 57-58,57-58,True,4,68,25,light_revision,other,False,de,de,1.0,"Abschr. von L, Schr.L21d (Reimers)",Leibniz (GND),Platen (KorrespDB) (GND),1691-03
3680,DE-611-HS-92149,"AA I,6 N.188",LBr 604 Bl. 25,25-25,True,2,51,10,light_revision,other,False,de,de,0.9882,Abf.,Marci (KorrespDB) (GND),Leibniz (GND),1691-01-27 (91-01-17)
3693,DE-611-HS-974424,"AA I,7 N.004",LBr 429 Bl. 58-59,58-59,True,4,307,0,light_revision,other,False,de,de,0.8974,Abf.,"Hugo,L. (KorrespDB) (GND)",Leibniz (GND),1691-08-16 (91-04-06)
36953,DE-611-HS-866679,"AA III,1 N.012",LBr 870 Bl. 1,1-1,True,2,95,65,heavy_revision,own,False,mixed,de,0.5926,"Abf., eigh.",Slare (KorrespDB) (GND),Leibniz (GND),1673-04
37263,DE-611-HS-866679,"AA III,1 N.018",LBr 870 Bl. 2,2-2,True,2,76,2,heavy_revision,own,False,de,de,0.7826,"Abf., eigh., Rücks.: Adresse & Siegel",Slare (KorrespDB) (GND),Leibniz (GND),1673-05-05 (73-04-25)
3775,DE-611-HS-960234,"AA I,7 N.202",LBr 248 Bl. 25,25-25,True,2,82,1,heavy_revision,own,True,de,de,0.9337,Aufz.; eigh.,Leibniz (GND),"Eyben,H.v. (KorrespDB) (GND)",1691-10
3776,DE-611-HS-960234,"AA I,7 N.202",LBr 248 Bl. 23-24,23-24,True,4,255,118,heavy_revision,own,True,de,de,0.9337,Konz.; eigh.,Leibniz (GND),"Eyben,H.v. (KorrespDB) (GND)",1691-10
3777,,"AA I,7 N.202",,,False,0,0,0,unknown,other,False,de,de,0.9337,MF,Leibniz (GND),"Eyben,H.v. (KorrespDB) (GND)",1691-10
3779,DE-611-HS-974056,"AA III,4 N.261",LBr 404 Bl. 9-10,9-10,True,4,173,41,light_revision,partial,False,de,de,0.9301,"Abf., eigh. Aufschr., Siegel",Heyn (KorrespDB) (GND),Leibniz (GND),1690-06-06 (90-05-27)
3781,DE-611-HS-861206,"AA I,6 N.044",LBr 701 Bl. 13,13-13,True,2,54,11,light_revision,other,False,de,de,0.913,Abf.,"Otto,G.Chr. (KorrespDB)",Leibniz (GND),1691-06-26 (91-06-16)
37884,00068001,"AA III,3 N.042","LH 35, 4, 4 Bl. 20",20-20,True,2,213,16,light_revision,other,False,de,de,0.6711,"Aufz., Streifen 15x4,5cm, Ausschnitt aus e.Ms.",,,1683-03
3800,,"AA I,8 N.082",Hannover NLA Celle Br. 104b 110 Bl. 272 (=54050),,False,0,0,0,unknown,own,False,de,de,0.9767,"Notiz (Abf.), eigh., 3 Z.","Hugo,L. (KorrespDB) (GND)",Leibniz (GND),1690
3801,,"AA I,8 N.082",Hannover NLA Celle Br. 104b 110 Bl. 272 (=54049),,False,0,0,0,unknown,own,True,de,de,0.9767,Konz.; eigh.,Leibniz (GND),"Hugo,L. (KorrespDB) (GND)",1690
3805,DE-611-HS-3618184,"AA I,7 N.071",LBrF 15 Bl. 2-3,,False,0,0,0,unknown,other,False,de,de,0.9286,Abf.,"Wolfenbüttel,Rudolf August v. (KorrespDB) (GND)",Leibniz (GND),1692-02-28 (92-02-18)
3810,,"AA I,7 N.401","Ms 23, 181, 1, 1 Bl. 94-95",,False,0,0,0,unknown,other,False,de,de,0.9274,Konz.,Leibniz (GND),"Eyben,H.v. (KorrespDB) (GND)",1691-01-21
3810,,"AA I,6 N.180","Ms 23, 181, 1, 1 Bl. 94-95",,False,0,0,0,unknown,other,False,de,de,0.9274,Konz.,Leibniz (GND),"Eyben,H.v. (KorrespDB) (GND)",1691-01-21
38550,DE-611-HS-958572,"AA III,3 N.095",LBr 501 Bl. 69,69-69,True,2,137,11,heavy_revision,own,False,de,de,0.9904,"Abf., eigh.; L eigh.: beantwortet mit n° 4","Crafft,J.D. (KorrespDB) (GND)",Leibniz (GND),1680-08-09 (80-07-30)
38565,00068779,"AA IV,2 N.011","LH 12, 4 Bl. 121-124",121-124,True,8,261,0,light_revision,partial,False,de,de,0.9854,"Abschr. bzw. verb.Reinschr., L5 & eigh.",,,1678-10
38569,DE-611-HS-958572,"AA III,3 N.157",LBr 501 Bl. 83,83-83,True,2,86,12,heavy_revision,own,False,de,de,0.9723,"Abf., eigh.; L eigh.: beantwortet mit n°3. 29 Jan.","Crafft,J.D. (KorrespDB) (GND)",Leibniz (GND),1681-01-24 (81-01-14)
38579,,"AA III,3 N.094","Hannover NLA Cal.Br. 4, 82 Bl. 334r°",,False,0,0,0,unknown,own,False,de,de,0.9667,"Abf., eigh.",Linsen (KorrespDB),Leibniz (GND),1680-08-09 (80-07-30)
3861,00068057,"AA I,8 N.045","LH 35, 6, 12 Bl. 32 (=42563)",32-32,True,2,162,0,scrap,other,False,de,de,1.0,Abf. (Fragment),Reimers (KorrespDB),Leibniz (GND),1692-10-01 (92-09-21)
3863,DE-611-HS-3616805,"AA III,4 N.268",LBr 79 Bl. 24-25,24-25,True,4,347,29,heavy_revision,partial,False,de,de,0.8877,"Abf., eigh. Aufschr., Siegel, Postverm.","Bodenhausen,R.C. (KorrespDB) (GND)",Leibniz (GND),1690-07-29
38769,DE-611-HS-856388,"AA III,3 N.001",LBr 573 Bl. 3,3-3,True,2,44,0,heavy_revision,own,False,de,de,1.0,"Abf., eigh.; Bemerkg von L",Lohmeier (KorrespDB) (GND),Leibniz (GND),1680-01-03 (79-12-24)
38901,00068203,"AA III,1 N.054","LH 35, 15, 1 Bl. 2",2-2,True,2,85,0,heavy_revision,other,False,de,de,1.0,"Ausz., L",Périer (KorrespDB) (GND),Leibniz (GND),1675-06-04
38971,DE-611-HS-958572,"AA III,3 N.093",LBr 501 Bl. 73-74,73-74,True,4,483,24,heavy_revision,partial,False,de,de,0.9769,"Abf., eigh. Aufschr., Siegel; Postverm.: ""28"", ""16""; Bemerkg & Unterstreichg von L'Hd","Crafft,J.D. (KorrespDB) (GND)",Leibniz (GND),1680-08-06 (80-07-27)
3899,DE-611-HS-3616805,"AA III,4 N.243",LBr 79 Bl. 32-33,32-33,True,4,354,54,heavy_revision,other,False,de,de,0.8333,Abf.,Leibniz (GND),"Bodenhausen,R.C. (KorrespDB) (GND)",1690-03-11
39087,00068203,"AA III,1 N.054","LH 35, 15, 1 Bl. 2",2-2,True,2,85,0,heavy_revision,other,False,de,de,1.0,"Ausz., L",Périer (KorrespDB) (GND),Leibniz (GND),1675-06-04
39100,DE-611-HS-49877,"AA III,3 N.340",LBr 805 Bl. 18 (=32443),18-18,True,2,110,0,heavy_revision,partial,False,de,de,0.9615,"Abf., eigh. Aufschr., Siegel",Scheffer (KorrespDB) (GND),Leibniz (GND),1682-04-03 (82-03-24)
39101,DE-611-HS-49877,"AA III,3 N.340",LBr 805 Bl. 18 (=32443),18-18,True,2,110,0,heavy_revision,partial,False,de,de,0.9615,"Abf., eigh. Aufschr., Siegel",Scheffer (KorrespDB) (GND),Leibniz (GND),1682-04-03 (82-03-24)
39102,00068541,"AA III,3 N.340","LH 41, 2 Bl. 2 [13. Notiz]",2-2,True,2,141,0,heavy_revision,other,False,de,de,0.9615,"Ausz. aus K (25546), 2 Zeilen",Scheffer (KorrespDB) (GND),Leibniz (GND),1682-04-03 (82-03-24)
39109,DE-611-HS-49877,"AA III,3 N.342",LBr 805 Bl. 18v° (=32442),18-18,True,2,110,1,heavy_revision,other,False,de,de,0.9792,Konzeptbruchstück,Leibniz (GND),Scheffer (KorrespDB) (GND),1682-04
39417,DE-611-HS-971140,"AA III,3 N.307",LBr 264 Bl. 1-2,1-2,True,4,266,0,light_revision,partial,False,de,de,0.8473,"Abf.; eigh. Anschr.; Bibl.verm.: ""Ferguson""",Ferguson (KorrespDB) (GND),Leibniz (GND),1681-01-11
39418,DE-611-HS-971140,"AA III,3 N.307",LBr 264 Bl. 1-2,1-2,True,4,266,106,light_revision,partial,False,de,de,0.8473,"Abf.; eigh. Anschr.; Bibl.verm.: ""Ferguson""",Ferguson (KorrespDB) (GND),Leibniz (GND),1681-01-11
39419,00068541,"AA III,3 N.307","LH 41, 2 Bl. 19v°",19-19,True,2,208,7,heavy_revision,other,False,de,de,0.8473,"Ausz. aus:25809, 17 Zeilen",Ferguson (KorrespDB) (GND),Leibniz (GND),1681-01-11 (81-01-05)
3946,DE-611-HS-3616805,"AA III,4 N.285",LBr 79 Bl. 34-35,34-35,True,4,622,100,heavy_revision,own,True,de,de,0.907,"Abf., eigh.",Leibniz (GND),"Bodenhausen,R.C. (KorrespDB) (GND)",1690-11-05 (90-10-26)
3947,DE-611-HS-3616805,"AA III,4 N.285",LBr 79 Bl. 29,29-29,True,2,58,28,scrap,other,False,de,de,0.907,Antwortnotiz,Leibniz (GND),"Bodenhausen,R.C. (KorrespDB) (GND)",1690-11-05 (90-10-26)
39472,00068433,"AA IV,3 N.109","LH 2, 7, 13 Bl. 9",9-9,True,2,50,15,heavy_revision,other,False,de,de,0.9695,Konz.,,,1678-04-04 (78-03-25)
39472,00068433,"AA I,2 N.37","LH 2, 7, 13 Bl. 9",9-9,True,2,50,15,heavy_revision,other,False,de,de,0.9695,Konz.,,,1678-04-04 (78-03-25)
39532,00068426,"AA IV,3 N.103","LH 2, 7, 6 Bl. 9-32",9-32,True,48,3009,28,light_revision,other,False,de,de,0.9345,"Reinschr., Schr., l3 mit Korr. & Erg. von L'Hd",,,1679
3955,DE-611-HS-3616805,"AA III,4 N.273",LBr 79 Bl. 28.30,28-28,True,2,202,64,heavy_revision,partial,False,de,de,0.7609,"Abf., eigh. Aufschr., Papierverlust durch Siegel","Bodenhausen,R.C. (KorrespDB) (GND)",Leibniz (GND),1690-09-16
39591,00068494,"AA III,3 N.041","LH 3, 5 Bl. 57",57-57,True,2,57,17,heavy_revision,own,False,de,de,0.814,"Abf., eigh.; mit Bemerkgn von L'Hd",Ferguson (KorrespDB) (GND),Leibniz (GND),1680
39594,DE-611-HS-960158,"AA III,3 N.146",LBr 237 Bl. 3-4,3-4,True,4,290,38,light_revision,partial,False,de,de,0.9558,"Abf., eigh. Aufschr., Siegel; Postverm.: 1 gg.",Elers (KorrespDB) (GND),Leibniz (GND),1680-12-21 (80-12-11)
3968,DE-611-HS-3616805,"AA III,4 N.225",LBr 79 Bl. 3-4,3-4,True,4,341,0,heavy_revision,partial,False,de,de,0.9442,"Abf., eigh. Aufschr., Siegel","Bodenhausen,R.C. (KorrespDB) (GND)",Leibniz (GND),1690-01-07
3969,DE-611-HS-3616805,"AA III,4 N.225",LBr 79 Bl. 3-4,3-4,True,4,341,42,heavy_revision,partial,False,de,de,0.9442,"Abf., eigh. Aufschr., Siegel","Bodenhausen,R.C. (KorrespDB) (GND)",Leibniz (GND),1690-01-07
3970,DE-611-HS-3616805,"AA III,4 N.226",LBr 79 Beiheft 5 Bl. 4,4-4,True,2,245,0,light_revision,other,False,mixed,de,0.4557,"Abf., mit Korr. & interlinearen Bemerkgn von L'Hd","Bodenhausen,R.C. (KorrespDB) (GND)",Leibniz (GND),1690-01-07
39758,00068423,"AA IV,3 N.110","LH 2, 7, 3 Bl. 5 (=47067)",5-5,True,2,47,15,heavy_revision,other,False,de,de,0.8772,Konz.,,,1678
39789,00068437,"AA IV,3 N.097","LH 2, 7, 17 Bl. 4 (=46999)",4-4,True,2,139,0,scrap,other,False,de,de,1.0,Notiz,,,1678-03-30 (78-03-20)
3981,DE-611-HS-974120,"AA I,6 N.134",LBr 425 Bl. 66-67,66-67,True,4,286,16,heavy_revision,other,False,de,de,0.9483,Abf.,"Hörnigk,Ph.W. (KorrespDB) (GND)",Leibniz (GND),1690-11-05
39993,DE-611-HS-960158,"AA III,3 N.329",LBr 237 Bl. 86-90,86-90,True,10,468,10,heavy_revision,other,False,de,de,0.9966,"Abf., Siegelspur",Elers (KorrespDB) (GND),Leibniz (GND),1682-03-01
40032,DE-611-HS-861869,"AA III,3 N.013",LBr 738 Bl. 13,13-13,True,2,32,14,light_revision,own,False,de,de,0.9767,"Abf., eigh.",Pratisius (KorrespDB) (GND),Leibniz (GND),1680-01-22 (80-01-12)
40099,00068436,"AA IV,3 N.086","LH 2, 7, 16 Bl. 1 (einz.)",1-1,True,2,221,68,heavy_revision,other,False,de,de,0.9747,Aktenausz.,,,1677-12-22 (77-12-12)
40125,DE-611-HS-958572,"AA III,3 N.196",LBr 501 Bl. 94-95,94-95,True,4,582,61,heavy_revision,partial,False,de,de,0.9645,Abf.; L eigh.: beantwortet mit n°9. (u.a. Bemerkgn),"Crafft,J.D. (KorrespDB) (GND)",Leibniz (GND),1681-04-04 (81-03-25)
40126,DE-611-HS-958572,"AA III,3 N.196",LBr 501 Bl. 96,96-96,True,2,153,19,heavy_revision,own,False,de,de,0.9645,"Abf., eigh.","Crafft,J.D. (KorrespDB) (GND)",Leibniz (GND),1681-04-04 (81-03-25)
40127,DE-611-HS-970529,"AA III,3 N.197",LBr 381 Bl. 8-9,8-9,True,4,602,70,heavy_revision,other,False,de,de,0.994,Abf.,Heermann (KorrespDB),Leibniz (GND),1681-04-05 (81-03-26)
40128,DE-611-HS-958572,"AA III,3 N.198",LBr 501 Bl. 97,97-97,True,2,51,7,heavy_revision,other,False,de,de,1.0,Konz. oder Abf.,Leibniz (GND),"Crafft,J.D. (KorrespDB) (GND)",1681-04-07 (81-03-28)
40133,DE-611-HS-958572,"AA III,3 N.063",LBr 501 Bl. 66,66-66,True,2,34,2,heavy_revision,own,False,de,de,0.85,"Abf., eigh.","Crafft,J.D. (KorrespDB) (GND)",Leibniz (GND),1680-05-08 (80-04-28)
40134,DE-611-HS-960158,"AA III,3 N.134",LBr 237 Bl. 1-2,1-2,True,4,280,18,heavy_revision,other,False,de,de,1.0,Abf.,Elers (KorrespDB) (GND),Leibniz (GND),1680-12-07 (80-11-27)
40142,DE-611-HS-960158,"AA III,3 N.244",LBr 237 Bl. 33-34,33-34,True,4,136,23,light_revision,partial,False,de,de,0.875,"Abf., eigh. Aufschr., Siegel",Elers (KorrespDB) (GND),Leibniz (GND),1681-06-07 (81-05-28)
40145,,"AA III,3 N.242",,,False,0,0,0,unknown,other,False,de,de,1.0,MF,Leibniz (GND),"Crafft,J.D. (KorrespDB) (GND)",1681-06
40147,DE-611-HS-960158,"AA III,3 N.245",LBr 237 Bl. 35-36,35-36,True,4,406,13,heavy_revision,other,False,de,de,0.9903,Abf.,Elers (KorrespDB) (GND),Leibniz (GND),1681-06-17 (81-06-07)
40148,DE-611-HS-958572,"AA III,3 N.246",LBr 501 Bl. 108,108-108,True,2,78,6,heavy_revision,partial,False,de,de,0.9539,"Abf., eigh. Aufschr., Siegel; Postverm.: ""25""","Crafft,J.D. (KorrespDB) (GND)",Leibniz (GND),1681-06-18 (81-06-08)
40152,DE-611-HS-974760,"AA III,3 N.250",LBr 443 Bl. 1-2,1-2,True,4,174,39,light_revision,other,False,de,de,0.9894,"Abf., Aufschr., Siegel, Postverm.: ""1 gg."" durchstrichen",Janssen (KorrespDB),Leibniz (GND),1681-06-21 (81-06-11)
40153,DE-611-HS-974120,"AA I,3 N.413",LBr 425 Bl. 3-4,3-4,True,4,265,5,light_revision,own,False,mixed,de,0.4444,"MF, eigh.","Hörnigk,Ph.W. (KorrespDB) (GND)",Leibniz (GND),1681-06-22
40154,,"AA III,3 N.243",,,False,0,0,0,unknown,other,False,de,de,1.0,Abf.,Leibniz (GND),Janssen (KorrespDB),1681-06
40334,DE-611-HS-867509,"AA III,3 N.356",LBr 943 Bl. 63,63-63,True,2,127,21,heavy_revision,other,False,de,de,0.8491,"Ausz. aus K, 4,7 S.",Tschirnhaus (KorrespDB) (GND),Leibniz (GND),1682-05-27
4034,DE-611-HS-3616805,"AA III,4 N.285",LBr 79 Beiheft 1 Bl. 15v°-17r°,15-15,True,2,302,0,heavy_revision,other,False,de,de,0.907,"Ausz. aus 35369, Bodenh.",Leibniz (GND),"Bodenhausen,R.C. (KorrespDB) (GND)",1690-11-05 (90-12-26)
40397,DE-611-HS-973119,"AA III,3 N.189",LBr 333 Bl. 112-113 (S.4) (=2518;2520),112-113,True,4,476,0,heavy_revision,partial,False,de,de,0.8429,"Konz. d.nicht gefund. Abf., eigh. Anschr.",Leibniz (GND),Heermann (KorrespDB),1681-03-28
40411,DE-611-HS-958572,"AA III,3 N.209",LBr 501 Bl. 102,102-102,True,2,43,1,heavy_revision,other,False,de,de,0.931,Abf.,"Crafft,J.D. (KorrespDB) (GND)",Leibniz (GND),1681-04-29 (81-04-19)
4042,DE-611-HS-3616805,"AA III,4 N.229",LBr 79 Bl. 5-6,5-6,True,4,320,0,heavy_revision,own,False,de,de,0.9196,"Abf., eigh.","Bodenhausen,R.C. (KorrespDB) (GND)",Leibniz (GND),1690-01-21
40448,DE-611-HS-958572,"AA III,3 N.143",LBr 501 Bl. 356,356-356,True,2,65,18,heavy_revision,other,False,de,de,1.0,"Abschr. d. nicht ermittelten Abf., Schr. mit Korr. von Craffts Hd.","Crafft,J.D. (KorrespDB) (GND)",Brandenburg (Kurfürst),1680-12-20 (80-12-10)
40454,DE-611-HS-958572,"AA III,3 N.020",LBr 501 Bl. 87,87-87,True,2,187,0,heavy_revision,other,False,de,de,1.0,Abschr. von L'Hd,"Crafft,J.D. (KorrespDB) (GND)",Adolphi (KorrespDB),1680-01-30 (80-01-20)
40455,00068541,"AA III,3 N.018","LH 41, 2 Bl. 13v°",13-13,True,2,202,0,heavy_revision,other,False,de,de,0.9866,"Ausz. aus 25722, 14 Zeilen,","Crafft,J.D. (KorrespDB) (GND)",Leibniz (GND),1680-01-30 (80-01-20)
40458,00068753,"AA IV,3 N.044",LH 10 Bl. 63v° rechts oben (63-64=9722a; 9723; 9724a; 9722b; 9722c),63-63,True,2,239,0,heavy_revision,other,False,de,de,0.8947,Konz.,,,1681
40508,DE-611-HS-867453,"AA III,3 N.033",LBr 917 Bl. 1-2,1-2,True,4,149,8,heavy_revision,own,False,de,de,0.945,"Abf., eigh.; Bibl.verm.: Teute",Teute (KorrespDB),Leibniz (GND),1680-03-23 (80-03-13)
40533,DE-611-HS-960158,"AA III,3 N.257",LBr 237 Bl. 37-40,37-40,True,8,464,0,heavy_revision,other,False,de,de,0.996,Abf..,Elers (KorrespDB) (GND),Leibniz (GND),1681-07-08 (81-06-28)
40534,DE-611-HS-958572,"AA III,3 N.258",LBr 501 Bl. 109,109-109,True,2,106,17,heavy_revision,partial,False,de,de,0.9511,"Abf.,; L eigh.: beantwortet mit N°2 (u.a. Bemerkgn)","Crafft,J.D. (KorrespDB) (GND)",Leibniz (GND),1681-07-09 (81-06-29)
40665,00068823,"AA IV,3 N.135",LH 34 Bl. 177r°oben (177-178=2085; 2088; 2082; 2087; 2084; 2083),177-177,True,2,208,12,heavy_revision,other,False,de,de,0.7399,Konz.,,,1679
40683,00068823,"AA IV,3 N.135",LH 34 Bl. 177r°unten (177-178=2085; 2088; 2082; 2087; 2086; 2084),177-177,True,2,208,0,heavy_revision,other,False,de,de,0.7399,Konz.,,,1679
40705,00068439,"AA IV,3 N.111","LH 2, 7, 18 Bl. 8v° (5-8=46984)",8-8,True,0,0,0,unknown,other,False,de,de,0.9695,Konz. e.Anh. mit Korr.,,,1679-06
40706,00068439,"AA IV,3 N.111","LH 2, 7, 18 Bl. 5-8 (=46983)",5-8,True,0,0,0,unknown,other,False,de,de,0.9695,"Konz. mit zahlr. Korr., Papierverlust",,,1679-06
4072,DE-611-HS-861516,"AA I,6 N.287","LBr 717 Bl. 15-16 (=5438, I,6 N.310)",15-16,True,4,178,6,heavy_revision,partial,False,de,de,1.0,Abf.; eigh. Aufschr.,Paullini (KorrespDB) (GND),Leibniz (GND),1691-05-24 (91-05-14)
40725,,"AA III,3 N.012",Hannover NLA Hann. 153 Acc. 2018/55 Nr. 80 Bl. 3 (alt: NLB Bibliotheksakten A6 Bl. 7v°),,False,0,0,0,unknown,other,False,de,de,1.0,"Abschr. d.nicht gefund. Abf., L","Brandshagen,J.D. (KorrespDB) (GND)",Leibniz (GND),1680-01-22 (80-01-12)
40786,,"AA I,3 N.001",Göttingen StUB Hschr. Philos. 138m 2 Bl. 39-40 (=33306),,False,0,0,0,unknown,partial,False,de,de,1.0,"Abschr., Gruber (Schr.& eigh.)",Kahm (KorrespDB),Leibniz (GND),1680-01-05
40787,DE-611-HS-958572,"AA III,3 N.002",LBr 501 Bl. 49-50,49-50,True,4,361,17,heavy_revision,other,False,de,de,0.9874,Abf. N°4 [Hdschr. Bemerkg von L],"Crafft,J.D. (KorrespDB) (GND)",Leibniz (GND),1680-01-07 (79-12-28)
40788,00068541,"AA III,3 N.002","LH 41, 2 Bl. 12-13",12-13,True,4,403,0,heavy_revision,other,False,de,de,0.9874,"Ausz. aus 9028, 2 Zeilen","Crafft,J.D. (KorrespDB) (GND)",Leibniz (GND),1680-01-07 (79-12-28)
40880,00068823,"AA IV,3 N.138",LH 34 Bl. 179r° (179=2058;2059;2060;2061),179-179,True,2,194,34,heavy_revision,other,False,de,de,0.8378,Konz.,,,1680
40881,00068541,"AA III,3 N.310","LH 41, 2 Bl. 16-17",16-17,True,4,498,0,heavy_revision,other,False,de,de,0.9973,Ausz. aus 25773,"Brandshagen,J.D. (KorrespDB) (GND)",Leibniz (GND),1682-01
40915,DE-611-HS-861869,"AA III,3 N.014",LBr 738 Bl. 14,14-14,True,2,50,10,heavy_revision,own,False,de,de,1.0,"Abf., eigh.",Pratisius (KorrespDB) (GND),Leibniz (GND),1680-01-24 (80-01-14)
40959,,"AA III,3 N.074","Hannover NLA Cal.Br. 4, 82 Bl. 331",,False,0,0,0,unknown,own,False,de,de,0.9908,"Abf., eigh.; Bemerkgn von L'Hd (v° Zeichngn von L'Hd)",Linsen (KorrespDB),Leibniz (GND),1680-06
40960,,"AA III,3 N.074","Hannover NLA Cal.Br. 4, 82 Bl. 331v°",,False,0,0,0,unknown,other,False,de,de,0.9908,von L'Hd,,,1680-06
40961,,"AA III,3 N.075","Hannover NLA Cal.Br. 4, 82 Bl. 332",,False,0,0,0,unknown,other,False,de,de,0.9732,Abf..; 1/4 S. Zusätze von L'Hd; v° Aufz. von L über Kosten beim Bau e.Windmühle,Linsen (KorrespDB),Leibniz (GND),1680-06
4100,DE-611-HS-859721,"AA I,7 N.282",LBr 638 Bl. 9,9-9,True,2,22,1,light_revision,other,False,de,de,1.0,Abf.,Mendlein (KorrespDB) (GND),Leibniz (GND),1692-01-11
4106,DE-611-HS-960201,"AA I,6 N.336",LBr 244 Bl. 5-7,5-7,True,6,426,28,heavy_revision,other,False,de,de,0.9817,Abf. Mit Bemerkgn von L,Ebertz (KorrespDB),Leibniz (GND),1691-07-24
41069,DE-611-HS-958572,"AA III,3 N.132",LBr 501 Bl. 78,78-78,True,2,165,30,heavy_revision,other,False,de,de,0.9651,Abf.,"Crafft,J.D. (KorrespDB) (GND)",Leibniz (GND),1680-12-06 (80-11-26)
41070,DE-611-HS-958572,"AA III,3 N.133",LBr 501 Bl. 79-80,79-80,True,4,563,19,heavy_revision,other,False,de,de,0.9958,"Abf., Bemerkg von L'Hd","Crafft,J.D. (KorrespDB) (GND)",Elers (KorrespDB) (GND),1680-12-06 (80-11-26)
41074,00068823,"AA I,3 N.329",LH 34 Bl. 185-186 (=2513;2514;2512;2515) (Bl.186v°rechts unten & links unten),185-186,True,4,479,0,heavy_revision,own,True,de,de,0.8667,Aufz.; eigh.,Leibniz (GND),Leopold I. (Kaiser) (KorrespDB) (GND),1680-07
41075,00068823,"AA III,3 N.083",LH 34 Bl. 185v°,185-185,True,2,216,15,heavy_revision,other,False,de,de,0.9814,Ausz. aus d.nicht gefund.Abf.,"Crafft,J.D. (KorrespDB) (GND)Leibniz (GND)","Brandenburg,Friedrich Wilhelm v. (KorrespDB) (GND)",1680-07
4111,DE-611-HS-859721,"AA I,6 N.187",LBr 638 Bl. 10,10-10,True,2,68,17,heavy_revision,other,False,de,de,1.0,Abf.,Mendlein (KorrespDB) (GND),Leibniz (GND),1691-01-26
4113,DE-611-HS-860223,"AA I,7 N.194",LBr 655 Bl. 3,3-3,True,2,53,2,heavy_revision,own,True,de,de,1.0,Konz.; eigh.,Leibniz (GND),Molanus (KorrespDB) (GND),1691-10-01 (91-09-21)
41153,DE-611-HS-959452,"AA III,3 N.395",LBr 107 Bl. 23-24,23-24,True,4,204,1,heavy_revision,partial,False,de,de,1.0,"Abf., eigh. Aufschr., Siegel; Postverm.: ""1 gg.""","Brand,H. (KorrespDB) (GND)",Leibniz (GND),1682-09-02 (82-08-23)
41199,00068541,"AA III,3 N.002","LH 41, 2 Bl. 12r°",12-12,True,2,201,0,heavy_revision,other,False,de,de,0.9874,"Ausz. aus 25720, 2 Zeilen","Crafft,J.D. (KorrespDB) (GND)",Leibniz (GND),1680-01-07 (79-12-28)
41206,DE-611-HS-958572,"AA III,3 N.103",LBr 501 Bl. 71-72,71-72,True,4,501,32,heavy_revision,partial,False,de,de,0.963,"Abf., eigh. Aufschr., Siegel; Postverm: 29; Bemerkgn von L'Hd","Crafft,J.D. (KorrespDB) (GND)",Leibniz (GND),1680-09
41214,00068437,"AA IV,3 N.082","LH 2, 7, 17 Bl. 7v°.14r°/v° (=46993;46995;46996)",7-7,True,2,369,0,scrap,other,False,de,de,0.9333,Notiz,,,1677-12-21 (77-12-11)
41220,,"AA I,3 N.030","Hannover NLA Cal.Br. 4, 82 Bl. 270-271 (271r°/v°.270v°)",,False,0,0,0,unknown,own,True,de,de,0.9091,Konz.; eigh.,Leibniz (GND),"Braunschweig-Lüneburg,Ernst August v. (KorrespDB) (GND)",1680
41361,DE-611-HS-958572,"AA III,3 N.104",LBr 501 Bl. 70,70-70,True,2,82,41,heavy_revision,other,False,de,de,0.99,"Abschr., Schr. mit Korr. von Crafft","Gudenus,Chr. (KorrespDB) (GND)","Crafft,J.D. (KorrespDB) (GND)",1680-09 (80-08-25)
41364,DE-611-HS-861869,"AA III,3 N.483",LBr 738 Bl. 25,25-25,True,2,24,7,light_revision,other,False,de,de,0.9091,Abf.,Pratisius (KorrespDB) (GND),Leibniz (GND),1680
41365,DE-611-HS-861869,"AA III,3 N.037",LBr 738 Bl. 26,26-26,True,2,34,5,heavy_revision,partial,False,de,de,0.8788,"Abf., eigh.Aufschr., Siegel; ob.Rand durch Siegel beschäd.",Pratisius (KorrespDB) (GND),Leibniz (GND),1680
41366,DE-611-HS-861869,"AA III,3 N.482",LBr 738 Bl. 27,27-27,True,2,25,8,light_revision,other,False,de,de,1.0,"Abf., halbes Bl., Siegel",Pratisius (KorrespDB) (GND),Leibniz (GND),1680
41367,00068606,"AA III,3 N.217","LH 37, 4 Bl. 40",40-40,True,2,43,6,light_revision,own,False,de,de,0.7647,"Abf., eigh.",Eimmart (KorrespDB) (GND),Volckamer (KorrespDB) (GND)Leibniz (GND),1681
41407,DE-611-HS-971140,"AA III,3 N.397",LBr 264 Bl. 10,10-10,True,2,33,19,light_revision,partial,False,de,de,0.75,"Abf., eigh. Aufschr.",Ferguson (KorrespDB) (GND),Leibniz (GND),1682-09-06 (82-08-27)
41441,DE-611-HS-958572,"AA III,4 N.059",LBr 501 Bl. 357-358,357-358,True,4,569,26,heavy_revision,other,False,de,de,0.9939,Abf.,"Crafft,J.D. (KorrespDB) (GND)","Braunschweig-Lüneburg,Ernst August v. (KorrespDB) (GND)",1680
41465,DE-611-HS-958572,"AA III,3 N.184",LBr 501 Bl. 91-92,91-92,True,4,468,34,heavy_revision,partial,False,de,de,0.9618,"Abf., eigh. Aufschr., Siegel, Postver.:""26""; L eigh.: beantwort mit 6.7.","Crafft,J.D. (KorrespDB) (GND)",Leibniz (GND),1681-03-11 (81-03-01)
41466,DE-611-HS-958572,"AA III,3 N.184",LBr 501 Bl. 91-92,91-92,True,4,468,0,heavy_revision,partial,False,de,de,0.9618,"Abf., eigh. Aufschr., Siegel, Postver.:""26""; L eigh.: beantwort mit 6.7.","Crafft,J.D. (KorrespDB) (GND)",Leibniz (GND),1681-03-11 (81-03-01)
41472,DE-611-HS-974120,"AA I,3 N.443",LBr 425 Bl. 13-14,13-14,True,4,158,3,light_revision,own,False,mixed,de,0.5556,"Abf., eigh.","Hörnigk,Ph.W. (KorrespDB) (GND)",Leibniz (GND),1682-01-04
41481,DE-611-HS-959461,"AA III,4 N.020",LBr 108 Bl. 182,182-182,True,2,85,32,light_revision,other,False,de,de,1.0,"Reinschr., Brandshagen",Elers (KorrespDB) (GND),Leibniz (GND),1683-08
41595,00068541,"AA III,3 N.257","LH 41, 2 Bl. 7r°",7-7,True,2,198,0,heavy_revision,other,False,de,de,0.996,"Ausz. aus 25627=31453, L",Elers (KorrespDB) (GND),Leibniz (GND),1681-07-08 (81-06-28)
41596,DE-611-HS-960158,"AA III,3 N.257",LBr 237 Bl. 37-40,37-40,True,8,464,42,heavy_revision,other,False,de,de,0.996,Abf.,Elers (KorrespDB) (GND),Leibniz (GND),1681-07-08 (81-06-28)
41647,,"AA III,3 N.110",,,False,0,0,0,unknown,other,False,de,de,0.7512,Drucke nach der nicht gefund. Abf.,Leibniz (GND),Schelhammer (KorrespDB) (GND),1680-09-24 (80-09-14)
41667,DE-611-HS-855800,"AA I,3 N.059",LBr 546 Bl. 75,75-75,True,2,49,1,light_revision,own,False,mixed,de,0.5833,"Abf., eigh.",Leidenfrost (KorrespDB) (GND),Leibniz (GND),1680-09-16 (80-09-06)
41674,DE-611-HS-960158,"AA III,3 N.175",LBr 237 Bl. 11-14,11-14,True,8,244,28,heavy_revision,partial,False,de,de,0.9808,"Abf., eigh. Aufschr., Siegel",Elers (KorrespDB) (GND),Leibniz (GND),1681-02-20 (81-02-10)
4168,,"AA I,7 N.021","Ms 23, 47(1) Bl. 165",,False,0,0,0,unknown,other,False,de,de,0.9824,Ausz. (Kennwort:) Ad sigilla et insignia,Leibniz (GND),"Hugo,L. (KorrespDB) (GND)",1691-09-19 (91-09-09)
41680,,"AA I,3 N.093","Hannover NLA Cal.Br. 4, 82 Bl. 372r°rechts-373",,False,0,0,0,unknown,own,True,de,de,0.6667,"Aufzz., eigh.",,,1681-08
41700,,"AA III,3 N.058",Göttingen StUB Hschr. Philos. 138m 1 Bl. 46,,False,0,0,0,unknown,partial,False,de,de,0.9647,"Teilabschr. von Barings Hd mit Korr., Überschr. & Erg. v. Grubers Hd (Schr.& eigh.)",Haak (KorrespDB) (GND),Leibniz (GND),1680-04-19 (80-04-09)
41704,,"AA III,3 N.058",,,False,0,0,0,unknown,other,False,de,de,0.9647,Abf. nicht gefunden,Haak (KorrespDB) (GND),Leibniz (GND),1680-04-19
41706,DE-611-HS-958572,"AA III,3 N.070",LBr 501 Bl. 68,68-68,True,2,30,4,heavy_revision,partial,False,de,de,0.9767,"Abf., eigh. Aufschr., Siegel; Postverm.: ""8"", ""1 gg."", ""Franco Brschw.""","Crafft,J.D. (KorrespDB) (GND)",Leibniz (GND),1680-06-14 (80-06-04)
41736,DE-611-HS-860205,"AA III,3 N.378",LBr 653 Bl. 2,2-2,True,2,45,33,heavy_revision,partial,False,de,de,0.902,"Abf., eigh. Aufschr., schwarzes Siegel; Bibl.verm.: ""Mohr""",Mohr (KorrespDB) (GND),Leibniz (GND),1682-07-26 (82-07-16)
41737,00068541,"AA III,3 N.378","LH 41, 2 Bl. 19v°",19-19,True,2,208,0,heavy_revision,other,False,de,de,0.902,"Ausz. aus 25806, L, 6 Zeilen",Mohr (KorrespDB) (GND),Leibniz (GND),1682-07-26 (82-07-16)
41747,00068753,"AA IV,3 N.043",LH 10 Bl. 63v° rechts (63-64=9722a; 9723; 9724b; 9722b; 9722c),63-63,True,2,239,0,heavy_revision,other,False,de,de,0.9947,Konz.,,,1681
41785,DE-611-HS-960085,"AA I,3 N.429",LBr 214 Bl. 26r° (=51852),26-26,True,2,52,0,heavy_revision,own,False,de,de,0.7273,"Abf., eigh.",Dransfeld (KorrespDB) (GND),Leibniz (GND),1681-08
41786,DE-611-HS-960085,"AA I,3 N.429",LBr 214 Bl. 26r° (=51852),26-26,True,2,52,0,heavy_revision,own,False,de,de,0.7273,"Abf., eigh.",Dransfeld (KorrespDB) (GND),Leibniz (GND),1681-08
41803,DE-611-HS-49877,"AA III,3 N.271",LBr 805 Bl. 10-11,10-11,True,4,341,44,heavy_revision,partial,False,de,de,0.983,"Abf., eigh. Aufschr., Siegel",Scheffer (KorrespDB) (GND),Leibniz (GND),1681-08-22 (81-08-12)
41841,00068426,"AA IV,3 N.103","LH 2, 7, 6 Bl. 1-8",1-8,True,16,2151,219,heavy_revision,other,False,de,de,0.9345,Konz.; Rel. mit zahlr. Streichgn & Erg.,,,1679
41842,00068426,"AA IV,3 N.103","LH 2, 7, 6 Bl. 7v° (=47058)",7-7,True,2,135,0,heavy_revision,other,False,de,de,0.9345,Kurzzsfassg,,,1679
41876,,"AA I,3 N.038",Hannover NLA Ms. Nr. 255 (alt: Ms. BB 1-6) Bl. 1.10-13 (? Kriegsverlust),,False,0,0,0,unknown,other,False,mixed,de,0.5778,"Reinschr., Schr.",Viet (KorrespDB) (GND)Leibniz (GND),"Braunschweig-Lüneburg,Ernst August v. (KorrespDB) (GND)",1680-05-02
41879,,"AA III,3 N.076","Hannover NLA Cal.Br. 4, 82 Bl. 333",,False,0,0,0,unknown,own,False,de,de,1.0,"Abf., eigh.; 1/2 Seite Bemerkgn von L'Hd",Linsen (KorrespDB),Leibniz (GND),1680-06
41880,00068823,"AA III,3 N.082",LH 34 Bl. 185-186 (=2514;2515;2511;2512),185-186,True,4,479,0,heavy_revision,other,False,de,de,0.993,Konz. d.nicht gefund.Abf.,Leibniz (GND),"Crafft,J.D. (KorrespDB) (GND)",1680-07
41883,DE-611-HS-958572,"AA III,3 N.018",LBr 501 Bl. 51.53.52,51-51,True,2,245,25,heavy_revision,own,False,de,de,0.9866,"Abf., eigh.; L eigh.: beantwortet mit n°3 (u.a. Bemerkgn)","Crafft,J.D. (KorrespDB) (GND)",Leibniz (GND),1680-01-30 (80-01-20)
41884,DE-611-HS-861869,"AA III,3 N.017",LBr 738 Bl. 15,15-15,True,2,41,15,light_revision,partial,False,de,de,0.8333,"Abf., eigh.Aufschr., schwarzes Siegel, Ränder beschäd.",Pratisius (KorrespDB) (GND),Leibniz (GND),1680-01-30
41885,DE-611-HS-958572,"AA III,3 N.027",LBr 501 Bl. 87-88 (S.3) (=32011),87-88,True,4,375,4,heavy_revision,own,True,de,de,0.97,Konz.; eigh.,Leibniz (GND),Adolphi (KorrespDB),1680-01-30
41917,DE-611-HS-958572,"AA III,3 N.113",LBr 501 Bl. 76-77,76-77,True,4,218,24,heavy_revision,partial,False,de,de,0.984,"Abf., eigh. Aufschr., Siegel","Crafft,J.D. (KorrespDB) (GND)",Leibniz (GND),1680-10-03 (80-09-23)
41934,,"AA III,3 N.302",,,False,0,0,0,unknown,other,False,de,de,0.9653,MF nicht gefunden,Elers (KorrespDB) (GND),Leibniz (GND),1681-12-30
41935,00068541,"AA III,3 N.302","LH 41, 2 Bl. 7r°",7-7,True,2,198,0,heavy_revision,other,False,de,de,0.9653,"Ausz. aus d.nicht gefund. Abf. (25631), 19 Zeilen",Elers (KorrespDB) (GND),Leibniz (GND),1681-12-30 (81-12-20)
41936,00068823,"AA IV,3 N.049",LH 34 Bl. 103-110,103-110,True,16,786,366,light_revision,other,False,de,de,0.9944,"Abschr., Brandshagen, Fehler nicht korr.",,,1680-07
41963,,"AA I,3 N.038","Hannover NLA Cal.Br. 22, 25 Bl. 13-17",,False,0,0,0,unknown,other,False,mixed,de,0.5778,"Abf., Schr.; <15.V.1680> (Praes.)",Viet (KorrespDB) (GND)Leibniz (GND),"Braunschweig-Lüneburg,Ernst August v. (KorrespDB) (GND)",1680-05-02 (80-04-22)
41964,,"AA I,3 N.038",Hannover NLA Ms. Nr. 255 (alt: Ms. BB 1-6) Bl. 4-6 (? Kriegsverlust),,False,0,0,0,unknown,other,False,mixed,de,0.5778,"Abschr.von 44467 (Juli 1686!), Brandshagen, mit Bemerkgn von L",Viet (KorrespDB) (GND)Leibniz (GND),"Braunschweig-Lüneburg,Ernst August v. (KorrespDB) (GND)",1680-05-02
41985,DE-611-HS-958572,"AA III,3 N.108",LBr 501 Bl. 75,75-75,True,2,126,9,heavy_revision,other,False,de,de,1.0,Abf.,"Crafft,J.D. (KorrespDB) (GND)",Leibniz (GND),1680-09-10 (80-08-31)
41996,DE-611-HS-855332,"AA I,3 N.271",LBr 484 Bl. 1-2,1-2,True,4,168,0,light_revision,own,False,mixed,de,0.5,"Abf., eigh.","Knorn,H.H. (KorrespDB) (GND)",Leibniz (GND),1680-02-08 (80-01-29)
42006,DE-611-HS-970481,"AA I,3 N.274",LBr 360 Bl. 1,1-1,True,2,37,0,light_revision,own,False,de,de,0.8,"Abf., eigh.",Hanisius (KorrespDB) (GND),Leibniz (GND),1680-02-29 (80-02-19)
42036,,"AA I,3 N.041",Hannover NLA Hann. 153 Acc. 2018/55 Nr. 80 Bl. 3 (alt: NLB Bibliotheksakten A6 Bl. 7-8 (=46552;46577;46585;46588)),,False,0,0,0,unknown,own,True,mixed,de,0.6,Konz.; eigh.,Leibniz (GND),"Braunschweig-Lüneburg,Ernst August v. (KorrespDB) (GND)",1680-05
42044,DE-611-HS-3617988,"AA I,3 N.017",LBrF 12 Bl. 169-171,,False,0,0,0,unknown,own,True,de,de,1.0,Konz.; eigh.,Leibniz (GND),Platen (KorrespDB) (GND),1680-01
42062,,"AA III,3 N.098","Hannover NLA Cal.Br. 4, 82 Bl. 334v°",,False,0,0,0,unknown,other,False,de,de,1.0,Abf.,Linsen (KorrespDB),Leibniz (GND),1680-08-23 (80-08-13)
42082,DE-611-HS-958572,"AA III,3 N.065",LBr 501 Bl. 67,67-67,True,2,53,4,heavy_revision,partial,False,de,de,0.9406,"Abf., eigh. Aufschr., Siegel; Postverm.: 29","Crafft,J.D. (KorrespDB) (GND)",Leibniz (GND),1680-05-24 (80-05-14)
42083,DE-611-HS-958572,"AA III,3 N.065",LBr 501 Bl. 67,67-67,True,2,53,0,heavy_revision,partial,False,de,de,0.9406,"Abf., eigh. Aufschr., Siegel; Postverm.: 29","Crafft,J.D. (KorrespDB) (GND)",Leibniz (GND),1680-05-24 (80-05-14)
42088,DE-611-HS-960085,"AA I,3 N.318",LBr 214 Bl. 11,11-11,True,2,47,0,heavy_revision,own,False,de,de,0.7778,"Abf., eigh.",Dransfeld (KorrespDB) (GND),Leibniz (GND),1680-05-27 (80-05-17)
42109,,"AA I,3 N.163","Hannover NLA Cal.Br. 4, 82 Bl. 587(links)-588(rechts)",,False,0,0,0,unknown,other,False,de,de,1.0,"Abschr., L",Leibniz (GND),"Braunschweig-Lüneburg,Ernst August v. (KorrespDB) (GND)",1682-09
42110,DE-611-HS-971140,"AA III,3 N.377",LBr 264 Bl. 32-33 (=31508),32-33,True,4,586,13,heavy_revision,partial,False,de,de,0.7143,"Abf., eigh. Aufschr., Siegel; Bemerkgn von L",Ferguson (KorrespDB) (GND),Leibniz (GND),1682-07-23
42112,DE-611-HS-860205,"AA III,3 N.378",LBr 653 Bl. 2,2-2,True,2,45,0,heavy_revision,partial,False,de,de,0.902,"Abf., eigh. Aufschr., schwarzes Siegel; Bibl.verm.: ""Mohr.""",Mohr (KorrespDB) (GND),Leibniz (GND),1682-07-26 (82-07-16)
42153,DE-611-HS-970450,"AA III,3 N.090",LBr 346 Bl. 6,6-6,True,2,62,4,heavy_revision,other,False,de,de,0.9746,Abf.; Bibl.verm.: Haak,Haak (KorrespDB) (GND),Leibniz (GND),1680-07-27 (80-07-17)
42162,DE-611-HS-958572,"AA III,3 N.179",LBr 501 Bl. 90,90-90,True,2,110,18,heavy_revision,partial,False,de,de,0.9814,Abf.; Siegelrest; L eigh.: mit n°6,"Crafft,J.D. (KorrespDB) (GND)",Leibniz (GND),1681-02-24 (81-02-14)
42163,DE-611-HS-958572,"AA III,3 N.179",LBr 501 Bl. 90,90-90,True,2,110,0,heavy_revision,partial,False,de,de,0.9814,Abf.Siegelrest; L eigh.: mit n°6,"Crafft,J.D. (KorrespDB) (GND)",Leibniz (GND),1681-02-24 (81-02-14)
42170,DE-611-HS-867509,"AA III,3 N.199",LBr 943 Bl. 55,55-55,True,2,100,0,heavy_revision,partial,False,de,de,0.761,"Abf., eigh. Aufschr., Siegel; Postverm.: ""fr° Braunschw.""",Tschirnhaus (KorrespDB) (GND),Leibniz (GND),1681-04-07 (81-04-07)
42171,00068541,"AA III,3 N.199","LH 41, 2 Bl. 6r°",6-6,True,2,339,0,heavy_revision,other,False,de,de,0.761,"Ausz. aus 25611, L mit Bemerkg, 4 Zeilen",Tschirnhaus (KorrespDB) (GND),Leibniz (GND),1681-04-07
42174,DE-611-HS-958572,"AA III,3 N.171",LBr 501 Bl. 86,86-86,True,2,165,20,heavy_revision,partial,False,de,de,0.9369,"Abf., Siegel.; L eigh.: beantwortet mit n°5 (u.a. Bemerkgn)","Crafft,J.D. (KorrespDB) (GND)",Leibniz (GND),1681-02
42175,DE-611-HS-958572,"AA III,3 N.347",LBr 501 Bl. 128-129,128-129,True,4,396,0,heavy_revision,other,False,de,de,0.9982,Abf.,"Crafft,J.D. (KorrespDB) (GND)",Leibniz (GND),1682-05-07 (82-04-27)
42202,00068814,"AA III,3 N.393","LH 23, 4, 1 Bl. 106",106-106,True,2,26,1,scrap,other,False,de,de,1.0,"Abf., Notiz von L'Hd",Linsen (KorrespDB),Leibniz (GND),1682-08-30 (82-08-20)
42213,DE-611-HS-974120,"AA I,3 N.454",LBr 425 Bl. 18,18-18,True,2,73,1,heavy_revision,own,False,de,de,1.0,"Abf., eigh.","Hörnigk,Ph.W. (KorrespDB) (GND)",Leibniz (GND),1682-03-01
42243,,"AA III,3 N.112","Hannover NLA Cal.Br. 4, 82 Bl. 295r°",,False,0,0,0,unknown,partial,False,de,de,1.0,"Abf., eigh. Bemerkgn von L",Linsen (KorrespDB),Leibniz (GND),1680-09-28
42248,DE-611-HS-960158,"AA III,3 N.279",LBr 237 Bl. 43-44,43-44,True,4,234,7,heavy_revision,own,False,de,de,0.9946,"Abf., eigh.",Elers (KorrespDB) (GND),Leibniz (GND),1681-09-02
42254,DE-611-HS-957242,"AA III,3 N.019",LBr 6 Bl. 1,1-1,True,2,65,45,heavy_revision,other,False,de,de,0.875,"Abschr. d. nicht gefund. Abf., vermutl. von Craffts Hd, Siegelspuren, Bemerkgn von L'Hd",Adolphi (KorrespDB),"Crafft,J.D. (KorrespDB) (GND)",1679
42270,DE-611-HS-960146,"AA I,3 N.465",LBr 236 Bl. 14,14-14,True,2,41,0,light_revision,own,False,de,de,0.75,"Abf., eigh.",Eisenhardt (KorrespDB) (GND),Leibniz (GND),1682-05-03 (81-04-23)
42271,00068541,"AA I,3 N.465","LH 41, 2 Bl. 10-11",10-11,True,4,436,0,heavy_revision,other,False,de,de,0.75,"Ausz. aus 2770, L",Eisenhardt (KorrespDB) (GND),Leibniz (GND),1682-05-03 (81-04-23)
42275,DE-611-HS-859703,"AA I,3 N.467",LBr 636 Bl. 7,7-7,True,2,41,1,light_revision,own,False,de,de,0.8333,"Abf., eigh.","Mencke,O. (KorrespDB) (GND)",Leibniz (GND),1682-05-06 (82-04-26)
42277,,"AA I,3 N.031","Hannover NLA Cal.Br. 4, 82 Bl. 273v°-274",,False,0,0,0,unknown,other,False,de,de,1.0,"Abschr., Brandshagen & L",Leibniz (GND),"Braunschweig-Lüneburg,Ernst August v. (KorrespDB) (GND)",1680
4233,,"AA III,4 N.254","Hannover NLA Cal.Br. 4, 98 Bl. 13-14",,False,0,0,0,unknown,other,False,de,de,1.0,Aufz.,,,1690-04
42330,00068541,"AA III,3 N.310","LH 41, 2 Bl. 17",17-17,True,2,249,0,heavy_revision,other,False,de,de,0.9973,"Ausz. aus 25773, L","Brandshagen,J.D. (KorrespDB) (GND)",Leibniz (GND),1682-01
42337,DE-611-HS-49877,"AA III,3 N.162",LBr 805 Bl. 27-28,27-28,True,4,323,0,heavy_revision,other,False,de,de,0.976,Abf.,Scheffer (KorrespDB) (GND),Leibniz (GND),1681-01
42366,DE-611-HS-959461,"AA III,3 N.415",LBr 108 Bl. 43-44,43-44,True,4,259,0,heavy_revision,other,False,de,de,0.9958,Abf.; Bemerkg von unbek.Hd,"Brandshagen,J.D. (KorrespDB) (GND)",Leibniz (GND),1682-11-05 (82-10-26)
42367,00068541,"AA III,3 N.415","LH 41, 2 Bl. 17v°",17-17,True,2,249,0,heavy_revision,other,False,de,de,0.9958,"Ausz. aus 25769=31370, L, 13 Zeilen","Brandshagen,J.D. (KorrespDB) (GND)",Leibniz (GND),1682-11-05 (82-10-26)
42384,DE-611-HS-867198,"AA III,3 N.299",LBr 832 Bl. 7-8,7-8,True,4,277,0,heavy_revision,other,False,de,de,0.9344,Abf.,"Schrader,Fr. (KorrespDB) (GND)",Leibniz (GND),1681-12-08 (81-11-28)
42385,00068541,"AA III,3 N.299","LH 41, 2 Bl. 11v°",11-11,True,2,218,0,heavy_revision,other,False,de,de,0.9344,"Ausz. aus 25680, 17 Zeilen","Schrader,Fr. (KorrespDB) (GND)",Leibniz (GND),1681-12-08 (81-11-28)
42390,,"AA I,3 N.159","Hannover NLA Cal.Br. 4, 82 Bl. 830-831",,False,0,0,0,unknown,own,True,de,de,0.9091,Konz.; eigh.,Leibniz (GND),"Berwardt,Chr. (KorrespDB) (GND)",1682-09
42391,DE-611-HS-960158,"AA III,3 N.234",LBr 237 Bl. 29-32,29-32,True,8,294,12,heavy_revision,partial,False,de,de,1.0,"Abf., eigh. Aufschr., Siegel",Elers (KorrespDB) (GND),Leibniz (GND),1681-05-25 (81-05-15)
42392,,"AA III,3 N.202",London RS EL (Guardbook) H3 N.64,,False,0,0,0,unknown,other,False,mixed,de,0.6,Konz. d.nicht gefund. Abf.,Hooke (KorrespDB) (GND),Haak (KorrespDB) (GND)Leibniz (GND),1681-04-13
42398,DE-611-HS-959461,"AA III,3 N.237",LBr 108 Bl. 29,29-29,True,2,36,23,light_revision,other,False,de,de,0.981,Abf.,"Brandshagen,J.D. (KorrespDB) (GND)",Leibniz (GND),1681-05-26 (81-05-16)
42407,,"AA III,3 N.292","Hannover NLA Cal.Br. 4, 84 Bl. 56",,False,0,0,0,unknown,other,False,de,de,0.9967,Gesprächsaufzeichng,Leibniz (GND),"Becker,H.",1681-10
42426,00068814,"AA III,3 N.308","LH 23, 4, 1 Bl. 104",104-104,True,2,36,0,heavy_revision,other,False,de,de,1.0,Abf.,Linsen (KorrespDB),Leibniz (GND),1682-01-13 (82-01-03)
42434,DE-611-HS-974120,"AA I,3 N.454",LBr 425 Bl. 17.20,17-17,True,2,102,0,light_revision,own,False,de,de,1.0,"Abf., eigh.","Hörnigk,Ph.W. (KorrespDB) (GND)",Leibniz (GND),1682-03-01
42444,,"AA III,3 N.100","Hannover NLA Cal.Br. 4, 82 Bl. 335",,False,0,0,0,unknown,other,False,de,de,0.9773,Abf.; Notiz von LHd,Linsen (KorrespDB),Leibniz (GND),1680-08-31 (80-08-21)
42445,00068823,"AA IV,3 N.031",LH 34 Bl. 60.82,60-60,True,2,215,0,heavy_revision,other,False,de,de,1.0,"Konz., auf Bl.60 starke Korr.",,,1680
42477,DE-611-HS-867509,"AA III,3 N.368",LBr 943 Bl. 66-67 (beide Blätter hingen urspr. zs.),66-67,True,4,258,42,heavy_revision,other,False,mixed,de,0.6264,2 Konzeptbruchstücke,Leibniz (GND),Tschirnhaus (KorrespDB) (GND),1682-06
42480,DE-611-HS-867509,"AA III,3 N.384",LBr 943 Bl. 70-71r° (=35889),70-71,True,4,442,0,heavy_revision,own,True,de,de,0.8167,Konz.; eigh.,,,1682-08-06
42491,DE-611-HS-960158,"AA III,3 N.371",LBr 237 Bl. 59-64,59-64,True,12,629,0,heavy_revision,other,False,de,de,0.9944,Abf.,Elers (KorrespDB) (GND),Leibniz (GND),1682-07-07 (82-06-27)
42492,00068541,"AA III,3 N.371","LH 41, 2 Bl. 3-4",3-4,True,4,436,0,heavy_revision,other,False,de,de,0.9944,"Ausz.aus:25584=31457, L",Elers (KorrespDB) (GND),Leibniz (GND),1682-07-07 (82-06-27)
42493,DE-611-HS-960158,"AA III,3 N.371",LBr 237 Bl. 59-64,59-64,True,12,629,15,heavy_revision,other,False,de,de,0.9944,Abf.,Elers (KorrespDB) (GND),Leibniz (GND),1682-07-07 (82-06-27)
42497,DE-611-HS-92149,"AA I,3 N.417",LBr 604 Bl. 5,5-5,True,2,71,0,heavy_revision,own,False,mixed,de,0.6,"MF, eigh.",Marci (KorrespDB) (GND),Leibniz (GND),1681-07-30 (81-07-20)
42498,DE-611-HS-92149,"AA I,3 N.417",LBr 604 Bl. 5,5-5,True,2,71,0,heavy_revision,own,False,mixed,de,0.6,"MF, eigh.",Marci (KorrespDB) (GND),Leibniz (GND),1681-07-30 (81-07-20)
42499,DE-611-HS-92149,"AA I,3 N.417",LBr 604 Bl. 5,5-5,True,2,71,2,heavy_revision,own,False,mixed,de,0.6,"MF, eigh.",Marci (KorrespDB) (GND),Leibniz (GND),1681-07-30 (81-07-20)
42500,00068541,"AA I,3 N.417","LH 41, 2 Bl. 18-19",18-19,True,4,416,0,heavy_revision,other,False,mixed,de,0.6,"Ausz. aus 25802=2796=2629, L",Marci (KorrespDB) (GND),Leibniz (GND),1681-07-30 (81-07-17)
42502,00068407,"AA IV,3 N.050","LH 2, 5, 2 Bl. 44",44-44,True,2,232,57,heavy_revision,other,False,de,de,0.9174,Konz. mit einigen Korr.,,,1680-09-17 (80-09-07)
4253,DE-611-HS-867120,"AA I,6 N.118",LBr 814 Bl. 1-2 (=9626),1-2,True,4,118,22,light_revision,other,False,de,de,0.8841,Abf.; Aufschr.,"Schlüter,C.G. (KorrespDB)",Leibniz (GND),1690-10-13
42551,00068541,"AA III,3 N.266","LH 41, 2 Bl. 3-4",3-4,True,4,436,0,heavy_revision,other,False,de,de,0.9806,"Ausz. aus 25575, L, 8 Zeilen","Crafft,J.D. (KorrespDB) (GND)",Leibniz (GND),1681-09-29
42552,DE-611-HS-49877,"AA III,3 N.284",LBr 805 Bl. 13,13-13,True,2,87,13,heavy_revision,other,False,de,de,0.9276,Abf.,Scheffer (KorrespDB) (GND),Leibniz (GND),1681-09-30 (81-09-20)
42560,DE-611-HS-970529,"AA III,3 N.177",LBr 381 Bl. 7,7-7,True,2,81,30,heavy_revision,other,False,de,de,0.9943,Abf.,Heermann (KorrespDB),Leibniz (GND),1681-02-24 (80-02-14)
42580,DE-611-HS-959461,"AA III,3 N.415",LBr 108 Bl. 43-44,43-44,True,4,259,53,heavy_revision,other,False,de,de,0.9958,Abf.; Bemerkg von unbek.Hd,"Brandshagen,J.D. (KorrespDB) (GND)",Leibniz (GND),1682-11-05 (82-10-26)
42608,DE-611-HS-855800,"AA I,3 N.023",LBr 546 Bl. 65-66,65-66,True,4,182,0,light_revision,own,False,de,de,0.6667,"Abf., eigh.",Leidenfrost (KorrespDB) (GND),Leibniz (GND),1680-03-04 (80-02-23)
42609,00068823,"AA IV,3 N.049",LH 34 Bl. 97.102.98-101,97-97,True,2,315,44,heavy_revision,other,False,de,de,0.9944,Konz. mit zahlr. Streichgn & Erg.,,,1680-07
42639,DE-611-HS-960158,"AA III,3 N.319",LBr 237 Bl. 51-58,51-58,True,16,1179,0,heavy_revision,other,False,de,de,0.9863,Abf.,Elers (KorrespDB) (GND),Leibniz (GND),1682-02-07 (82-01-28)
42640,00068541,"AA III,3 N.319","LH 41, 2 Bl. 4v°",4-4,True,2,218,0,heavy_revision,other,False,de,de,0.9863,"Ausz. aus 2713, 5 Zeilen",Elers (KorrespDB) (GND),Leibniz (GND),1682-02-07 (82-01-28)
42641,DE-611-HS-49877,"AA III,3 N.280",LBr 805 Bl. 12,12-12,True,2,47,0,heavy_revision,partial,False,de,de,0.9828,"Abf., eigh. Aufschr., Siegel",Scheffer (KorrespDB) (GND),Leibniz (GND),1681-09-06 (81-08-27)
42643,DE-611-HS-974760,"AA III,3 N.281",LBr 443 Bl. 7,7-7,True,2,29,11,light_revision,partial,False,de,de,1.0,"Abf.,; links unten 8 Zeilen eigh. Bemerkg von L",Janssen (KorrespDB),Leibniz (GND),1681-09-06 (81-08-27)
42689,DE-611-HS-49877,"AA III,3 N.162",LBr 805 Bl. 27-28,27-28,True,4,323,30,heavy_revision,other,False,de,de,0.976,Abf.,Scheffer (KorrespDB) (GND),Leibniz (GND),1681-01
42703,DE-611-HS-959461,"AA III,3 N.310",LBr 108 Bl. 39-42,39-42,True,8,425,96,light_revision,other,False,de,de,0.9973,Abf.; Bemerkg von L'Hd,"Brandshagen,J.D. (KorrespDB) (GND)",Leibniz (GND),1682-01
42704,DE-611-HS-959461,"AA III,3 N.310",LBr 108 Bl. 39-42,39-42,True,8,425,0,light_revision,other,False,de,de,0.9973,Abf.; Bemerkg von L'Hd,"Brandshagen,J.D. (KorrespDB) (GND)",Leibniz (GND),1682-01
42764,DE-611-HS-958572,"AA III,3 N.035",LBr 501 Bl. 64-65,64-65,True,4,432,0,scrap,other,False,de,de,0.9868,"Abf., Notiz von L'Hd","Crafft,J.D. (KorrespDB) (GND)",Leibniz (GND),1680-03-27 (80-03-17)
42765,DE-611-HS-958572,"AA III,3 N.035",LBr 501 Bl. 64-65,64-65,True,4,432,10,scrap,other,False,de,de,0.9868,"Abf., Notiz von L'Hd","Crafft,J.D. (KorrespDB) (GND)",Leibniz (GND),1680-03-27 (80-03-17)
42766,00068541,"AA III,3 N.035","LH 41, 2 Bl. 13v°",13-13,True,2,202,1,heavy_revision,other,False,de,de,0.9868,"Ausz. aus 25718, 6 Zeilen","Crafft,J.D. (KorrespDB) (GND)",Leibniz (GND),1680-03-27 (80-03-17)
42779,DE-611-HS-960158,"AA III,3 N.260",LBr 237 Bl. 49-50,49-50,True,4,173,16,heavy_revision,other,False,de,de,0.978,Abf.-Bruchstück,Elers (KorrespDB) (GND),Leibniz (GND),1681-08-01 (81-07-22)
42782,DE-611-HS-861869,"AA III,3 N.481",LBr 738 Bl. 24,24-24,True,2,26,1,light_revision,other,False,de,de,0.95,"Abf., Streifen 11,5x24cm",Pratisius (KorrespDB) (GND),Leibniz (GND),1680
42785,DE-611-HS-867509,"AA III,3 N.343",LBr 943 Bl. 58,58-58,True,2,132,18,heavy_revision,partial,False,de,de,0.8484,"Abf., eigh. Aufschr., Siegel",Tschirnhaus (KorrespDB) (GND),Leibniz (GND),1682-04-17
42803,00068539,"AA IV,3 N.036",LH 40 Bl. 24-25,24-25,True,4,588,109,heavy_revision,other,False,de,de,0.987,Konz.,,,1680
42807,DE-611-HS-958572,"AA III,3 N.223",LBr 501 Bl. 99,99-99,True,2,37,7,light_revision,other,False,de,de,0.9529,"Abf. f.Hann.,","Crafft,J.D. (KorrespDB) (GND)",Leibniz (GND),1681-05-13 (81-05-03)
42808,DE-611-HS-958572,"AA III,3 N.223",LBr 501 Bl. 104,104-104,True,2,42,8,heavy_revision,partial,False,de,de,0.9529,"Abf. f.Osterode, eigh. Aufschr., Siegel, Postverm.: ""2 gg."", ""11""","Crafft,J.D. (KorrespDB) (GND)",Leibniz (GND),1681-05-13 (81-05-03)
42826,00068742,"AA IV,3 N.121","LH 5, 3, 4 Bl. 10",10-10,True,2,32,22,heavy_revision,other,False,de,de,0.7872,"Konz., letzte 2 Zeilen später nachgetragen",,,1680
42855,,"AA I,3 N.031","Hannover NLA Cal.Br. 4, 82 Bl. 279-280",,False,0,0,0,unknown,other,False,de,de,1.0,"Abschr. (Abf.?), Schr.(& 1 Zeile witzendorff?)",Leibniz (GND),"Braunschweig-Lüneburg,Ernst August v. (KorrespDB) (GND)",1680
42877,,"AA III,3 N.114","Hannover NLA Cal.Br. 4, 82 Bl. 346",,False,0,0,0,unknown,own,False,de,de,1.0,"Abf., eigh.; Bemerkg von L: habe darauff bezahlt 10 th. den 25. Septemb.1680",Linsen (KorrespDB),Leibniz (GND),1680-10-05
42883,,"AA III,3 N.116","Hannover NLA Cal.Br. 4, 82 Bl. 295r°",,False,0,0,0,unknown,own,False,de,de,1.0,"Abf., eigh.",Linsen (KorrespDB),Leibniz (GND),1680-10-14 (80-10-04)
42884,,"AA III,3 N.118","Hannover NLA Cal.Br. 4, 82 Bl. 295-296r°",,False,0,0,0,unknown,other,False,de,de,1.0,"Konz., L",Leibniz (GND)Linsen (KorrespDB),Leibniz (GND),1680-10
42885,,"AA III,3 N.115","Hannover NLA Cal.Br. 4, 82 Bl. 347",,False,0,0,0,unknown,other,False,de,de,1.0,Abf.; Bemerkg von L'Hd,"Schütz,H.",Leibniz (GND),1680-10-13
42893,DE-611-HS-861869,"AA III,3 N.086",LBr 738 Bl. 16-17,16-17,True,4,76,6,heavy_revision,partial,False,de,de,0.9432,"Abf., eigh. Aufschr., schwarzes Siegel",Pratisius (KorrespDB) (GND),Leibniz (GND),1680-07-20 (80-07-10)
42922,DE-611-HS-958572,"AA III,3 N.161",LBr 501 Bl. 84-85,84-85,True,4,683,33,heavy_revision,partial,False,de,de,0.9785,"Abf., eigh. Aufschr., Siegel, Postverm.: ""3 gr."", ""6""; L eigh.: beantwortet mit n°4. 3.Febr.","Crafft,J.D. (KorrespDB) (GND)",Leibniz (GND),1681-01-31 (81-01-21)
42929,,"AA III,3 N.217",Berlin SB Ms. lat. 2° 311 B Bl. 43-44,,False,0,0,0,unknown,other,False,de,de,0.7647,"Konz. (Hd=Bl.42), Unterschr. Hs.Murr",Eimmart (KorrespDB) (GND),Volckamer (KorrespDB) (GND)Leibniz (GND),1681
42949,,"AA III,3 N.085","Hannover NLA Cal.Br. 4, 82 Bl. 295r°oben-296",,False,0,0,0,unknown,other,False,de,de,0.9286,Abf.,Linsen (KorrespDB),Leibniz (GND),1680-07-20 (80-07-10)
42965,DE-611-HS-960108,"AA III,3 N.203",LBr 225 Bl. 6-7,6-7,True,4,161,27,light_revision,partial,False,de,de,0.9351,"Abf., eigh. Aufschr-, schwarzes Siegel; Bibl.verm.: ""D.Ebell""",Ebell (KorrespDB) (GND),Leibniz (GND),1681-04-14 (81-04-04)
42986,,"AA I,3 N.038",Hannover NLA (ohne Sign.),,False,0,0,0,unknown,other,False,mixed,de,0.5778,MF,Viet (KorrespDB) (GND)Leibniz (GND),"Braunschweig-Lüneburg,Ernst August v. (KorrespDB) (GND)",1680-05-02 (80-04-22)
42990,DE-611-HS-49877,"AA III,3 N.354",LBr 805 Bl. 19-20,19-20,True,4,398,20,heavy_revision,partial,False,de,de,0.875,"Abf., eigh. Aufschr., Siegel",Scheffer (KorrespDB) (GND),Leibniz (GND),1682-05-23 (82-05-13)
42991,DE-611-HS-49877,"AA III,3 N.354",LBr 805 Bl. 19-20,19-20,True,4,398,0,heavy_revision,partial,False,de,de,0.875,"Abf., eigh. Aufschr., Siegel",Scheffer (KorrespDB) (GND),Leibniz (GND),1682-05-23 (82-05-13)
42992,00068541,"AA III,3 N.354","LH 41, 2 Bl. 2 [16. Notiz]",2-2,True,2,141,0,heavy_revision,other,False,de,de,0.875,"Ausz. aus 25551, L, 30 Zeilen auf d.Rand",Scheffer (KorrespDB) (GND),Leibniz (GND),1682-05-23 (82-05-13)
43028,DE-611-HS-960186,"AA I,3 N.133",LBr 240 Bl. 1,1-1,True,2,25,2,light_revision,own,False,de,de,0.6667,"Abf., eigh.","Engelbrecht,A.H. (KorrespDB) (GND)",Leibniz (GND),1682-04-28 (82-04-18)
43056,DE-611-HS-958572,"AA III,3 N.294",LBr 501 Bl. 120,120-120,True,2,44,5,heavy_revision,other,False,de,de,0.9844,Abf.,"Crafft,J.D. (KorrespDB) (GND)",Leibniz (GND),1681-11-21 (81-11-11)
43057,DE-611-HS-958572,"AA III,3 N.294",LBr 501 Bl. 120,120-120,True,2,44,0,heavy_revision,other,False,de,de,0.9844,Abf.,"Crafft,J.D. (KorrespDB) (GND)",Leibniz (GND),1681-11-21 (81-11-11)
43059,DE-611-HS-3605474,"AA III,3 N.296",LBr 696 Bl. 1-2,1-2,True,4,340,13,heavy_revision,partial,False,de,de,1.0,Konz.; eigh. Anschr.,Leibniz (GND),Olitsch (KorrespDB) (GND),1681-11-24 (81-11-14)
43075,DE-611-HS-960158,"AA III,3 N.224",LBr 237 Bl. 19-24,19-24,True,12,849,69,heavy_revision,other,False,de,de,0.9895,Abf.,Elers (KorrespDB) (GND),Leibniz (GND),1681-05-15 (81-05-05)
43079,DE-611-HS-960158,"AA III,3 N.319",LBr 237 Bl. 51-58,51-58,True,16,1179,71,heavy_revision,other,False,de,de,0.9863,Abf.,Elers (KorrespDB) (GND),Leibniz (GND),1682-02-07 (82-01-28)
43114,00068541,"AA III,3 N.306","LH 41, 2 Bl. 4v°",4-4,True,2,218,0,heavy_revision,other,False,de,de,0.9828,"Ausz. aus 25580, 9 Zeilen","Crafft,J.D. (KorrespDB) (GND)",Leibniz (GND),1682-01-08 (81-12-29)
43136,DE-611-HS-867198,"AA III,3 N.299",LBr 832 Bl. 7-8,7-8,True,4,277,35,heavy_revision,other,False,de,de,0.9344,Abf.,"Schrader,Fr. (KorrespDB) (GND)",Leibniz (GND),1681-12-08 (81-11-28)
43137,,"AA I,3 N.031","Hannover NLA Cal.Br. 4, 82 Bl. 281r°/v°(linke Spalten)-282",,False,0,0,0,unknown,other,False,de,de,1.0,"Abschr., L",Leibniz (GND),"Braunschweig-Lüneburg,Ernst August v. (KorrespDB) (GND)",1680
43138,,"AA IV,2 N.013","Ms 13, 762d 5 Bl. 6-8.11",,False,0,0,0,unknown,own,True,de,de,0.9605,"Rez. Konz., eigh.",,,1682-04
43146,,"AA III,3 N.208","Hannover NLA Cal.Br. 4, 82 Bl. 348",,False,0,0,0,unknown,other,False,de,de,0.9831,Konz.,Leibniz (GND),Linsen (KorrespDB),1681-11
4315,DE-611-HS-3617686,"AA I,6 N.021",LBrF 8 Bl. 15-18r° (=8821),,False,0,0,0,unknown,other,False,de,de,0.9902,Konz.; Streichg & Erg.; Bibl.verm.,Leibniz (GND),"Braunschweig-Lüneburg,Ernst August v. (KorrespDB) (GND)",1691-01
43172,DE-611-HS-959461,"AA III,3 N.215",LBr 108 Bl. 24,24-24,True,2,38,28,light_revision,other,False,de,de,1.0,Abf.,"Brandshagen,J.D. (KorrespDB) (GND)",Leibniz (GND),1681-05-05 (81-04-25)
43172,DE-611-HS-959461,"AA I,3 N.83",LBr 108 Bl. 24,24-24,True,2,38,28,light_revision,other,False,de,de,1.0,Abf.,"Brandshagen,J.D. (KorrespDB) (GND)",Leibniz (GND),1681-05-05 (81-04-25)
43176,DE-611-HS-960158,"AA III,3 N.214",LBr 237 Bl. 27-28,27-28,True,4,122,17,light_revision,partial,False,de,de,0.9667,"Abf., eigh. Aufschr., Siegel",Elers (KorrespDB) (GND),"Brandshagen,J.D. (KorrespDB) (GND)",1681-05-05
43177,DE-611-HS-867198,"AA III,3 N.216",LBr 832 Bl. 3-4,3-4,True,4,141,12,light_revision,partial,False,de,de,0.9459,"Abf., eigh. Aufschr., Siegel","Schrader,Fr. (KorrespDB) (GND)",Leibniz (GND),1681-05-05 (81-04-25)
4318,,"AA I,8 N.125",Hannover NLA Hann. 153 Acc. 2018/55 Nr. 33 Bl. 9 (alt: NLB Bibliotheksakten A2 Bl. 233),,False,0,0,0,unknown,other,False,de,de,1.0,Abf.,"Gleditsch,J.Fr. (KorrespDB) (GND)",Leibniz (GND),1692-04-26 (92-04-16)
43210,,"AA III,3 N.159","Hannover NLA Cal.Br. 4, 82 Bl. 295v°oben-296",,False,0,0,0,unknown,other,False,de,de,1.0,Abf.,Linsen (KorrespDB),Leibniz (GND),1681-01-25 (80-01-15)
43211,,"AA III,3 N.159","Hannover NLA Cal.Br. 4, 82 Bl. 295v°Mitte-296",,False,0,0,0,unknown,other,False,de,de,1.0,Abf.,Linsen (KorrespDB),Leibniz (GND),1681-01-25 (80-01-15)
43236,DE-611-HS-971140,"AA III,3 N.331",LBr 264 Bl. 3-4,3-4,True,4,241,52,light_revision,partial,False,de,de,0.7,"Abf., eigh. Aufschr., Siegel",Ferguson (KorrespDB) (GND),Leibniz (GND),1682-03-07 (82-02-25)
43258,,"AA III,3 N.112","Hannover NLA Cal.Br. 4, 82 Bl. 295r°",,False,0,0,0,unknown,other,False,de,de,1.0,Abf.,Linsen (KorrespDB),Leibniz (GND),1680-09-28
43274,DE-611-HS-49877,"AA III,3 N.254",LBr 805 Bl. 3v° (=32431),3-3,True,2,67,0,heavy_revision,other,False,de,de,0.9497,"Ausz., Scheffer (als Nachschrift auf 32431=25536)",Volckamer (KorrespDB) (GND),Scheffer (KorrespDB) (GND),1681-07-01
43275,DE-611-HS-49877,"AA III,3 N.254",LBr 805 Bl. 3r°-v°oben (=32432),3-3,True,2,67,16,heavy_revision,partial,False,de,de,0.9497,"Abf., eigh. Anschr.",Scheffer (KorrespDB) (GND),Leibniz (GND),1681-07-01 (81-06-21)
43279,DE-611-HS-958572,"AA III,3 N.293",LBr 501 Bl. 115-116,115-116,True,4,442,14,heavy_revision,partial,False,de,de,0.9864,"Abf., eigh. Aufschr., Siegel","Crafft,J.D. (KorrespDB) (GND)",Leibniz (GND),1681-11-11 (81-11-01)
43280,DE-611-HS-958572,"AA III,3 N.293",LBr 501 Bl. 115-116,115-116,True,4,442,0,heavy_revision,partial,False,de,de,0.9864,"Abf., eigh. Aufschr., Siegel","Crafft,J.D. (KorrespDB) (GND)",Leibniz (GND),1681-11-11 (81-11-01)
43282,,"AA IV,2 N.013","Ms 13, 762d 5 Bl. 6-8.11",,False,0,0,0,unknown,own,True,de,de,0.9605,"Rez. Konz., eigh.",,,1682-04
43285,,"AA III,3 N.158",,,False,0,0,0,unknown,other,False,de,de,1.0,MF,Leibniz (GND),Heermann (KorrespDB),1681-01-25 (81-01-15)
43294,00068541,"AA III,3 N.162","LH 41, 2 Bl. 2 [ 9. Notiz]",2-2,True,2,141,0,heavy_revision,other,False,de,de,0.976,Ausz. aus 25538=32448; L,Scheffer (KorrespDB) (GND),Leibniz (GND),1681-01
43394,DE-611-HS-970529,"AA III,3 N.151",LBr 381 Bl. 4-5,4-5,True,4,272,32,heavy_revision,partial,False,de,de,0.9882,"Abf., eigh. Aufschr., Siegel; Postverm.:""3 gr.""; X:",Heermann (KorrespDB),Leibniz (GND),1681-01-06 (80-12-27)
43395,DE-611-HS-958572,"AA III,3 N.152",LBr 501 Bl. 82,82-82,True,2,84,5,heavy_revision,partial,False,de,de,0.948,"Abf., eigh. Aufschr., Siegel, Postverm.: ""1 gg."", ""5""","Crafft,J.D. (KorrespDB) (GND)",Leibniz (GND),1681-01-07 (80-12-28)
4342,00068818,"AA I,8 N.009","LH 23, 7 Bl. 22-23",22-23,True,4,322,37,heavy_revision,other,False,de,de,0.9926,Konz.; Bibl.verm.: 1691?,Leibniz (GND),"Hugo,L. (KorrespDB) (GND)",1692-06
4344,,"AA I,7 N.021","Ms 23, 47(1) Bl. 165",,False,0,0,0,unknown,other,False,de,de,0.9824,Ausz. (Kennwort:) Ad sigilla et insignia,Leibniz (GND),"Hugo,L. (KorrespDB) (GND)",1691-09-19 (91-09-09)
43448,00068823,"AA IV,3 N.034",LH 34 Bl. 173-174,173-174,True,4,526,66,heavy_revision,other,False,de,de,0.9985,Konz. mit einigen Erg.,,,1680
43479,DE-611-HS-867509,"AA III,3 N.199",LBr 943 Bl. 55,55-55,True,2,100,18,heavy_revision,partial,False,de,de,0.761,"Abf., eigh. Aufschr., Siegel; Postverm.: ""fr° Braunschw.""",Tschirnhaus (KorrespDB) (GND),Leibniz (GND),1681-04-07 (81-04-07)
4348,DE-611-HS-3616805,"AA III,4 N.259",LBr 79 Bl. 40,40-40,True,2,397,30,heavy_revision,partial,False,de,de,0.7485,"Abf., eigh. Aufschr., Textverl. durch Siegel","Bodenhausen,R.C. (KorrespDB) (GND)",Leibniz (GND),1690-05-06
43518,,"AA III,3 N.382","Hannover NLA Cal.Br. 4, 82 Bl. 579",,False,0,0,0,unknown,partial,False,de,de,0.9895,"Abf., eigh. Aufschr.,Siegel",Linsen (KorrespDB),Leibniz (GND),1682-08-02 (82-07-23)
43518,,"AA I,3 N.148","Hannover NLA Cal.Br. 4, 82 Bl. 579",,False,0,0,0,unknown,partial,False,de,de,0.9895,"Abf., eigh. Aufschr.,Siegel",Linsen (KorrespDB),Leibniz (GND),1682-08-02 (82-07-23)
43519,00068823,"AA IV,3 N.032",LH 34 Bl. 61-62,61-62,True,4,654,94,heavy_revision,other,False,de,de,1.0,Konz.,,,1680
43520,00068823,"AA IV,3 N.031",LH 34 Bl. 60.82,60-60,True,2,215,40,heavy_revision,other,False,de,de,1.0,"Konz., auf Bl.60 starke Korr.",,,1680
43531,DE-611-HS-958572,"AA III,3 N.295",LBr 501 Bl. 117-119,117-119,True,6,203,56,light_revision,partial,False,de,de,0.9875,"Abf., eigh. Aufschr.",Schockwitz (KorrespDB),"Crafft,J.D. (KorrespDB) (GND)",1681-11-15 (81-11-05)
43534,DE-611-HS-958572,"AA III,3 N.347",LBr 501 Bl. 128-129,128-129,True,4,396,22,heavy_revision,own,False,de,de,0.9982,"Abf., eigh.","Crafft,J.D. (KorrespDB) (GND)",Leibniz (GND),1682-05-07 (82-04-27)
43535,00068541,"AA III,3 N.347","LH 41, 2 Bl. 4v°",4-4,True,2,218,0,heavy_revision,other,False,de,de,0.9982,"Ausz. aus 2784, 12 Zeilen","Crafft,J.D. (KorrespDB) (GND)",Leibniz (GND),1682-05-07 (82-04-27)
4354,DE-611-HS-3616805,"AA III,4 N.270",LBr 79 Bl. 26-27,26-27,True,4,518,27,heavy_revision,other,False,de,de,0.9376,"Abf., Bibl.verm.","Bodenhausen,R.C. (KorrespDB) (GND)",Leibniz (GND),1690-08-12
43544,DE-611-HS-867509,"AA III,3 N.420",LBr 943 Bl. 73,73-73,True,2,106,10,heavy_revision,partial,False,de,de,0.9619,"Abf., eigh. Aufschr.,Siegel; Postverm.: ""2 gg."", ""Franco biß Braunschweig.""",Tschirnhaus (KorrespDB) (GND),Leibniz (GND),1682-11-20
43615,,"AA III,3 N.392","Hannover NLA Cal.Br. 4, 82 Bl. 580r°unten (v°: Fig. & Zahlen von L'Hd)",,False,0,0,0,unknown,other,False,de,de,1.0,abgebrochenes Konz. d.nicht gefund. Abf.,Leibniz (GND),Linsen (KorrespDB)Hentze (KorrespDB),1682-08-28
43619,DE-611-HS-49877,"AA III,3 N.326",LBr 805 Bl. 16-17 (=32441),16-17,True,4,361,0,heavy_revision,own,False,de,de,0.9771,"Abf., eigh.",Scheffer (KorrespDB) (GND),Leibniz (GND),1682-02-17 (82-02-07)
43620,DE-611-HS-49877,"AA III,3 N.326",LBr 805 Bl. 16-17 (=32441),16-17,True,4,361,0,heavy_revision,own,False,de,de,0.9771,"Abf., eigh.",Scheffer (KorrespDB) (GND),Leibniz (GND),1682-02-17 (82-02-07)
43621,00068541,"AA III,3 N.326","LH 41, 2 Bl. 2 [11. Notiz]",2-2,True,2,141,0,heavy_revision,other,False,de,de,0.9771,"Ausz. aus 25541, 4 Zeilen",Scheffer (KorrespDB) (GND),Leibniz (GND),1682-02-17 (82-02-07)
43622,00068541,"AA III,3 N.326","LH 41, 2 Bl. 2 [15. Notiz]",2-2,True,2,141,0,heavy_revision,other,False,de,de,0.9771,"Ausz. aus 25541, L, 5 Zeilen auf dem Rand",Scheffer (KorrespDB) (GND),Leibniz (GND),1682-02-17 (82-02-07)
43623,DE-611-HS-49877,"AA III,3 N.339",LBr 805 Bl. 16-17 (S.2-3 unten) (=32440),16-17,True,4,361,13,heavy_revision,other,False,de,de,0.986,Konz.,Leibniz (GND),Scheffer (KorrespDB) (GND),1682-03
43624,DE-611-HS-49877,"AA III,3 N.339",LBr 805 Bl. 16-17 (S.2-3 unten) (=32440),16-17,True,4,361,0,heavy_revision,other,False,de,de,0.986,Konz.,Leibniz (GND),Scheffer (KorrespDB) (GND),1682-03
43625,00068541,"AA III,3 N.339","LH 41, 2 Bl. 2 [12. Notiz]",2-2,True,2,141,0,heavy_revision,other,False,de,de,0.986,"Ausz. aus 25544, 10 Zeilen",Leibniz (GND),Scheffer (KorrespDB) (GND),1682-03
43630,DE-611-HS-958572,"AA III,3 N.328",LBr 501 Bl. 126-127,126-127,True,4,323,0,heavy_revision,partial,False,de,de,0.9776,"Abf., eigh. Aufschr., Siegel","Crafft,J.D. (KorrespDB) (GND)",Leibniz (GND),1682-02-24 (82-02-14)
43635,,"AA III,3 N.247",,,False,0,0,0,unknown,other,False,de,de,1.0,MF,Leibniz (GND),Scheffer (KorrespDB) (GND),1681-08-20
43639,DE-611-HS-49877,"AA III,3 N.254",LBr 805 Bl. 3r°-v°oben (=32432),3-3,True,2,67,0,heavy_revision,partial,False,de,de,0.9497,"Abf., eigh. Anschr.",Scheffer (KorrespDB) (GND),Leibniz (GND),1681-07-01 (81-06-21)
43640,00068541,"AA III,3 N.254","LH 41, 2 Bl. 2 [ 6. Notiz]",2-2,True,2,141,0,heavy_revision,other,False,de,de,0.9497,"Ausz. aus 25536=32431, 6 Zeilen, L",Scheffer (KorrespDB) (GND),Leibniz (GND),1681-07-01 (81-06-21)
43643,DE-611-HS-974760,"AA III,3 N.255",LBr 443 Bl. 3,3-3,True,2,31,5,light_revision,other,False,de,de,1.0,Abf.,Janssen (KorrespDB),Leibniz (GND),1681-07-02 (81-06-22)
43644,DE-611-HS-974760,"AA III,3 N.256",LBr 443 Bl. 4-5 (=52428),4-5,True,4,210,67,light_revision,other,False,de,de,0.9947,"Abf., Bemerkgn von L'Hd",Janssen (KorrespDB),Leibniz (GND),1681-07-05 (81-06-25)
43717,DE-611-HS-960158,"AA III,3 N.390",LBr 237 Bl. 65-68,65-68,True,8,480,0,heavy_revision,own,False,de,de,0.9977,"Abf., eigh.",Elers (KorrespDB) (GND),Leibniz (GND),1682-08-22 (82-08-12)
43734,DE-611-HS-867509,"AA III,3 N.368",LBr 943 Bl. 65.68-69 (69r°-v°unten) (=35888),65-65,True,2,135,0,heavy_revision,other,False,mixed,de,0.6264,Konz. d.nicht gefund. Abf.,Leibniz (GND),Tschirnhaus (KorrespDB) (GND),1682-06
43735,DE-611-HS-867509,"AA III,3 N.368",LBr 943 Bl. 65.68-69(=35930),65-65,True,2,135,68,heavy_revision,other,False,mixed,de,0.6264,Konz. d.nicht gefund. Abf.; 2° & 4°,Leibniz (GND),Tschirnhaus (KorrespDB) (GND),1682-06
43735,DE-611-HS-867509,"AA II,1 N.236",LBr 943 Bl. 65.68-69(=35930),65-65,True,2,135,68,heavy_revision,other,False,mixed,de,0.6264,Konz. d.nicht gefund. Abf.; 2° & 4°,Leibniz (GND),Tschirnhaus (KorrespDB) (GND),1682-06
43800,DE-611-HS-958572,"AA III,3 N.219",LBr 501 Bl. 103,103-103,True,2,29,3,heavy_revision,other,False,de,de,0.9222,Abf.,"Crafft,J.D. (KorrespDB) (GND)",Leibniz (GND),1681-05
43850,DE-611-HS-959461,"AA III,3 N.227",LBr 108 Bl. 27-28,27-28,True,4,142,40,light_revision,other,False,de,de,0.9604,Abf..,"Brandshagen,J.D. (KorrespDB) (GND)",Leibniz (GND),1681-05-18 (81-05-08)
43852,DE-611-HS-958572,"AA III,3 N.225",LBr 501 Bl. 100,100-100,True,2,50,10,heavy_revision,partial,False,de,de,0.896,"Abf. für Hannover, eigh. Aufschr., Siegel","Crafft,J.D. (KorrespDB) (GND)",Leibniz (GND),1681-05-18 (81-05-08)
43853,DE-611-HS-958572,"AA III,3 N.225",LBr 501 Bl. 101,101-101,True,2,43,15,heavy_revision,partial,False,de,de,0.896,"Abf. für Osterode, eigh. Aufschr., SIegel","Crafft,J.D. (KorrespDB) (GND)",Leibniz (GND),1681-05-18 (81-05-08)
43856,DE-611-HS-867509,"AA III,3 N.233",LBr 943 Bl. 56-57,56-57,True,4,268,70,heavy_revision,other,False,mixed,de,0.5,"Konz., Bibl.verm.: ""Tschirnhausen""",Leibniz (GND),Tschirnhaus (KorrespDB) (GND),1681-05-23 (81-05-13)
43860,DE-611-HS-960158,"AA III,3 N.253",LBr 237 Bl. 91,91-91,True,2,15,2,light_revision,partial,False,de,de,0.8333,"Abf., eigh. Aufschr., Siegel",Elers (KorrespDB) (GND),Leibniz (GND),1681
43865,DE-611-HS-49877,"AA III,3 N.315",LBr 805 Bl. 14-15,14-15,True,4,254,22,light_revision,own,False,de,de,0.9903,"Abf., eigh.",Scheffer (KorrespDB) (GND),Leibniz (GND),1682-01-24 (82-01-14)
43868,,"AA III,3 N.316","Hannover NLA Cal.Br. 4, 82 Bl. 555",,False,0,0,0,unknown,partial,False,de,de,0.9861,"Abf., eigh. Aufschr., Siegel",Linsen (KorrespDB),Leibniz (GND),1682-01-25 (82-01-15)
43868,,"AA I,3 N.115","Hannover NLA Cal.Br. 4, 82 Bl. 555",,False,0,0,0,unknown,partial,False,de,de,0.9861,"Abf., eigh. Aufschr., Siegel",Linsen (KorrespDB),Leibniz (GND),1682-01-25 (82-01-15)
43871,DE-611-HS-49877,"AA III,3 N.271",LBr 805 Bl. 10-11,10-11,True,4,341,0,heavy_revision,partial,False,de,de,0.983,"Abf., eigh. Aufschr., Siegel",Scheffer (KorrespDB) (GND),Leibniz (GND),1681-08-22 (81-08-12)
43898,,"AA III,3 N.403","Hannover NLA Cal.Br. 4, 82 Bl. 577-578",,False,0,0,0,unknown,other,False,de,de,1.0,Konz. d.nicht gefund. Abf.,Leibniz (GND),Linsen (KorrespDB),1682-09
43901,,"AA I,3 N.163","Hannover NLA Cal.Br. 4, 82 Bl. 587(rechts)-588(links)",,False,0,0,0,unknown,own,True,de,de,1.0,Konz.; eigh.,Leibniz (GND),"Braunschweig-Lüneburg,Ernst August v. (KorrespDB) (GND)",1682-09
43903,DE-611-HS-958572,"AA III,3 N.404",LBr 501 Bl. 153-154,153-154,True,4,514,38,heavy_revision,own,False,de,de,0.993,"Abf., eigh.","Crafft,J.D. (KorrespDB) (GND)",Leibniz (GND),1682-10
43904,DE-611-HS-958572,"AA III,3 N.404",LBr 501 Bl. 153-154,153-154,True,4,514,0,heavy_revision,own,False,de,de,0.993,"Abf., eigh.","Crafft,J.D. (KorrespDB) (GND)",Leibniz (GND),1682-10
43932,,"AA III,4 N.053","Hannover NLA Cal.Br. 4, 82 Bl. 817",,False,0,0,0,unknown,own,False,de,de,1.0,"Abf., eigh.",Linsen (KorrespDB),Leibniz (GND),1684-04
43933,,"AA III,3 N.478","Hannover NLA Cal.Br. 4, 82 Bl. 814",,False,0,0,0,unknown,own,False,de,de,1.0,"Abf., eigh., Streifen 19,5x6,5cm. 5 Zeilen",Linsen (KorrespDB),Leibniz (GND),1680
43934,,"AA III,3 N.479","Hannover NLA Cal.Br. 4, 82 Bl. 815",,False,0,0,0,unknown,other,False,de,de,1.0,"Abf., Streifen 20x9cm, 6 Zeilen; Bemerkg von L'Hd",Linsen (KorrespDB),Leibniz (GND),1680
43935,,"AA III,3 N.379","Hannover NLA Cal.Br. 4, 82 Bl. 816",,False,0,0,0,unknown,own,False,de,de,1.0,"Abf., eigh., 17x6cm, 5 Zeilen, Bemerkgn von L",Linsen (KorrespDB),Leibniz (GND),1682-07
43936,,"AA III,4 N.047","Hannover NLA Cal.Br. 4, 82 Bl. 812",,False,0,0,0,unknown,partial,False,de,de,1.0,"Abf., eigh. Aufschr., Siegel; 19,5x8cm; Notiz von L'Hd",Linsen (KorrespDB),Leibniz (GND),1684-01
43937,,"AA III,3 N.480","Hannover NLA Cal.Br. 4, 82 Bl. 811",,False,0,0,0,unknown,other,False,de,de,0.9714,Abf.,Linsen (KorrespDB),Leibniz (GND),1680
43938,,"AA III,3 N.120","Hannover NLA Cal.Br. 4, 82 Bl. 813",,False,0,0,0,unknown,other,False,de,de,1.0,"Abf., Bemerkg von L'Hd",Linsen (KorrespDB),Leibniz (GND),1680-10
43939,00068537,"AA III,3 N.073",LH 38 Bl. 338-339,338-339,True,4,84,3,heavy_revision,other,False,de,de,1.0,Abf.,Linsen (KorrespDB),Leibniz (GND),1680-06
43940,00068537,"AA III,3 N.072",LH 38 Bl. 340-341,340-341,True,4,267,7,heavy_revision,partial,False,de,de,1.0,"Abf., eigh. (dieselbe Hd wie Bl.330)",Linsen (KorrespDB),Leibniz (GND),1680-06
43943,,"AA III,4 N.016","Hannover NLA Cal.Br. 4, 82 Bl. 808 (v° Zeichngn v. L'Hd)",,False,0,0,0,unknown,other,False,de,de,1.0,Abf.,"Müller,E. (KorrespDB)",Leibniz (GND),1683-08
43944,,"AA III,4 N.016","Hannover NLA Cal.Br. 4, 82 Bl. 809",,False,0,0,0,unknown,own,False,de,de,1.0,"Abf., eigh.","Müller,E. (KorrespDB)",Leibniz (GND),1682
43945,,"AA III,4 N.016","Hannover NLA Cal.Br. 4, 82 Bl. 810",,False,0,0,0,unknown,other,False,de,de,1.0,"Abf., v°: ""Aug.""","Müller,E. (KorrespDB)",Leibniz (GND),1682
43964,DE-611-HS-960158,"AA III,3 N.160",LBr 237 Bl. 9-10,9-10,True,4,56,8,light_revision,partial,False,de,de,0.9583,"Abf., eigh. Aufschr., Siegel",Elers (KorrespDB) (GND),Leibniz (GND),1681-01-31 (81-01-21)
43965,DE-611-HS-960158,"AA III,3 N.166",LBr 237 Bl. 5-8,5-8,True,8,273,38,heavy_revision,partial,False,de,de,0.9893,"Abf., eigh. Aufschr., Siegel",Elers (KorrespDB) (GND),Leibniz (GND),1681-01
43969,,"AA I,3 N.134","Ms 13, 762d 5 Bl. 49-50",,False,0,0,0,unknown,own,True,de,de,0.7083,Ausz.; eigh.,Leibniz (GND),"Grote,O. (KorrespDB) (GND)",1682-05-14
43970,,"AA I,3 N.134","Ms 13, 762d 5 Bl. 49-50",,False,0,0,0,unknown,own,True,de,de,0.7083,Ausz.; eigh.,Leibniz (GND),"Grote,O. (KorrespDB) (GND)",1682-05-14
43971,,"AA I,3 N.134",,,False,0,0,0,unknown,other,False,de,de,0.7083,Abf.,Leibniz (GND),"Grote,O. (KorrespDB) (GND)",1682-05-14
44023,DE-611-HS-959461,"AA III,3 N.428",LBr 108 Bl. 186-189 (=31410),186-189,True,8,510,89,heavy_revision,own,False,de,de,0.991,"Abf., eigh.","Brandshagen,J.D. (KorrespDB) (GND)",Leibniz (GND),1682-12-22 (82-12-12)
44024,DE-611-HS-958572,"AA III,3 N.429",LBr 501 Bl. 132-135,132-135,True,8,1207,73,heavy_revision,own,False,de,de,0.9964,"Abf., eigh.; Bemerkgn von L'Hd","Crafft,J.D. (KorrespDB) (GND)",Leibniz (GND),1682-12-25 (82-12-15)
44025,DE-611-HS-958572,"AA III,3 N.429",LBr 501 Bl. 132-135,132-135,True,8,1207,0,heavy_revision,own,False,de,de,0.9964,"Abf., eigh.; Bemerkgn von L'Hd","Crafft,J.D. (KorrespDB) (GND)",Leibniz (GND),1682-12-25 (82-12-15)
44026,00068541,"AA III,3 N.429","LH 41, 2 Bl. 3-4",3-4,True,4,436,0,heavy_revision,other,False,de,de,0.9964,"Ausz. aus 25558, L","Crafft,J.D. (KorrespDB) (GND)",Leibniz (GND),1682-12-25 (82-12-15)
44027,00068541,"AA III,3 N.429","LH 41, 2 Bl. 3-4",3-4,True,4,436,0,heavy_revision,other,False,de,de,0.9964,"Ausz. aus 25558, L","Crafft,J.D. (KorrespDB) (GND)",Leibniz (GND),1682-12-25 (82-12-15)
44029,,"AA III,3 N.369","Hannover NLA Cal.Br. 4, 82 Bl. 564-565",,False,0,0,0,unknown,other,False,de,de,0.981,Abf.,Linsen (KorrespDB),Leibniz (GND),1682-06-28 (82-06-18)
44029,,"AA I,3 N.142","Hannover NLA Cal.Br. 4, 82 Bl. 564-565",,False,0,0,0,unknown,other,False,de,de,0.981,Abf.,Linsen (KorrespDB),Leibniz (GND),1682-06-28 (82-06-18)
44048,00068537,"AA III,3 N.408",LH 38 Bl. 367,367-367,True,2,128,11,heavy_revision,other,False,de,de,1.0,Konz. d.nicht gefund. Abf.,Leibniz (GND),Linsen (KorrespDB),1682-10
44061,DE-611-HS-960158,"AA III,3 N.210",LBr 237 Bl. 17-18,17-18,True,4,204,1,heavy_revision,other,False,de,de,0.9714,Abf.,Elers (KorrespDB) (GND),Leibniz (GND),1681-05-02
44062,DE-611-HS-960158,"AA III,3 N.221",LBr 237 Bl. 15-16,15-16,True,4,166,23,light_revision,partial,False,de,de,0.9828,"Abf., eigh. Aufschr., Siegel",Elers (KorrespDB) (GND),Leibniz (GND),1681-05-08 (81-04-28)
44063,DE-611-HS-959461,"AA III,3 N.211",LBr 108 Bl. 25-26,25-26,True,4,142,39,light_revision,own,False,de,de,1.0,"Abf., eigh.","Brandshagen,J.D. (KorrespDB) (GND)",Leibniz (GND),1681-05-02 (81-04-22)
44063,DE-611-HS-959461,"AA I,3 N.82",LBr 108 Bl. 25-26,25-26,True,4,142,39,light_revision,own,False,de,de,1.0,"Abf., eigh.","Brandshagen,J.D. (KorrespDB) (GND)",Leibniz (GND),1681-05-02 (81-04-22)
44071,DE-611-HS-958572,"AA III,3 N.328",LBr 501 Bl. 126-127,126-127,True,4,323,14,heavy_revision,partial,False,de,de,0.9776,"Abf., eigh. Aufschr., Siegel","Crafft,J.D. (KorrespDB) (GND)",Leibniz (GND),1682-02-24 (82-02-14)
44072,00068541,"AA III,3 N.328","LH 41, 2 Bl. 3r°",3-3,True,2,218,0,heavy_revision,other,False,de,de,0.9776,"Ausz. aus 25562, 11 Zeilen","Crafft,J.D. (KorrespDB) (GND)",Leibniz (GND),1682-02-24 (82-02-14)
44073,00068541,"AA III,3 N.328","LH 41, 2 Bl. 3-4",3-4,True,4,436,0,heavy_revision,other,False,de,de,0.9776,"Ausz. aus 25562, L","Crafft,J.D. (KorrespDB) (GND)",Leibniz (GND),1682-02-24 (82-02-14)
44078,DE-611-HS-958572,"AA III,3 N.306",LBr 501 Bl. 123-124,123-124,True,4,517,0,heavy_revision,own,False,de,de,0.9828,"Abf., eigh.","Crafft,J.D. (KorrespDB) (GND)",Leibniz (GND),1682-01-08 (81-12-29)
44079,DE-611-HS-958572,"AA III,3 N.306",LBr 501 Bl. 123-124,123-124,True,4,517,20,heavy_revision,other,False,de,de,0.9828,Abf..,"Crafft,J.D. (KorrespDB) (GND)",Leibniz (GND),1682-01-08 (81-12-29)
44083,,"AA III,3 N.336",Leipzig UB Rep. II 4° 151 Bl. 275-276,,False,0,0,0,unknown,other,False,de,de,1.0,"Ausz. aus d.nicht gefund.Abf. (in 36594), J.D.Crafft",Leibniz (GND),"Crafft,J.D. (KorrespDB) (GND)",1682-03-26 (82-02-16)
44086,,"AA III,3 N.336",Leipzig UB Rep. II 4° 151 Bl. 275-276,,False,0,0,0,unknown,other,False,de,de,1.0,Ausz. aus d.nicht gefund. Abf. von Craffts Hd,Leibniz (GND),"Crafft,J.D. (KorrespDB) (GND)",1682-03-26 (82-03-16)
44090,DE-611-HS-971140,"AA III,3 N.338",LBr 264 Bl. 5-6,5-6,True,4,332,79,light_revision,own,False,de,de,0.7021,"Abf., eigh.",Ferguson (KorrespDB) (GND),Leibniz (GND),1682-03-27
44095,00068541,"AA III,3 N.354","LH 41, 2 Bl. 2 [16. Notiz]",2-2,True,2,141,0,heavy_revision,other,False,de,de,0.875,"Ausz. aus 25551, 30 Zeilen",Scheffer (KorrespDB) (GND),Leibniz (GND),1682-05-23 (82-05-13)
44096,00068541,"AA III,3 N.354","LH 41, 2 Bl. 10-11",10-11,True,4,436,0,heavy_revision,other,False,de,de,0.875,"Ausz. aus 25551, 19 Zeilen, mit Bemerkg",Scheffer (KorrespDB) (GND),Leibniz (GND),1682-05-23 (82-05-13)
44100,DE-611-HS-859703,"AA I,3 N.470",LBr 636 Bl. 8,8-8,True,2,42,1,heavy_revision,own,False,de,de,0.6667,"Abf., eigh.","Mencke,O. (KorrespDB) (GND)",Leibniz (GND),1682-05-27 (82-05-17)
44102,DE-611-HS-867509,"AA III,3 N.356",LBr 943 Bl. 59-61,59-61,True,6,430,67,heavy_revision,partial,False,de,de,0.8491,"Abf., eigh. Aufschr. & Siegel; Dat. von L'Hd; geringer Textverlust",Tschirnhaus (KorrespDB) (GND),Leibniz (GND),1682-05-27
44102,DE-611-HS-867509,"AA II,1 N.235",LBr 943 Bl. 59-61,59-61,True,6,430,67,heavy_revision,partial,False,de,de,0.8491,"Abf., eigh. Aufschr. & Siegel; Dat. von L'Hd; geringer Textverlust",Tschirnhaus (KorrespDB) (GND),Leibniz (GND),1682-05-27
44103,DE-611-HS-867509,"AA III,3 N.356",LBr 943 Bl. 59-61,59-61,True,6,430,0,heavy_revision,partial,False,de,de,0.8491,"Abf., eigh. Aufschr. & Siegel; Dat. von L'Hd; geringer Textverlust",Tschirnhaus (KorrespDB) (GND),Leibniz (GND),1682-05-27
44103,DE-611-HS-867509,"AA II,1 N.235",LBr 943 Bl. 59-61,59-61,True,6,430,0,heavy_revision,partial,False,de,de,0.8491,"Abf., eigh. Aufschr. & Siegel; Dat. von L'Hd; geringer Textverlust",Tschirnhaus (KorrespDB) (GND),Leibniz (GND),1682-05-27
44129,00068541,"AA III,3 N.356","LH 41, 2 Bl. 1",1-1,True,2,109,23,heavy_revision,other,False,de,de,0.8491,"Ausz. aus 25522, L",Tschirnhaus (KorrespDB) (GND),Leibniz (GND),1682-05-27
44129,00068541,"AA II,1 N.235","LH 41, 2 Bl. 1",1-1,True,2,109,23,heavy_revision,other,False,de,de,0.8491,"Ausz. aus 25522, L",Tschirnhaus (KorrespDB) (GND),Leibniz (GND),1682-05-27
44142,DE-611-HS-971140,"AA III,3 N.353",LBr 264 Bl. 7,7-7,True,2,61,48,light_revision,other,False,mixed,de,0.5833,Abf.,Ferguson (KorrespDB) (GND),Leibniz (GND),1682-05-20 (82-05-10)
44182,00068541,"AA I,3 N.454","LH 41, 2 Bl. 3-4",3-4,True,4,436,0,heavy_revision,other,False,de,de,1.0,"Ausz. aus 2733, L","Hörnigk,Ph.W. (KorrespDB) (GND)",Leibniz (GND),1682-03-01
44183,00068541,"AA I,3 N.454","LH 41, 2 Bl. 3-4",3-4,True,4,436,0,heavy_revision,other,False,de,de,1.0,"Ausz. aus 2834, L","Hörnigk,Ph.W. (KorrespDB) (GND)",Leibniz (GND),1682-03-01
44188,,"AA I,3 N.124",Hannover NLA Ms. Nr. 59 (alt: Ms. E 3) Bl. 92-103 (Kriegsverlust),,False,0,0,0,unknown,own,True,de,de,0.8571,Konz.; eigh.,Leibniz (GND),"Braunschweig-Lüneburg,Ernst August v. (KorrespDB) (GND)",1682-03-04 (82-02-22)
44193,DE-611-HS-958572,"AA III,3 N.194",LBr 501 Bl. 93,93-93,True,2,47,9,heavy_revision,partial,False,de,de,0.9222,"Abf., eigh. Aufschr., Siegel, Postverm.: ""15""; Bemerkg von L'Hd","Crafft,J.D. (KorrespDB) (GND)",Leibniz (GND),1681-04-01 (81-03-22)
44195,DE-611-HS-867453,"AA III,3 N.195",LBr 917 Bl. 3-4,3-4,True,4,164,4,heavy_revision,other,False,de,de,0.9703,Abf.,Teute (KorrespDB),Leibniz (GND),1681-04-03 (81-03-24)
44213,00068124,"AA III,4 N.044","LH 35, 8, 30 Bl. 83",83-83,True,2,243,51,heavy_revision,other,False,de,de,0.7931,Konz. d.nicht gefund. Abf.,Leibniz (GND),Bosse (KorrespDB),1683-12
44218,,"AA III,3 N.425","Hannover NLA Cal.Br. 4, 82 Bl. 597",,False,0,0,0,unknown,other,False,de,de,1.0,"Abf., Bemerkgn & Korr. von L'Hd",Linsen (KorrespDB),Leibniz (GND),1682-12-19 (82-12-09)
44220,DE-611-HS-960158,"AA III,3 N.427",LBr 237 Bl. 69,69-69,True,2,33,18,light_revision,other,False,de,de,1.0,Abf.,Elers (KorrespDB) (GND),Leibniz (GND),1682-12-20 (82-12-10)
44233,00068541,"AA III,3 N.280","LH 41, 2 Bl. 2 [10. Notiz]",2-2,True,2,141,0,heavy_revision,other,False,de,de,0.9828,"Ausz. aus 5119, L, 1 Zeile",Scheffer (KorrespDB) (GND),Leibniz (GND),1681-09-06 (81-08-27)
44234,DE-611-HS-49877,"AA III,3 N.280",LBr 805 Bl. 12,12-12,True,2,47,9,heavy_revision,partial,False,de,de,0.9828,"Abf., eigh. Aufschr., Siegel",Scheffer (KorrespDB) (GND),Leibniz (GND),1681-09-06 (81-08-27)
44240,DE-611-HS-859552,"AA III,3 N.287",LBr 625 Bl. 4-5 (=2815),4-5,True,4,508,0,heavy_revision,partial,False,de,de,1.0,"Abf., eigh. AUfschr., Siegel","Meibom,H. (KorrespDB) (GND)",Leibniz (GND),1681-10-28 (81-10-18)
44241,00068541,"AA III,3 N.287","LH 41, 2 Bl. 10-11",10-11,True,4,436,0,heavy_revision,other,False,de,de,1.0,"Ausz. aus 2814, L, 9 Zeilen","Meibom,H. (KorrespDB) (GND)",Leibniz (GND),1681-10-28 (81-10-18)
44427,DE-611-HS-867509,"AA III,3 N.358",LBr 943 Bl. 64,64-64,True,2,108,0,heavy_revision,partial,False,de,de,0.9641,"Abf., eigh. Aufschr., Siegel",Tschirnhaus (KorrespDB) (GND),Leibniz (GND),1682-05-31
44428,DE-611-HS-867509,"AA III,3 N.358",LBr 943 Bl. 64,64-64,True,2,108,4,heavy_revision,partial,False,de,de,0.9641,"Abf., eigh. Aufschr., Siegel",Tschirnhaus (KorrespDB) (GND),Leibniz (GND),1682-05-31
44429,00068541,"AA III,3 N.358","LH 41, 2 Bl. 1r°",1-1,True,2,109,0,heavy_revision,other,False,de,de,0.9641,"Ausz. aus 25524, 6 Zeilen",Tschirnhaus (KorrespDB) (GND),Leibniz (GND),1682-05-31
44443,DE-611-HS-958572,"AA III,3 N.278",LBr 501 Bl. 111-114,111-114,True,8,696,0,heavy_revision,partial,False,de,de,0.9776,Abf.; L eigh.: beantwortet mit N°4.,"Crafft,J.D. (KorrespDB) (GND)",Leibniz (GND),1681-09-02 (81-08-23)
44444,DE-611-HS-958572,"AA III,3 N.278",LBr 501 Bl. 111-114,111-114,True,8,696,18,heavy_revision,partial,False,de,de,0.9776,Abf.; L eigh.: beantwortet mit N°4.,"Crafft,J.D. (KorrespDB) (GND)",Leibniz (GND),1681-09-02 (81-08-23)
44460,00068368,"AA I,15 N.077","LH 1, 10 Bl. 354-355 (355r°oben=57142)",354-355,True,0,0,0,unknown,other,False,de,de,1.0,Konz. mit zahlr. Ändergn,Leibniz (GND),"Wolfenbüttel,Anton Ulrich v. (KorrespDB) (GND)",1698-06-17
4448,00068207,"AA III,4 N.227","LH 35, 15, 5 Bl. 17-18",17-18,True,4,376,58,heavy_revision,other,False,de,de,0.849,Abf.,Leibniz (GND),"Bodenhausen,R.C. (KorrespDB) (GND)",1690-01-13
4449,DE-611-HS-3616805,"AA III,4 N.227",LBr 79 Beiheft 1 Bl. 14r°,14-14,True,2,215,8,heavy_revision,other,False,de,de,0.849,"Ausz. aus 35601, Bodenh.",Leibniz (GND),"Bodenhausen,R.C. (KorrespDB) (GND)",1690-01-13
44518,,"AA III,3 N.359","Hannover NLA Cal.Br. 4, 82 Bl. 562",,False,0,0,0,unknown,partial,False,de,de,1.0,"Abf., eigh. Aufschr.",Hagen (KorrespDB),Leibniz (GND),1682-06-06 (82-05-27)
44550,DE-611-HS-958572,"AA III,3 N.266",LBr 501 Bl. 121-122.110,121-122,True,4,452,0,heavy_revision,other,False,de,de,0.9806,"Abf., Bemerkgn von L'Hd","Crafft,J.D. (KorrespDB) (GND)",Leibniz (GND),1681-08-19 (81-08-09)
44551,DE-611-HS-958572,"AA III,3 N.266",LBr 501 Bl. 121-122.110,121-122,True,4,452,0,heavy_revision,other,False,de,de,0.9806,"Abf., Bemerkgn von L'Hd","Crafft,J.D. (KorrespDB) (GND)",Leibniz (GND),1681-08-19 (81-08-09)
44552,DE-611-HS-958572,"AA III,3 N.266",LBr 501 Bl. 121-122.110,121-122,True,4,452,46,heavy_revision,other,False,de,de,0.9806,"Abf., Bemerkgn von L'Hd","Crafft,J.D. (KorrespDB) (GND)",Leibniz (GND),1681-08-19 (81-08-09)
44553,00068541,"AA III,3 N.266","LH 41, 2 Bl. 3-4",3-4,True,4,436,0,heavy_revision,other,False,de,de,0.9806,"Ausz. aus 25575, L, 8 Zeilen","Crafft,J.D. (KorrespDB) (GND)",Leibniz (GND),1681-08-19 (81-09-09)
44554,00068541,"AA III,3 N.266","LH 41, 2 Bl. 3-4",3-4,True,4,436,0,heavy_revision,other,False,de,de,0.9806,"Ausz. aus 25575, L, 8 Zeilen","Crafft,J.D. (KorrespDB) (GND)",Leibniz (GND),1681-08-19 (81-08-09)
4463,DE-611-HS-866668,"AA I,9 N.022",LBr 863 Bl. 23-24,23-24,True,4,388,5,heavy_revision,partial,False,de,de,1.0,"Abf.; eigh. Aufschr., Siegel, Postverm.: de Wolf.7 [und] 26",Sieverds (KorrespDB) (GND),Leibniz (GND),1693-04-03 (93-03-24)
44666,,"AA III,3 N.391","Hannover NLA Cal.Br. 4, 82 Bl. 582",,False,0,0,0,unknown,own,False,de,de,1.0,"Abf., eigh.",Linsen (KorrespDB),Leibniz (GND),1682-08-24 (82-08-14)
44672,DE-611-HS-971140,"AA III,3 N.422",LBr 264 Bl. 17,17-17,True,2,70,24,light_revision,other,False,de,de,0.8667,"Abf.; Bibl.verm.: ""Ferguson""",Ferguson (KorrespDB) (GND),Leibniz (GND),1682-12-04
44674,DE-611-HS-958572,"AA III,3 N.423",LBr 501 Bl. 131,131-131,True,2,56,0,heavy_revision,partial,False,de,de,0.9417,"Abf., eigh. Aufschr., Siegel","Crafft,J.D. (KorrespDB) (GND)",Leibniz (GND),1682-12-08 (82-11-28)
44675,DE-611-HS-958572,"AA III,3 N.423",LBr 501 Bl. 131,131-131,True,2,56,6,heavy_revision,partial,False,de,de,0.9417,"Abf., eigh. Aufschr., Siegel","Crafft,J.D. (KorrespDB) (GND)",Leibniz (GND),1682-12-08 (82-11-28)
4468,DE-611-HS-974424,"AA I,7 N.004",LBr 429 Bl. 58-59,58-59,True,4,307,7,light_revision,other,False,de,de,0.8974,Abf.,"Hugo,L. (KorrespDB) (GND)",Leibniz (GND),1691-08-16 (91-04-06)
4475,DE-611-HS-859721,"AA I,6 N.335",LBr 638 Bl. 14,14-14,True,2,47,3,heavy_revision,other,False,de,de,1.0,Abf.,Mendlein (KorrespDB) (GND),Leibniz (GND),1691-07-20
4476,,"AA I,6 N.058","Ms 23, 213 Bl. 1-2(=48411,L an Pregizer,91-07-20,I,6 N.334)",,False,0,0,0,unknown,other,False,de,de,0.9737,Ausz. aus d. nicht gefundenen Abf.,Leibniz (GND),"Hugo,L. (KorrespDB) (GND)",1691-08
44834,DE-611-HS-958572,"AA III,3 N.361",LBr 501 Bl. 130,130-130,True,2,105,11,heavy_revision,other,False,de,de,0.9832,Abf.,"Crafft,J.D. (KorrespDB) (GND)",Leibniz (GND),1682-06-10 (82-05-31)
44835,DE-611-HS-958572,"AA III,3 N.361",LBr 501 Bl. 130,130-130,True,2,105,0,heavy_revision,other,False,de,de,0.9832,Abf.,"Crafft,J.D. (KorrespDB) (GND)",Leibniz (GND),1682-06-10 (82-05-31)
44836,00068541,"AA III,3 N.361","LH 41, 2 Bl. 4v°",4-4,True,2,218,0,heavy_revision,other,False,de,de,0.9832,"Ausz. aus 2787,3 Zeilen","Crafft,J.D. (KorrespDB) (GND)",Leibniz (GND),1682-06-10 (82-05-31)
44837,00068814,"AA III,3 N.362","LH 23, 4, 1 Bl. 107",107-107,True,2,19,1,heavy_revision,other,False,de,de,1.0,Abf.,Hagen (KorrespDB),Leibniz (GND),1682-06-11 (82-06-01)
44843,DE-611-HS-971140,"AA III,3 N.363",LBr 264 Bl. 8-9,8-9,True,4,363,0,light_revision,partial,False,de,de,0.6848,"Abf., eigh. Aufschr., Siegel; Bemerkg von L",Ferguson (KorrespDB) (GND),Leibniz (GND),1682-06-20
44844,DE-611-HS-971140,"AA III,3 N.363",LBr 264 Bl. 8-9,8-9,True,4,363,96,light_revision,partial,False,de,de,0.6848,"Abf., eigh. Aufschr., Siegel; Bemerkg von L",Ferguson (KorrespDB) (GND),Leibniz (GND),1682-06-20
44845,00068541,"AA III,3 N.363","LH 41, 2 Bl. 18-19",18-19,True,4,416,5,heavy_revision,other,False,de,de,0.6848,"Ausz. mit Bemerkg aus 25811, L",Ferguson (KorrespDB) (GND),Leibniz (GND),1682-06-20 (82-06-30)
44859,DE-611-HS-867509,"AA III,3 N.384",LBr 943 Bl. 70-71 (=35938),70-71,True,4,442,0,heavy_revision,partial,False,de,de,0.8167,"Abf., eigh. Aufschr. & Siegel; Postverm.:15. Bibl.vermerke",Tschirnhaus (KorrespDB) (GND),Leibniz (GND),1682-08-06
44859,DE-611-HS-867509,"AA II,1 N.237",LBr 943 Bl. 70-71 (=35938),70-71,True,4,442,0,heavy_revision,partial,False,de,de,0.8167,"Abf., eigh. Aufschr. & Siegel; Postverm.:15. Bibl.vermerke",Tschirnhaus (KorrespDB) (GND),Leibniz (GND),1682-08-06
44860,00068541,"AA III,3 N.384","LH 41, 2 Bl. 1r°",1-1,True,2,109,0,heavy_revision,other,False,de,de,0.8167,"Ausz. aus 25526, L, 15 Zeilen",Tschirnhaus (KorrespDB) (GND),Leibniz (GND),1682-08-06 (82-07-27)
4509,00068803,"AA I,7 N.077","LH 23, 2, 15 Bl. 23.24r°oben (=8404)",23-23,True,2,260,17,heavy_revision,own,True,de,de,0.9964,Aufz.; eigh.,Leibniz (GND),"Braunschweig-Lüneburg,Ernst August v. (KorrespDB) (GND)",1692-02
4511,,"AA I,7 N.400","Ms 23, 181, 1, 1 Bl. 91-92",,False,0,0,0,unknown,other,False,de,de,0.9323,"Abschr., 2 S. von Eybens Hand",Leibniz (GND),"Eyben,H.v. (KorrespDB) (GND)",1690-12
4517,DE-611-HS-92149,"AA I,6 N.150",LBr 604 Bl. 34,34-34,True,2,31,1,light_revision,partial,False,de,de,0.9,Abf.; eigh. Aufschr.,Marci (KorrespDB) (GND),Leibniz (GND),1690-12-02 (90-11-22)
45184,00068814,"AA III,3 N.383","LH 23, 4, 1 Bl. 105",105-105,True,2,42,1,light_revision,other,False,de,de,1.0,Abf.; Bemerkg von L'Hd,Linsen (KorrespDB),Leibniz (GND),1682-08-05 (82-07-26)
45185,DE-611-HS-867509,"AA III,3 N.384",LBr 943 Bl. 70-71 (=35938),70-71,True,4,442,51,heavy_revision,partial,False,de,de,0.8167,"Abf., eigh. Aufschr. & Siegel; Postverm.:15. Bibl.vermerke",Tschirnhaus (KorrespDB) (GND),Leibniz (GND),1682-08-06
45185,DE-611-HS-867509,"AA II,1 N.237",LBr 943 Bl. 70-71 (=35938),70-71,True,4,442,51,heavy_revision,partial,False,de,de,0.8167,"Abf., eigh. Aufschr. & Siegel; Postverm.:15. Bibl.vermerke",Tschirnhaus (KorrespDB) (GND),Leibniz (GND),1682-08-06
45376,DE-611-HS-49877,"AA III,3 N.387",LBr 805 Bl. 21-22,21-22,True,4,339,0,heavy_revision,other,False,de,de,0.9207,Abf.,Scheffer (KorrespDB) (GND),Leibniz (GND),1682-08-18 (82-08-08)
45377,DE-611-HS-49877,"AA III,3 N.387",LBr 805 Bl. 21-22,21-22,True,4,339,38,heavy_revision,other,False,de,de,0.9207,Abf.,Scheffer (KorrespDB) (GND),Leibniz (GND),1682-08-18 (82-08-08)
45378,00068541,"AA III,3 N.387","LH 41, 2 Bl. 10r°",10-10,True,2,218,0,heavy_revision,other,False,de,de,0.9207,"Ausz.aus:25662=32445, 10 Zeilen, L m. Bemerkg",Scheffer (KorrespDB) (GND),Leibniz (GND),1682-08-18 (82-08-08)
45422,DE-611-HS-971140,"AA III,3 N.416",LBr 264 Bl. 11-12,11-12,True,4,359,50,scrap,partial,False,de,de,0.7174,"Abf., eigh. Aufschr., Siegel; Notiz von L'Hd: leibrenten. liber D_n de Wit",Ferguson (KorrespDB) (GND),Leibniz (GND),1682-11-10
45423,,"AA III,3 N.418",,,False,0,0,0,unknown,other,False,de,de,0.984,"MF, nicht gefunden","Crafft,J.D. (KorrespDB) (GND)",Leibniz (GND),1682-11-11 (82-11-01)
45424,DE-611-HS-960158,"AA III,3 N.390",LBr 237 Bl. 65-68,65-68,True,8,480,16,heavy_revision,own,False,de,de,0.9977,"Abf., eigh.",Elers (KorrespDB) (GND),Leibniz (GND),1682-08-22 (82-08-12)
45425,00068541,"AA III,3 N.390","LH 41, 2 Bl. 4v°",4-4,True,2,218,0,heavy_revision,other,False,de,de,0.9977,"Ausz.aus:25668=31458, L, 14 Zeilen",Elers (KorrespDB) (GND),Leibniz (GND),1682-08-22 (82-08-12)
4556,DE-611-HS-3617686,"AA I,6 N.021",LBrF 8 Bl. 15-18 (=8821),,False,0,0,0,unknown,own,True,de,de,0.9902,Konz.; eigh.,Leibniz (GND),"Braunschweig-Lüneburg,Ernst August v. (KorrespDB) (GND)",1691-01
4557,DE-611-HS-3617686,"AA I,6 N.021",LBrF 8 Bl. 18 (=7630),,False,0,0,0,unknown,other,False,de,de,0.9902,Konz. e.Kurzfassg von L1,Leibniz (GND),"Braunschweig-Lüneburg,Ernst August v. (KorrespDB) (GND)",1691-01
45586,00068541,"AA III,3 N.418","LH 41, 2 Bl. 3r°",3-3,True,2,218,4,heavy_revision,other,False,de,de,0.984,"Ausz. aus 25556, L","Crafft,J.D. (KorrespDB) (GND)",Leibniz (GND),1682-11-11 (82-11-01)
45587,00068541,"AA III,3 N.418","LH 41, 2 Bl. 5r°",5-5,True,2,340,0,heavy_revision,other,False,de,de,0.984,"Ausz. aus 25556, L, 11 Zeilen","Crafft,J.D. (KorrespDB) (GND)",Leibniz (GND),1682-11-11 (82-11-01)
45588,00068541,"AA III,3 N.418","LH 41, 2 Bl. 5r°",5-5,True,2,340,0,heavy_revision,other,False,de,de,0.984,"Ausz. aus 25556, L, 2 Zeilen","Crafft,J.D. (KorrespDB) (GND)",Leibniz (GND),1682-11-11 (82-11-01)
45649,DE-611-HS-855800,"AA I,3 N.141",LBr 546 Bl. 88v° (=32216),88-88,True,2,43,0,heavy_revision,own,False,mixed,de,0.5556,"Abf., eigh.",Leidenfrost (KorrespDB) (GND),Leibniz (GND),1682-06-22 (82-06-12)
4618,DE-611-HS-3616805,"AA III,4 N.234",LBr 79 Bl. 9,9-9,True,2,148,58,heavy_revision,other,False,de,de,0.9061,Abf.,"Bodenhausen,R.C. (KorrespDB) (GND)",Leibniz (GND),1690-01-28
4632,DE-611-HS-859703,"AA I,7 N.329",LBr 636 Bl. 63,63-63,True,2,71,54,heavy_revision,other,False,de,de,0.9923,Abf.,"Mencke,O. (KorrespDB) (GND)",Leibniz (GND),1692-03-05 (92-02-24)
4633,DE-611-HS-859703,"AA I,7 N.330",LBr 636 Bl. 64,64-64,True,2,45,24,light_revision,partial,False,de,de,1.0,"Abf.; eigh. Aufschr., Siegel","Mencke,O. (KorrespDB) (GND)",Leibniz (GND),1692-03-06 (92-02-25)
4651,DE-611-HS-958572,"AA I,9 N.030",LBr 501 Bl. 203-204,203-204,True,4,71,0,light_revision,partial,False,de,de,0.8667,"Abf.; eigh. Aufschr., Siegel",Leibniz (GND),"(Wolfenbüttel,Bibl.-Sekr.)",1693-05-08 (93-04-28)
4660,,"AA I,7 N.011","Ms 23, 47(1) Bl. 162-163",,False,0,0,0,unknown,own,False,de,de,0.871,"Abf., eigh.","Hugo,L. (KorrespDB) (GND)",Leibniz (GND),1691-08
4661,,"AA I,7 N.012","Ms 23, 47(1) Bl. 164",,False,0,0,0,unknown,partial,False,de,de,0.9889,"Abschr., Schr.; mit eigh. OV",Leibniz (GND),"Hugo,L. (KorrespDB) (GND)",1691-09
4666,,"AA I,6 N.138",,,False,0,0,0,unknown,other,False,de,de,0.9852,MF,Leibniz (GND),"Schlüter,C.G. (KorrespDB)",1690-11-10 (90-10-31)
4667,DE-611-HS-867120,"AA I,6 N.138",LBr 814 Bl. 3,3-3,True,2,82,14,heavy_revision,other,False,de,de,0.9852,Konz.,Leibniz (GND),"Schlüter,C.G. (KorrespDB)",1690-11-10
4669,DE-611-HS-3616805,"AA III,4 N.288",LBr 79 Bl. 36-37,36-37,True,4,375,50,heavy_revision,partial,False,de,de,0.9656,"Abf., eigh. Aufschr., Siegel","Bodenhausen,R.C. (KorrespDB) (GND)",Leibniz (GND),1690-11-11
4727,DE-611-HS-958599,"AA I,6 N.032",LBr 195 Bl. 4,4-4,True,2,41,16,light_revision,other,False,de,de,1.0,Abf.,Dannenberg (KorrespDB),Leibniz (GND),1691-05-18 (91-05-08)
4747,DE-611-HS-958599,"AA I,7 N.013",LBr 195 Bl. 10,10-10,True,2,32,9,light_revision,other,False,de,de,1.0,Abf. Brief N.8,Dannenberg (KorrespDB),Leibniz (GND),1691-09-04 (91-08-25)
47702,,"AA III,4 N.202","Neues Hannöversches Magazin 17 (1807), Sp. 1236-1237",,False,0,0,0,unknown,other,False,de,de,0.9888,Erstdr. e.nicht gefund.Aufz.,,,1688-01
4781,DE-611-HS-3616805,"AA III,4 N.245",LBr 79 Bl. 18-19,18-19,True,4,364,64,heavy_revision,other,False,de,de,0.6613,Abf.,Leibniz (GND),"Bodenhausen,R.C. (KorrespDB) (GND)",1690-03-18
4796,DE-611-HS-92149,"AA I,6 N.207",LBr 604 Bl. 26,26-26,True,2,46,24,light_revision,other,False,de,de,0.8485,Abf.,Marci (KorrespDB) (GND),Leibniz (GND),1691-02-24 (91-02-14)
4822,DE-611-HS-960234,"AA I,6 N.190",LBr 248 Bl. 1-2,1-2,True,4,401,45,heavy_revision,partial,False,de,de,0.9398,"Abf., Schluß & Verbessergn eigh.","Eyben,H.v. (KorrespDB) (GND)",Leibniz (GND),1691-01-30 (91-01-20)
48360,00068619,"AA VI,4 N.019","LH 4, 5, 6c Bl. 17",17-17,True,2,70,25,heavy_revision,own,True,de,de,1.0,Aufz.; eigh.,,,1678
48382,,"AA III,4 N.196","Neues Hannöversches Magazin 17 (1807), Sp. 1211-1212",,False,0,0,0,unknown,other,False,de,de,1.0,Erstdruck nach e.nicht gefund. Aufz. von L'Hd,,,1683
4892,DE-611-HS-3616805,"AA III,4 N.295",LBr 79 Bl. 38-39,38-39,True,4,272,58,heavy_revision,other,False,de,de,0.9838,Abf.,"Bodenhausen,R.C. (KorrespDB) (GND)",Leibniz (GND),1690-12-12
4901,DE-611-HS-974056,"AA III,4 N.269",LBr 404 Bl. 11-12,11-12,True,4,180,36,light_revision,partial,False,de,de,0.9497,"Abf., eigh. Aufschr., Siegel, Bibl.verm.",Heyn (KorrespDB) (GND),Leibniz (GND),1690-08-10 (90-07-31)
4960,DE-611-HS-859703,"AA I,6 N.285",LBr 636 Bl. 53,53-53,True,2,30,16,light_revision,other,False,de,de,0.9833,Abf.,"Mencke,O. (KorrespDB) (GND)",Leibniz (GND),1691-05-19 (91-05-09)
4969,,"AA I,7 N.008",Hannover NLA Celle Br. 104b 110 Bl. 252.253,,False,0,0,0,unknown,other,False,de,de,0.9902,"Abf. (G.Chr.Otto, Erg.v.L'Hd)",Leibniz (GND),"Hugo,L. (KorrespDB) (GND)",1691-08-25
4995,DE-611-HS-958572,"AA III,4 N.204",LBr 501 Bl. 376-377,376-377,True,4,369,73,heavy_revision,other,False,de,de,0.9839,Konz.,"Crafft,J.D. (KorrespDB) (GND)Leibniz (GND)",Leopold I. (Kaiser) (KorrespDB) (GND),1688
5020,00068792,"AA I,7 N.060","LH 23, 2, 4 Bl. 1-2",1-2,True,4,474,28,heavy_revision,own,True,de,de,0.9948,Konz.; eigh.,Leibniz (GND),"Braunschweig-Lüneburg,Ernst August v. (KorrespDB) (GND)",1692-01
5021,00068792,"AA I,7 N.060","LH 23, 2, 4 Bl. 3-4",3-4,True,4,364,125,heavy_revision,own,True,de,de,0.9948,"verb.Reinschr.v.8365, eigh.",Leibniz (GND),"Braunschweig-Lüneburg,Ernst August v. (KorrespDB) (GND)",1692-01
5063,DE-611-HS-960085,"AA I,6 N.297","LBr 214 Bl. 25 (=6922, I,6 N.311)",25-25,True,2,56,11,heavy_revision,partial,False,mixed,de,0.5702,"Abf.; eigh. Aufschr., Siegel",Dransfeld (KorrespDB) (GND),Leibniz (GND),1691-06-16 (91-06-06)
5084,DE-611-HS-856294,"AA I,6 N.140",LBr 567 Bl. 13,13-13,True,2,60,6,light_revision,other,False,de,de,1.0,Abf.,Linsingen (KorrespDB) (GND),Leibniz (GND),1690-11-12
5105,DE-611-HS-3616805,"AA III,4 N.226",LBr 79 Beiheft 1 Bl. 11v°-12v°,11-11,True,2,220,0,light_revision,other,False,mixed,de,0.4557,Kommnet. Abschr. von 35538 & den interlinearen Leibniz-Bemerkgn,"Bodenhausen,R.C. (KorrespDB) (GND)",Leibniz (GND),1690-01-07
5115,DE-611-HS-859692,"AA III,4 N.277",LBr 634 Bl. 1.5.4,1-1,True,2,227,8,heavy_revision,other,False,de,de,0.9891,"Abf., PS:12,5x9,5cm; Bibl.verm.: ""Mellin"", ""Perlen weiß machen""",Melling (KorrespDB),Leibniz (GND),1690-10-01
5116,DE-611-HS-859692,"AA III,4 N.278",LBr 634 Bl. 3,3-3,True,2,87,2,heavy_revision,other,False,de,de,0.9798,Abf.,Melling (KorrespDB),Leibniz (GND),1690-10-01
5123,,"AA I,6 N.300",,,False,0,0,0,unknown,other,False,de,de,0.9605,Ausz. aus 11052,Mithoff (KorrespDB),"Schrader,Ch. (KorrespDB) (GND)Leibniz (GND)",1691-05-27 (91-05-17)
5136,DE-611-HS-856265,"AA I,6 N.254",LBr 562 Bl. 8-9,8-9,True,4,126,26,light_revision,partial,False,de,de,0.9115,"Abf., tlw. eigh.",Limbach (KorrespDB) (GND),Leibniz (GND),1691-04-15 (91-04-05)
5166,,"AA I,7 N.005","(Privatbesitz, v.Schrader, Meißendorf, Gut Sunder b.Winsen/Aller)",,False,0,0,0,unknown,own,True,de,de,0.9639,"Abf., eigh.",Leibniz (GND),"Hugo,L. (KorrespDB) (GND)",1691-08-20 (91-08-10)
5167,,"AA I,7 N.008","Ms 21, 1227 Bl. 45",,False,0,0,0,unknown,other,False,de,de,0.9902,Konz.,Leibniz (GND),"Hugo,L. (KorrespDB) (GND)",1691-08-25
5182,,"AA III,4 N.233",,,False,0,0,0,unknown,other,False,mixed,de,0.5556,Erstdruck,Leibniz (GND),Corradi (KorrespDB),1690-01-26
5199,DE-611-HS-856265,"AA I,6 N.227",LBr 562 Bl. 6-7,6-7,True,4,106,4,light_revision,other,False,de,de,0.9756,Abf.,Limbach (KorrespDB) (GND),Leibniz (GND),1691-03-22 (91-03-12)
5228,DE-611-HS-3618673,"AA I,7 N.125",LBrF 20 Bl. 1682-1684,,False,0,0,0,unknown,other,False,de,de,0.9194,Abf.,"Hessen-Rheinfels,Ernst v. (KorrespDB) (GND)",Leibniz (GND),1692-01-11
5242,DE-611-HS-855800,"AA I,6 N.033",LBr 546 Bl. 168-169,168-169,True,4,86,11,light_revision,other,False,de,de,1.0,Abf.,Leidenfrost (KorrespDB) (GND),Leibniz (GND),1691-05-21 (91-05-11)
5271,,"AA I,7 N.401","Ms 23, 181, 1, 1 Bl. 94-95",,False,0,0,0,unknown,other,False,de,de,0.9274,Konz.,Leibniz (GND),"Eyben,H.v. (KorrespDB) (GND)",1691-01-21
5271,,"AA I,6 N.180","Ms 23, 181, 1, 1 Bl. 94-95",,False,0,0,0,unknown,other,False,de,de,0.9274,Konz.,Leibniz (GND),"Eyben,H.v. (KorrespDB) (GND)",1691-01-21
5288,00068376,"AA I,7 N.125","LH 1, 15 Bl. 119-122",119-122,True,8,584,38,heavy_revision,other,False,de,de,0.9194,Abschr.v. K_2704 (Busch),"Hessen-Rheinfels,Ernst v. (KorrespDB) (GND)",Leibniz (GND),1692-01-11
5303,,"AA I,6 N.016",Hannover NLB Bibliotheksakten A6 Bl. 12-17 (1955 nicht auffindbar; fol. 12-17 jetzt GWLB LK-MOW Anton Ulrich 10 ???),,False,0,0,0,unknown,other,False,de,de,0.9932,Druck nach nicht auffindbarem Konz.,Leibniz (GND),"Wolfenbüttel,Anton Ulrich v. (KorrespDB) (GND)",1690-12
5307,DE-611-HS-3616805,"AA III,4 N.245",LBr 79 Bl. 18-19,18-19,True,4,364,0,heavy_revision,other,False,de,de,0.6613,Abf.,Leibniz (GND),"Bodenhausen,R.C. (KorrespDB) (GND)",1690-03-18
5329,DE-611-HS-92149,"AA I,6 N.251",LBr 604 Bl. 28,28-28,True,2,104,36,light_revision,other,False,de,de,0.9909,Abf.,Marci (KorrespDB) (GND),Leibniz (GND),1691-04-12 (91-04-02)
5442,DE-611-HS-958572,"AA III,4 N.204",LBr 501 Bl. 371-375,371-375,True,10,1511,92,heavy_revision,other,False,de,de,0.9839,"Konz., umgear. & wesentl. erweiterte Fassg von K1","Crafft,J.D. (KorrespDB) (GND)Leibniz (GND)",Leopold I. (Kaiser) (KorrespDB) (GND),1688
54566,00068264,"AA VI,3 N.035","LH 35, 3 B 15 Bl. 6r°unten (6=39269;39271;39272-73)",6-6,True,2,164,0,heavy_revision,other,False,mixed,de,0.5,"Konz., 14 Zeilen",,,1676-02-12
5469,00068549,"AA I,7 N.310","LH 41, 9 Bl. 99",99-99,True,2,155,11,heavy_revision,other,False,de,de,0.9689,"Konz. mit zahlr. Korr., Bibl.verm.: an Consbruch, 92 II 3",Leibniz (GND),Consbruch (KorrespDB) (GND),1692-02-03
5470,00068549,"AA I,7 N.310","LH 41, 9 Bl. 99",99-99,True,2,155,0,heavy_revision,other,False,de,de,0.9689,"Konz. mit zahlr. Korr., Bibl.verm.: an Consbruch, 92 II 3",Leibniz (GND),Consbruch (KorrespDB) (GND),1692-02-03
5492,00068808,"AA I,7 N.049","LH 23, 2, 17 Bl. 13-14",13-14,True,4,224,17,heavy_revision,own,True,de,de,0.9818,Konz.; eigh.,Leibniz (GND),"Grote,O. (KorrespDB) (GND)",1691-12
5531,DE-611-HS-960234,"AA I,6 N.313",LBr 248 Bl. 18,18-18,True,2,168,48,heavy_revision,other,False,de,de,0.9699,Konz.,Leibniz (GND),"Eyben,H.v. (KorrespDB) (GND)",1691-06-30 (91-03-20)
5537,DE-611-HS-859703,"AA I,7 N.231",LBr 636 Bl. 55-56,55-56,True,4,373,57,heavy_revision,own,True,de,de,0.9249,Konz.; eigh.,Leibniz (GND),"Mencke,O. (KorrespDB) (GND)",1691-11
5554,,"AA I,6 N.008",,,False,0,0,0,unknown,other,False,de,de,0.9881,MF,Leibniz (GND),Münchhausen (KorrespDB) (GND),1690-12-03 (90-11-23)
5555,DE-611-HS-860483,"AA I,6 N.008",LBr 674 Bl. 3,3-3,True,2,37,14,heavy_revision,other,False,de,de,0.9881,Konz.,Leibniz (GND),Münchhausen (KorrespDB) (GND),1690-12-03
5563,DE-611-HS-92149,"AA I,6 N.143",LBr 604 Bl. 22,22-22,True,2,31,2,light_revision,other,False,de,de,0.9474,Abf.,Marci (KorrespDB) (GND),Leibniz (GND),1690-11-18 (90-11-08)
5571,,"AA I,6 N.015",Hannover NLA Celle Br. 104b 110 Bl. 244-245,,False,0,0,0,unknown,other,False,de,de,0.9221,"Abf.; Siegel, Postverm.","Otto,G.Chr. (KorrespDB)",Leibniz (GND),1690-12-29 (90-12-19)
55742,00068433,"AA IV,3 N.102","LH 2, 7, 13 Bl. 8r°",8-8,True,2,244,27,heavy_revision,other,False,de,de,0.8568,"Konz. d.Relatio, mit Erg., die Sententia auf d.rechten freien Spalte",,,1679-12-21 (79-12-11)
55743,00068425,"AA IV,3 N.104","LH 2, 7, 5 Bl. 5-8",5-8,True,8,1096,12,heavy_revision,other,False,de,de,0.8772,Ausz. mit gelegegentl. Erg.,,,1680
55744,00068425,"AA IV,3 N.104","LH 2, 7, 5 Bl. 1-4",1-4,True,8,1154,121,heavy_revision,other,False,de,de,0.8772,Konz. mit zahlr. Korr. & Erg.,,,1680
55763,00068421,"AA IV,3 N.073","LH 2, 7, 1 Bl. 6v°",6-6,True,2,316,0,heavy_revision,other,False,de,de,0.9123,Konz. d.Urteils,,,1677
55764,00068421,"AA IV,3 N.073","LH 2, 7, 1 Bl. 6v°",6-6,True,2,316,0,heavy_revision,other,False,de,de,0.9123,Schema d.Rechtsfalles,,,1677
55765,00068437,"AA IV,3 N.084","LH 2, 7, 17 Bl. 7.14v° (=46994;46995;46996)",7-7,True,2,369,0,scrap,other,False,de,de,0.9706,Notiz,,,1677-12-21 (77-12-11)
55766,00068433,"AA IV,3 N.102","LH 2, 7, 13 Bl. 8v°",8-8,True,2,244,0,heavy_revision,other,False,de,de,0.8568,Konz. d.Gutachtens für d.Relatio mit zahlr. Streichgn& Erg.,,,1679-12-21 (79-12-11)
55768,00068823,"AA IV,3 N.026",LH 34 Bl. 12,12-12,True,2,48,12,heavy_revision,other,False,de,de,1.0,Konz.,,,1678
5588,DE-611-HS-960234,"AA I,6 N.246",LBr 248 Bl. 6.11.7-10,6-6,True,2,145,31,heavy_revision,other,False,de,de,0.9734,Konz.,Leibniz (GND),"Eyben,H.v. (KorrespDB) (GND)",1691-04-05 (91-03-26)
55882,00068407,"AA IV,3 N.054","LH 2, 5, 2 Bl. 34-35",34-35,True,4,382,55,heavy_revision,other,False,de,de,0.934,Konz. mit geringen Korr.,,,1680
5589,,"AA I,6 N.246",,,False,0,0,0,unknown,other,False,de,de,0.9734,MF,Leibniz (GND),"Eyben,H.v. (KorrespDB) (GND)",1691-04-05
5593,DE-611-HS-92149,"AA I,6 N.247",LBr 604 Bl. 46-47,46-47,True,4,352,41,heavy_revision,other,False,de,de,0.9951,Konz. mit zahlr. Streichgn & Erg.,Leibniz (GND),Marci (KorrespDB) (GND),1691-04-06 (91-03-27)
5594,,"AA I,6 N.247",,,False,0,0,0,unknown,other,False,de,de,0.9951,MF,Leibniz (GND),Marci (KorrespDB) (GND),1691-04-06 (91-03-27)
56144,00068823,"AA IV,3 N.135",LH 34 Bl. 178v°rechts oben (177-178=2085; 2088; 2087; 2086; 2084; 2083),178-178,True,2,208,0,heavy_revision,other,False,de,de,0.7399,Konz.,,,1679
56145,00068823,"AA IV,3 N.135",LH 34 Bl. 178v°links oben (177-178=2088;2082;2087;2086;2084;2083),178-178,True,2,208,17,heavy_revision,other,False,de,de,0.7399,Konz.,,,1679
56146,00068823,"AA IV,3 N.135",LH 34 Bl. 178v°unten links - unten rechts (177-178=2088;2082;2087;2086;2084;2083),178-178,True,2,208,0,heavy_revision,other,False,de,de,0.7399,Konz.,,,1679
56147,00068823,"AA IV,3 N.135",LH 34 Bl. 178v°rechts Mitte (=2085; 2088; 2082; 2086; 2084; 2083),178-178,True,2,208,0,heavy_revision,other,False,de,de,0.7399,Konz.,,,1679
56148,00068437,"AA IV,3 N.075","LH 2, 7, 17 Bl. 2v°.1r° (1-2=47006)",2-2,True,2,174,45,heavy_revision,other,False,de,de,0.865,Konz.,,,1677
5636,,"AA I,9 N.404",Hannover NLA Hann. 153 Acc. 2018/55 Nr. 32 Bl. 10 (alt: NLBBibliotheksakten A2 Bl. 218),,False,0,0,0,unknown,other,False,de,de,1.0,"Ausz.v.L'Hd.; Bl.218v°: Pour Monsieur le Conseiller Hertel. [L, wieder durchstr.]","Mencke,O. (KorrespDB) (GND)",Leibniz (GND),1693-11-08 (93-10-29)
5639,,"AA I,9 N.405",,,False,0,0,0,unknown,other,False,de,de,0.9758,Abf.,Leibniz (GND),Friese (KorrespDB) (GND),1693-11-09
5640,,"AA I,9 N.405",Kopenhagen KB NKS 2753 4° (alt: Böll. Ud 8),,False,0,0,0,unknown,other,False,de,de,0.9758,"Abschr. v.d.nicht gefundenen Abf., Schr. S.1oben links: P.",Leibniz (GND),Friese (KorrespDB) (GND),1693-11-09 (93-10-30)
56488,,"AA IV,3 N.066","Ms 12, 713l Bl. 24.26",,False,0,0,0,unknown,other,False,de,de,1.0,Konz. mit zahlr. Erg. & Streichgn,,,1681
56500,00068593,"AA VI,3 N.089","LH 4, 4, 4 Bl. 17-24",17-24,True,16,2337,188,heavy_revision,other,False,mixed,de,0.5455,Konz.,,,1676
56501,00068593,"AA VI,3 N.089","LH 4, 4, 4 Bl. 17-24",17-24,True,16,2337,0,heavy_revision,other,False,mixed,de,0.5455,Konz.,,,1676
56502,00068437,"AA IV,3 N.096","LH 2, 7, 17 Bl. 11 (=46988;46989)",11-11,True,2,149,13,scrap,other,False,de,de,0.9158,Notizen,,,1678
56503,00068433,"AA IV,3 N.098","LH 2, 7, 13 Bl. 6r°",6-6,True,2,241,15,heavy_revision,other,False,de,de,0.9259,Aktenausz. mit Korr.,,,1678-03
56504,00068427,"AA IV,3 N.099","LH 2, 7, 7 Bl. 1-4",1-4,True,8,1152,245,heavy_revision,partial,False,de,de,0.8891,"Konz., L eigh.",,,1678
56505,00068427,"AA IV,3 N.099","LH 2, 7, 7 Bl. 5-7r°",5-7,True,6,928,57,heavy_revision,other,False,de,de,0.8891,Aktenausz.,,,1678
56506,00068422,"AA IV,3 N.100","LH 2, 7, 2 Bl. 6-7 (=47072)",6-7,True,4,206,6,light_revision,other,False,de,de,0.9323,Konz. von Notanda,Leibniz (GND),"Hugo,L. (KorrespDB) (GND)",1678-07
56507,00068422,"AA IV,3 N.100","LH 2, 7, 2 Bl. 3-4",3-4,True,4,619,12,heavy_revision,other,False,de,de,0.9323,Aktenausz. aus Akten d. ersten Instanz,,,1678-07
56508,00068422,"AA IV,3 N.100","LH 2, 7, 2 Bl. 1.8",1-1,True,2,228,57,heavy_revision,other,False,de,de,0.9323,"Reinschr. von L2, Schr. mit vielen Korr. & Erg. von L (Lil)",,,1678-07
56509,00068422,"AA IV,3 N.100","LH 2, 7, 2 Bl. 2.5",2-2,True,2,294,45,heavy_revision,other,False,de,de,0.9323,Konz. d.Relation mit zahlr. Streichgn & Erg.,,,1678-07
56510,00068428,"AA IV,3 N.101","LH 2, 7, 8 Bl. 4-8",4-8,True,10,1366,194,heavy_revision,other,False,de,de,0.8949,Konz. d.Relation mit zahlr. Streichungen & Erg.,,,1678
56511,00068428,"AA IV,3 N.101","LH 2, 7, 8 Bl. 1-3",1-3,True,6,793,28,heavy_revision,own,True,de,de,0.8949,Konz.; eigh.,,,1678
56512,00068428,"AA IV,3 N.101","LH 2, 7, 8 Bl. 9-14",9-14,True,12,910,300,heavy_revision,other,False,de,de,0.8949,"Reinschr. von L2, Brandshagen, mit wenigen Korr. von L (Lil)",,,1678
5678,DE-611-HS-92149,"AA I,6 N.216",LBr 604 Bl. 48-49,48-49,True,4,150,0,light_revision,other,False,de,de,1.0,Abf.,Marci (KorrespDB) (GND),Leibniz (GND),1691-03-07 (91-02-25)
5679,,"AA III,4 N.252","Hannover NLA Cal.Br. 4, 98 Bl. 13-14",,False,0,0,0,unknown,other,False,de,de,1.0,Aufz.,,,1690-04
56805,00068431,"AA IV,3 N.076","LH 2, 7, 11 Bl. 3-5.7",3-5,True,6,813,196,heavy_revision,other,False,de,de,0.9076,"2.Konz., d.Votums mit zahlr. Erg.",,,1677
56806,00068431,"AA IV,3 N.076","LH 2, 7, 11 Bl. 6",6-6,True,2,37,18,light_revision,other,False,de,de,0.9076,2.Konz. d.Sententia,,,1677
56807,00068437,"AA IV,3 N.077","LH 2, 7, 17 Bl. 4r°",4-4,True,2,139,0,heavy_revision,other,False,de,de,0.9878,Aktenausz. d.ersten Untersuchg,,,1677
56808,00068437,"AA IV,3 N.077","LH 2, 7, 17 Bl. 4v°.5",4-4,True,2,139,30,heavy_revision,other,False,de,de,0.9878,Aktenausz. d.zweiten Unters.,,,1677
56809,00068529,"AA IV,2 N.026",LH 36 Bl. 115-118,115-118,True,8,622,87,heavy_revision,own,True,de,de,0.9985,Konz.; eigh.,,,1681
56810,00068780,"AA IV,2 N.027",LH 13 Bl. 1-2,1-2,True,4,492,81,heavy_revision,own,True,de,de,0.9984,"Flug-o.Ztschr., Konz., eigh.",,,1683-08
56813,00068425,"AA IV,3 N.104","LH 2, 7, 5 Bl. 9-10",9-10,True,4,314,86,heavy_revision,other,False,de,de,0.8772,"Reinschr. von L2, Schr., endet im §3",,,1680
56814,00068433,"AA IV,3 N.105","LH 2, 7, 13 Bl. 15",15-15,True,2,77,14,heavy_revision,other,False,de,de,1.0,Konz.,,,1685
56926,00068439,"AA IV,3 N.112","LH 2, 7, 18 Bl. 9r°",9-9,True,0,0,0,unknown,other,False,de,de,0.9793,"Konz., oben Papierverlust",,,1679-06
5693,,"AA I,6 N.025a","Ms 12, 713h Bl. 47v",,False,0,0,0,unknown,own,True,de,de,1.0,"Aufz.; eigh., Zettel 70x78cm, r°7 Zeilen + v°8 Z.",,,1690-02
5698,DE-611-HS-860443,"AA I,7 N.057",LBr 668 Bl. 1-2,1-2,True,4,271,24,heavy_revision,other,False,de,de,0.968,"Abf., Siegelrest, Postverm.:25.","Müller,J.U. (KorrespDB) (GND)",Leibniz (GND),1692-01-23 (92-01-13)
5700,DE-611-HS-859703,"AA I,7 N.299",LBr 636 Bl. 68,68-68,True,2,51,27,light_revision,partial,False,de,de,0.9843,"Abf.; eigh. Aufschr., Siegel, Postverm.:1gg.","Mencke,O. (KorrespDB) (GND)",Leibniz (GND),1692-01-25 (92-01-15)
57027,,"AA VI,3 N.089",Wien KKHB/Österr. Nationalbibl. Autograph VI. 98 Nr. 5 (vgl. Note),,False,0,0,0,unknown,other,False,mixed,de,0.5455,Konz.,,,1676
57055,,"AA VI,3 N.089",Wien KKHB/Österr. Nationalbibl. Autograph VI. 98 Nr. 5. (vgl. Note),,False,0,0,0,unknown,other,False,mixed,de,0.5455,Konz.,,,1676
57056,00068593,"AA VI,3 N.089","LH 4, 4, 4 Bl. 1-4",1-4,True,8,859,208,heavy_revision,other,False,mixed,de,0.5455,Konz.,,,1676
57137,00068593,"AA VI,3 N.089","LH 4, 4, 4 Bl. 1-4",1-4,True,8,859,0,heavy_revision,other,False,mixed,de,0.5455,Konz.,,,1676
57138,00068593,"AA VI,3 N.089","LH 4, 4, 4 Bl. 12-13",12-13,True,4,576,0,heavy_revision,other,False,mixed,de,0.5455,Konz.,,,1676
5714,DE-611-HS-958599,"AA I,6 N.029",LBr 195 Bl. 1-2,1-2,True,4,126,36,light_revision,partial,False,de,de,0.9194,"Abf.; eigh. Aufschr., Siegel, Postverm.: de Hannover 2g.",Dannenberg (KorrespDB),Leibniz (GND),1691-05-07 (91-04-27)
5721,DE-611-HS-3616805,"AA III,4 N.290",LBr 79 Beiheft 1 Bl. 12v°.13r°,12-12,True,2,116,1,heavy_revision,other,False,de,de,0.9298,Ausz. aus d.nicht gefund. Abf. von Bodenhausens Hd,Leibniz (GND),"Bodenhausen,R.C. (KorrespDB) (GND)",1690-11-17
57246,00068430,"AA IV,3 N.080","LH 2, 7, 10 Bl. 18-27",18-27,True,20,646,32,light_revision,other,False,de,de,0.9265,"Reinschr. von L1, Schr., mit Korr. von L (Lil1)",,,1677
57247,00068430,"AA IV,3 N.080","LH 2, 7, 10 Bl. 11-12",11-12,True,4,688,35,heavy_revision,other,False,de,de,0.9265,verworf. Konz. d.Relatio,,,1677
57273,00068753,"AA IV,3 N.042",LH 10 Bl. 64.63v° links (63-64=9722a; 9724a; 9724b; 9722b; 9722c),64-64,True,2,161,92,heavy_revision,other,False,de,de,0.9965,Konz.,,,1681
57274,00068753,"AA IV,3 N.042",LH 10 Bl. 63r° links (63-64=9722b;9724a;9724b;9723;9722c),63-63,True,2,239,0,heavy_revision,own,True,de,de,0.9965,Konz.; eigh.,,,1681
57275,00068753,"AA IV,3 N.042",LH 10 Bl. 63r° rechts (63-64=9722a;9724a;9724b;9723;9722c),63-63,True,2,239,0,heavy_revision,own,True,de,de,0.9965,Konz.; eigh.,,,1681
57276,00068753,"AA IV,3 N.042",LH 10 Bl. 63 r°unter L1(=9722a;9724a;9724b;9723;9722b),63-63,True,2,239,34,heavy_revision,own,True,de,de,0.9965,Konz.; eigh.,,,1681
57280,00068739,"AA IV,3 N.117","LH 5, 3, 1 Bl. 1-12.14-17",1-12,True,24,3970,214,heavy_revision,other,False,de,de,0.9984,Konz. mit zahlr. Streichgn & Erg.,,,1679
5730,DE-611-HS-3616805,"AA III,4 N.243",LBr 79 Bl. 32-33,32-33,True,4,354,0,heavy_revision,other,False,de,de,0.8333,Abf.,Leibniz (GND),"Bodenhausen,R.C. (KorrespDB) (GND)",1690-03-11
5731,DE-611-HS-3616805,"AA III,4 N.243",LBr 79 Beiheft 1 Bl. 13v°,13-13,True,2,273,0,heavy_revision,other,False,de,de,0.8333,"Ausz. aus 35368, Bodenh.",Leibniz (GND),"Bodenhausen,R.C. (KorrespDB) (GND)",1690-03-11
5732,DE-611-HS-3616805,"AA III,4 N.243",LBr 79 Beiheft 1 Bl. 13v°,13-13,True,2,273,0,heavy_revision,other,False,de,de,0.8333,"Ausz. aus 35368, Bodenh.",Leibniz (GND),"Bodenhausen,R.C. (KorrespDB) (GND)",1690-03-11
57334,00068431,"AA IV,3 N.076","LH 2, 7, 11 Bl. 8-11",8-11,True,8,333,236,heavy_revision,other,False,de,de,0.9076,"Reinschr. von L2, Schr., mit Korr. von L (Lil)",,,1677
57335,00068431,"AA IV,3 N.076","LH 2, 7, 11 Bl. 1-2",1-2,True,4,524,4,heavy_revision,other,False,de,de,0.9076,Konz. d.Votums mit zahlr. Streichgn & Erg. von L,,,1677
57338,,"AA IV,2 N.011","Ms 13, 762d 6 Bl. 39.37.40",,False,0,0,0,unknown,partial,False,de,de,0.9854,"verb. Konz., eigh.& L15",,,1678-10
57339,,"AA IV,2 N.011","Ms 13, 762d 6 Bl. 10-14",,False,0,0,0,unknown,own,True,de,de,0.9854,Konz.; eigh.,,,1678-10
57389,00068593,"AA VI,3 N.089","LH 4, 4, 4 Bl. 17-24",17-24,True,16,2337,0,heavy_revision,other,False,mixed,de,0.5455,Konz.,,,1676
57445,00068437,"AA IV,3 N.085","LH 2, 7, 17 Bl. 7.14v° (=46994;46995;46996)",7-7,True,2,369,0,scrap,other,False,de,de,0.9583,Notiz,,,1677-12-21 (77-12-11)
57499,00068430,"AA IV,3 N.079","LH 2, 7, 10 Bl. 15r° (14-15=47036)",15-15,True,2,100,0,heavy_revision,other,False,de,de,0.9268,Konz. d.Urteils,,,1677
57506,00068437,"AA IV,3 N.081","LH 2, 7, 17 Bl. 7r°.14 (=46993;46994;46996)",7-7,True,2,369,0,scrap,other,False,de,de,1.0,Notiz,,,1677-11
57507,00068437,"AA IV,3 N.083","LH 2, 7, 17 Bl. 7.14v° (=46994;46995;46996)",7-7,True,2,369,0,scrap,other,False,de,de,0.973,Notiz,,,1677-12-21 (77-12-11)
57508,00068423,"AA IV,3 N.092","LH 2, 7, 3 Bl. 1-2r°",1-2,True,4,518,0,heavy_revision,other,False,de,de,0.9572,Aktenausz.,,,1678
57509,00068437,"AA IV,3 N.087","LH 2, 7, 17 Bl. 7r° (7.14=46993;46994;46995)",7-7,True,2,369,0,heavy_revision,other,False,de,de,0.9778,Konz.,,,1677
57510,00068435,"AA IV,3 N.088","LH 2, 7, 15 Bl. 1",1-1,True,0,0,0,unknown,other,False,de,de,0.88,verb. Reinschr.,,,1677
57513,00068433,"AA IV,3 N.090","LH 2, 7, 13 Bl. 5",5-5,True,2,45,25,heavy_revision,other,False,de,de,0.9223,Konz.,,,1678
57515,00068423,"AA IV,3 N.092","LH 2, 7, 3 Bl. 6",6-6,True,2,161,36,heavy_revision,other,False,de,de,0.9572,"Extract von L2, L4",,,1678
57516,00068423,"AA IV,3 N.092","LH 2, 7, 3 Bl. 7-10",7-10,True,8,294,204,light_revision,other,False,de,de,0.9572,"Reinschr. von L2, Schr., mit Korr. von L (Lil)",,,1678
57517,00068437,"AA IV,3 N.092","LH 2, 7, 17 Bl. 3r° (3=47001;47002;47003)",3-3,True,2,129,13,heavy_revision,own,True,de,de,0.9572,Konz.; eigh.,,,1678
57519,00068423,"AA IV,3 N.092","LH 2, 7, 3 Bl. 5 (=47081)",5-5,True,2,47,0,scrap,other,False,de,de,0.9572,Notizen von L,,,1678
57520,00068437,"AA IV,3 N.093","LH 2, 7, 17 Bl. 3 (=47001;47003;47004)",3-3,True,2,129,0,heavy_revision,other,False,de,de,0.7634,Konz.,,,1678
57521,00068437,"AA IV,3 N.094","LH 2, 7, 17 Bl. 3r° (3=47001;47002;47004)",3-3,True,2,129,0,scrap,other,False,de,de,0.7195,Notizen,,,1678
57522,00068437,"AA IV,3 N.095","LH 2, 7, 17 Bl. 8",8-8,True,2,41,8,heavy_revision,other,False,de,de,0.9855,"Konz., Zettel 15,4x9,8cm",,,1678
5754,00068818,"AA I,7 N.067","LH 23, 7 Bl. 31-32 (=9849)",31-32,True,4,526,25,heavy_revision,own,True,de,de,0.9873,Konz.; eigh.,Leibniz (GND),Platen (KorrespDB) (GND),1692-02
57549,,"AA IV,3 N.064","Ms 23, 366 Bl. 1.3-17",,False,0,0,0,unknown,other,False,de,de,0.9987,Konz. mit zahlr. Streichgn & Erg.,,,1680-04
57550,,"AA IV,3 N.064","Ms 23, 366 Bl. 18-42",,False,0,0,0,unknown,other,False,de,de,0.9987,"Reinschr., Brandshagen mit einigen Ändergn von L'Hd",,,1680-04
57594,00068779,"AA IV,2 N.011","LH 12, 4 Bl. 121-124",121-124,True,8,261,188,light_revision,partial,False,de,de,0.9854,"Abschr. bzw. verb.Reinschr., L5 & eigh.",,,1678-10
57595,00068779,"AA IV,2 N.011","LH 12, 4 Bl. 121-124",121-124,True,8,261,0,light_revision,partial,False,de,de,0.9854,"Abschr. bzw. verb.Reinschr., L5 & eigh.",,,1678-10
57700,,"AA IV,2 N.011","Ms 13, 762d 6 Bl. 17-18",,False,0,0,0,unknown,own,True,de,de,0.9854,"Abschr. bzw. Konz., eigh.",,,1678-10
57701,,"AA IV,2 N.011","Hannover NLB 13, 555 (mit d.eigh. Bemerkg von L auf dem Titel: ""Auctor G.G.L""; angebunden an e.Expl. des Entretien de Philarete et d'Eugene)",,False,0,0,0,unknown,other,False,de,de,0.9854,Druck,,,1678-10
57714,00068443,"AA IV,3 N.004","LH 2, 8, 5 Bl. 15",15-15,True,2,61,5,heavy_revision,other,False,de,de,0.9865,"Konz., Zettel 15,7x13,8cm",,,1688
57730,00068335,"AA VI,4 N.451","LH 1, 5, 4 Bl. 11.15",11-11,True,2,100,34,heavy_revision,other,False,de,de,0.9795,Ausz.,,,1687-11-05
57751,00068443,"AA IV,3 N.008","LH 2, 8, 5 Bl. 1-6",1-6,True,12,1911,163,heavy_revision,other,False,de,de,0.9617,Konz. mit zahlr. Streichgn & Erg.,,,1688-10
57824,00068593,"AA VI,3 N.089","LH 4, 4, 4 Bl. 12-13",12-13,True,4,576,97,heavy_revision,other,False,mixed,de,0.5455,Konz.,,,1676
57825,00068593,"AA VI,3 N.089","LH 4, 4, 4 Bl. 16v° (15-16=K_10030)",16-16,True,2,140,61,light_revision,other,False,mixed,de,0.5455,Reinschr.,,,1676
57826,00068593,"AA VI,3 N.089","LH 4, 4, 4 Bl. 16v° (15-16=K_10030)",16-16,True,2,140,0,light_revision,other,False,mixed,de,0.5455,Reinschr.,,,1676
57827,00068593,"AA VI,3 N.089","LH 4, 4, 4 Bl. 16v° (15-16=K_10030)",16-16,True,2,140,0,light_revision,other,False,mixed,de,0.5455,Reinschr.,,,1676
57828,,"AA IV,2 N.011","Ms 13, 762d 6 Bl. 48-57",,False,0,0,0,unknown,partial,False,de,de,0.9854,"verb. Reinschr., L5a & eigh.",,,1678-10
5784,DE-611-HS-3616805,"AA III,4 N.275",LBr 79 Bl. 31,31-31,True,2,123,66,heavy_revision,other,False,de,de,0.7987,"Abf., Bemerkgn von L'Hd","Bodenhausen,R.C. (KorrespDB) (GND)",Leibniz (GND),1690-09-23
57845,00068593,"AA VI,3 N.089","LH 4, 4, 4 Bl. 1-4",1-4,True,8,859,0,heavy_revision,other,False,mixed,de,0.5455,Konz.,,,1676
57856,00068593,"AA VI,3 N.089","LH 4, 4, 4 Bl. 10-11",10-11,True,4,518,0,heavy_revision,other,False,mixed,de,0.5455,Konz.,,,1676
57857,00068593,"AA VI,3 N.089","LH 4, 4, 4 Bl. 10-11",10-11,True,4,518,0,heavy_revision,other,False,mixed,de,0.5455,Konz.,,,1676
57898,00068529,"AA IV,2 N.024",LH 36 Bl. 1-10,1-10,True,20,2426,294,heavy_revision,own,True,de,de,0.9951,Konz.; eigh.,,,1681
57899,00068529,"AA IV,2 N.025",LH 36 Bl. 13-14,13-14,True,4,506,46,heavy_revision,own,True,de,de,0.9971,"Konz. (Aufz.), eigh.",,,1681
57924,00068779,"AA IV,2 N.011","LH 12, 4 Bl. 121-124",121-124,True,8,261,0,light_revision,partial,False,de,de,0.9854,"Abschr. bzw. verb.Reinschr., L5 & eigh.",,,1678-10
57925,,"AA IV,2 N.011","Hannover NLB 13, 555 (mit d.eigh. Bemerkg von L auf dem Titel: ""Auctor G.G.L""; angebunden an e.Expl. des Entretien de Philarete et d'Eugene)",,False,0,0,0,unknown,other,False,de,de,0.9854,Druck,,,1678-10
57984,00068823,"AA IV,3 N.135",LH 34 Bl. 177 (177-178=2085; 2088; 2082; 2087; 2086; 2083),177-177,True,2,208,0,heavy_revision,other,False,de,de,0.7399,Konz.,,,1679
57985,00068823,"AA IV,3 N.136",LH 34 Bl. 169-172,169-172,True,8,1155,142,heavy_revision,other,False,de,de,0.9919,Konz. mit wenigen Korr. & Erg.,,,1679
57991,,"AA I,15 N.268","Berlin SB Nachlaß Francke,A.H. K 11, 2 / Mp. 11 (Fasz. C) Nr. 5 S. 15-19",,False,0,0,0,unknown,other,False,de,de,1.0,Konz.,"Jablonski,D.E. (KorrespDB) (GND)",Leibniz (GND),1698-03-15 (98-03-05)
57998,,"AA I,15 N.488","Berlin SB Nachlaß Francke,A.H. K 11, 2 / Mp. 11 (Fasz. C) Nr. 14 S. 43-48",,False,0,0,0,unknown,other,False,de,de,0.9722,Konz.,"Jablonski,D.E. (KorrespDB) (GND)",Leibniz (GND),1698-08-16 (98-08-06)
58003,DE-611-HS-856265,"AA I,16 N.473",LBr 562 Bl. 60-61,60-61,True,4,188,8,heavy_revision,other,False,de,de,0.9425,Abf.; Bibl.verm.,Limbach (KorrespDB) (GND),Leibniz (GND),1699-04
58004,,"AA I,16 N.474",Wolfenbüttel StA 2 Alt 3983 S. 19-20.25-26.21-24,,False,0,0,0,unknown,other,False,de,de,1.0,Abf. (für unbek. Empf.),Feller (KorrespDB) (GND),,1699
58007,,"AA I,16 N.274","Berlin SB Nachlaß Francke,A.H. K 11, 2 / Mp. 12 (Fasz. D) Nr. 1 S. 1-6",,False,0,0,0,unknown,other,False,de,de,0.9723,Konz.,"Jablonski,D.E. (KorrespDB) (GND)",Leibniz (GND),1699-01-11 (99-01-01)
58019,00068593,"AA VI,3 N.089","LH 4, 4, 4 Bl. 25-31",25-31,True,14,475,0,light_revision,other,False,mixed,de,0.5455,lückenhafte Abschr.,,,1676
58023,00068593,"AA VI,3 N.089","LH 4, 4, 4 Bl. 12-13",12-13,True,4,576,0,heavy_revision,other,False,mixed,de,0.5455,Konz.,,,1676
58080,00068659,"AA IV,3 N.139","LH 2, 6 Bl. 41-44",41-44,True,8,981,0,heavy_revision,other,False,de,de,1.0,Konz.,,,1680
58081,00068659,"AA IV,3 N.139","LH 2, 6 Bl. 43-44",43-44,True,4,420,27,heavy_revision,own,True,de,de,1.0,eigh.,,,1680
58082,00068401,"AA IV,3 N.139","LH 2, 3, 4 Bl. 57-60",57-60,True,8,331,105,light_revision,other,False,de,de,1.0,"Reinschr., Schr., ohne Korr. von L",,,1680
58132,00068437,"AA IV,3 N.071","LH 2, 7, 17 Bl. 9",9-9,True,2,140,0,scrap,other,False,de,de,0.9697,"Notizen, Nr.1 gestrichen",,,1677
58133,00068433,"AA IV,3 N.072","LH 2, 7, 13 Bl. 1-2",1-2,True,4,798,0,heavy_revision,other,False,de,de,0.8372,Konz. d.Relatio mit zahlr. Erg. & Bemerkgn,,,1677
58134,00068433,"AA IV,3 N.072","LH 2, 7, 13 Bl. 3-4",3-4,True,4,220,55,heavy_revision,other,False,de,de,0.8372,"Reinschr. von l3, Schr., mit einigen Korr. von L (Lil3)",,,1677
58135,00068421,"AA IV,3 N.073","LH 2, 7, 1 Bl. 7-10",7-10,True,8,724,294,heavy_revision,other,False,de,de,0.9123,"Reinschr. von L1, Schr., mit geringen Ändergn von L (Lil1)",,,1677
5819,,"AA I,8 N.292",Berlin SB Ms. lat. 2° 311 C Bl. 35v°unten.72r°,,False,0,0,0,unknown,other,False,de,de,0.9892,"Abschr., Murr",Leibniz (GND),Tentzel (KorrespDB) (GND),1692-10-27
5823,,"AA I,14 N.069",Hannover NLA Hann. 153 Acc. 2004/107 Nr. 1 (alt: NLB Bibliotheksakten A6 Bl. 162),,False,0,0,0,unknown,other,False,de,de,1.0,"Ausz., Schr., mit Nachschr. & Aufschr. von Schöps'Hd; Siegel","Wolfenbüttel,Rudolf August v. (KorrespDB) (GND)",Leibniz (GND)Schöps,1697-12-17 (97-12-07)
58248,00068539,"AA IV,3 N.028",LH 40 Bl. 20-23,20-23,True,8,816,117,heavy_revision,other,False,de,de,0.9741,Konz.,,,1680-05
58249,00068823,"AA IV,3 N.029",LH 34 Bl. 113-118,113-118,True,12,1326,209,heavy_revision,other,False,de,de,0.9968,Konz.,,,1680
58250,00068823,"AA IV,3 N.033",LH 34 Bl. 63-64,63-64,True,4,516,66,heavy_revision,other,False,de,de,0.9897,Konz. mit geringen Korr. & Erg.,,,1680
58251,00068394,"AA IV,3 N.037","LH 2, 2, 17 Bl. 2",2-2,True,2,75,49,heavy_revision,other,False,de,de,0.9571,Konz.,,,1684
58252,00068823,"AA IV,3 N.041",LH 34 Bl. 6,6-6,True,2,52,12,heavy_revision,other,False,de,de,0.9765,Konz. mit einigen Korr.,,,1680-07
58253,00068753,"AA IV,3 N.046",LH 10 Bl. 39-42,39-42,True,8,1043,177,heavy_revision,other,False,de,de,0.9983,"Konz. mit zahlr. Erg., Textverlust",,,1686
58255,00068753,"AA IV,3 N.048",LH 10 Bl. 35-38.36-37,35-38,True,8,1100,160,heavy_revision,other,False,de,de,0.9815,Konz. mit geringen Korr. & Erg.,,,1686
5827,DE-611-HS-866629,"AA I,6 N.129",LBr 418 Bl. 1-2,1-2,True,4,114,16,light_revision,partial,False,de,de,0.8987,Abf.; eigh. Aufschr.,Seiffart v.Hohenstein (KorrespDB),Leibniz (GND),1690-10-31 (90-10-21)
58292,00068429,"AA IV,3 N.079","LH 2, 7, 9 Bl. 10",10-10,True,2,26,15,heavy_revision,other,False,de,de,0.9268,Reinschr. von L4,,,1677
58293,00068430,"AA IV,3 N.080","LH 2, 7, 10 Bl. 1-4",1-4,True,8,1012,14,heavy_revision,other,False,de,de,0.9265,Konz. d.Aktenausz. mit Streichgn & Erg.,,,1677
58294,00068430,"AA IV,3 N.080","LH 2, 7, 10 Bl. 5-10",5-10,True,12,1984,0,heavy_revision,other,False,de,de,0.9265,Konz. d.Relatio cum voto mit zahlr. Korr.,,,1677
58295,00068430,"AA IV,3 N.080","LH 2, 7, 10 Bl. 32-45",32-45,True,28,834,620,light_revision,other,False,de,de,0.9265,"Reinschr. von L3, Brandshagen, mit einigen Korr. von L (Lil2)",,,1677
58296,00068430,"AA IV,3 N.080","LH 2, 7, 10 Bl. 28-31",28-31,True,8,472,103,heavy_revision,other,False,de,de,0.9265,"Reinschr. von L4, and.Schr. als l1 mit zahlr. Korr. von L (Lil3)",,,1677
58297,00068430,"AA IV,3 N.080","LH 2, 7, 10 Bl. 14-15 (=47045)",14-15,True,4,200,23,heavy_revision,other,False,de,de,0.9265,2.Konz. zum Urteil,,,1677
58314,00068264,"AA VI,3 N.035","LH 35, 3 B 15 Bl. 6r°unten (6=39269-71;39273)",6-6,True,2,164,0,heavy_revision,other,False,mixed,de,0.5,"Aufz., 2 Zeilen",,,1676-02-12
58315,00068407,"AA IV,3 N.051","LH 2, 5, 2 Bl. 7",7-7,True,2,293,14,heavy_revision,other,False,de,de,0.9812,Konz. mit wenig Korr.,,,1680
58316,00068407,"AA IV,3 N.052","LH 2, 5, 2 Bl. 6v°",6-6,True,2,292,0,scrap,other,False,de,de,0.9773,Notizen mit wechselndem Duktus,,,1680
58317,00068437,"AA IV,3 N.070","LH 2, 7, 17 Bl. 9",9-9,True,2,140,9,heavy_revision,other,False,de,de,0.9517,Konz. d.Relatio,,,1677
58318,00068437,"AA IV,3 N.069","LH 2, 7, 17 Bl. 9",9-9,True,2,140,0,heavy_revision,other,False,de,de,0.9621,Konz. d.Relatio,,,1677
58319,00068433,"AA IV,3 N.072","LH 2, 7, 13 Bl. 2r°",2-2,True,2,399,0,heavy_revision,other,False,de,de,0.8372,"1., verworf. Konz. d.Additiones, Papierverlust in Punkt 5.",,,1677
58320,00068433,"AA IV,3 N.072","LH 2, 7, 13 Bl. 2v°",2-2,True,2,399,68,heavy_revision,other,False,de,de,0.8372,"2.Konz. d.Additiones, Papierverlust in Punkt 7.",,,1677
58321,00068421,"AA IV,3 N.073","LH 2, 7, 1 Bl. 3-6",3-6,True,8,1304,187,heavy_revision,other,False,de,de,0.9123,Konz. d.Relation mit zahlr. Streichgn & Erg.,,,1677
58325,00068421,"AA IV,3 N.073","LH 2, 7, 1 Bl. 13",13-13,True,2,53,9,scrap,other,False,de,de,0.9123,Notiz von L,,,1677
58327,00068421,"AA IV,3 N.073","LH 2, 7, 1 Bl. 14-15",14-15,True,4,264,95,heavy_revision,other,False,de,de,0.9123,"Reinschr. von L2, and.Schr.",,,1677
58328,00068421,"AA IV,3 N.073","LH 2, 7, 1 Bl. 11-12",11-12,True,4,334,103,heavy_revision,other,False,de,de,0.9123,Extrakt d.Relation mit einigen Korr.,,,1677
58329,00068264,"AA VI,3 N.035","LH 35, 3 B 15 Bl. 6r°unten (6=39269-71;39273)",6-6,True,2,164,0,heavy_revision,other,False,mixed,de,0.5,"Aufz., 2 Zeilen",,,1676-02
58330,00068264,"AA VI,3 N.035","LH 35, 3 B 15 Bl. 6r°unten (=39269-71;39273)",6-6,True,2,164,0,heavy_revision,other,False,mixed,de,0.5,"Aufz., 2 Zeilen",,,1676-02-12
5834,DE-611-HS-957463,"AA I,10 N.166",LBr 46 Bl. 17-18,17-18,True,4,342,21,heavy_revision,partial,False,de,de,0.9659,"Abf.; eigh. Aufschr., Siegel, Bibl.verm.; Rand beschädigt","Behrens,C.B. (KorrespDB) (GND)",Leibniz (GND),1694-03-01 (94-02-19)
58377,00068437,"AA IV,3 N.074","LH 2, 7, 17 Bl. 2v°.1r° (1-2=47005)",2-2,True,2,174,0,heavy_revision,other,False,de,de,0.9664,Konz. mit Streichgn & Erg.,,,1677
58381,00068823,"AA IV,3 N.134",LH 34 Bl. 175-176 (Forts.v.Bl.169/172),175-176,True,4,532,68,heavy_revision,other,False,de,de,0.9928,Konz. mit Korr.,,,1679
58382,00068437,"AA IV,3 N.078","LH 2, 7, 17 Bl. 10",10-10,True,2,103,11,heavy_revision,other,False,de,de,0.9948,Konz.,,,1677
58383,00068429,"AA IV,3 N.079","LH 2, 7, 9 Bl. 1-4r°",1-4,True,8,1198,229,heavy_revision,other,False,de,de,0.9268,Konz. d.Exctractus Actorum mit geringen Korr. & einigen Erg.,,,1677
58384,00068429,"AA IV,3 N.079","LH 2, 7, 9 Bl. 12-21",12-21,True,20,569,426,light_revision,other,False,de,de,0.9268,"Reinschr. von L1, Brandshagen",,,1677
58389,00068429,"AA IV,3 N.079","LH 2, 7, 9 Bl. 5-8",5-8,True,8,1184,163,heavy_revision,other,False,de,de,0.9268,Konz. d.Relatio cum voto mit zahlr. Streichgn & Erg.,,,1677
58390,00068429,"AA IV,3 N.079","LH 2, 7, 9 Bl. 24-29",24-29,True,12,497,353,light_revision,other,False,de,de,0.9268,"Reinschr. von L2, Brandshagen, mit Korr. & Erg. von L (Lil2)",,,1677
58391,00068429,"AA IV,3 N.079","LH 2, 7, 9 Bl. 4v° (=47041)",4-4,True,2,315,0,heavy_revision,other,False,de,de,0.9268,Extract d.Relatio mit starken Korr.,,,1677
58392,00068429,"AA IV,3 N.079","LH 2, 7, 9 Bl. 22-23",22-23,True,4,94,57,light_revision,other,False,de,de,0.9268,"Reinschr. von L3, and.Schr. mit Korr. von L (Lil3)",,,1677
58395,00068539,"AA IV,3 N.028",LH 40 Bl. 20-23,20-23,True,8,816,0,heavy_revision,other,False,de,de,0.9741,Konz.,,,1680-05
58412,00068739,"AA IV,3 N.117","LH 5, 3, 1 Bl. 13",13-13,True,2,33,18,light_revision,other,False,de,de,0.9984,"Teilabschr, Schr. (=Bl.12 von L'Konz.)",,,1679
58653,,"AA I,15 N.087","Hannover NLA Hann. 93, 483 Bl. 227-228",,False,0,0,0,unknown,other,False,de,de,0.991,"Abschr. d.nicht gefund. Abf., Kanzleihd",Leibniz (GND),Reiche (KorrespDB) (GND)Oberg,1698-07-25
58654,,"AA I,15 N.167a","Ms 23, 814 Bl. 55",,False,0,0,0,unknown,other,False,de,de,0.9916,"Konz., stark beschädigt",Leibniz (GND),Zunner (KorrespDB) (GND),1698-01-26 (98-01-16)
58663,00068264,"AA VI,3 N.035","LH 35, 3 B 15 Bl. 6r°unten (6=39269;39271;39272-73)",6-6,True,2,164,8,heavy_revision,other,False,mixed,de,0.5,"Konz., 14 Zeilen",,,1676-02-12
58664,00068593,"AA VI,3 N.089","LH 4, 4, 4 Bl. 15r°/v°-16r° (16v°=K_10032)",15-15,True,2,140,78,light_revision,other,False,mixed,de,0.5455,Reinschr.,,,1676
58675,00068593,"AA VI,3 N.089","LH 4, 4, 4 Bl. 15r°/v°-16r° (16v°=K_10032)",15-15,True,2,140,0,light_revision,other,False,mixed,de,0.5455,Reinschr.,,,1676
58676,00068593,"AA VI,3 N.089","LH 4, 4, 4 Bl. 10-11",10-11,True,4,518,107,heavy_revision,other,False,mixed,de,0.5455,Konz.,,,1676
58682,,"AA IV,2 N.011","Ms 13, 762d 6 Bl. 19-30",,False,0,0,0,unknown,partial,False,de,de,0.9854,"verb. Reinschr., L5a & eigh.",,,1678-10
58683,,"AA IV,2 N.011","Ms 13, 762d 6 Bl. 19-30",,False,0,0,0,unknown,partial,False,de,de,0.9854,"verb. Reinschr., L5a & eigh.",,,1678-10
58684,,"AA IV,2 N.011","Ms 13, 762d 6 Bl. 64.58-63",,False,0,0,0,unknown,partial,False,de,de,0.9854,"Abschr. bzw. verb. Reinschr., L15 & eigh.",,,1678-10
58685,,"AA IV,2 N.011","Ms 13, 762d 6 Bl. 44-45",,False,0,0,0,unknown,partial,False,de,de,0.9854,"Abschr. bzw. verb.Reinschr., L15 & eigh.",,,1678-10
58704,,"AA VI,4 N.453",,,False,0,0,0,unknown,none,False,de,de,1.0,,,,1716
5872,DE-611-HS-973585,"AA I,8 N.010",LBr 398 Bl. 63-64,63-64,True,4,252,4,light_revision,partial,False,de,de,0.6923,Abf.; eigh. Aufschr.,Hertel (KorrespDB) (GND),Leibniz (GND),1692-07-02 (92-06-22)
58720,00068423,"AA IV,3 N.092","LH 2, 7, 3 Bl. 2r°-4r°",2-2,True,2,259,33,heavy_revision,other,False,de,de,0.9572,Konz.,,,1678
58721,00068427,"AA IV,3 N.099","LH 2, 7, 7 Bl. 7v°-8",7-7,True,2,287,0,heavy_revision,other,False,de,de,0.8891,Konz. d.Referats über Acio seu Conventio & zu den Vota mit Streichgn & Erg.,,,1678
58729,,"AA VI,4 N.485",Hannover NLB Leibn. Marg. 120,,False,0,0,0,unknown,own,True,de,de,0.9381,"Marg., eigh.",,,1687
5873,00068809,"AA I,8 N.011","LH 23, 2, 18 Bl. 5-6 (=8426)",5-6,True,4,403,0,heavy_revision,other,False,de,de,0.9633,Konz.; Bibl.verm.,Leibniz (GND),"Grote,O. (KorrespDB) (GND)",1692-07
58735,00068400,"AA VI,4 N.516","LH 2, 3, 3 Bl. 12",12-12,True,2,66,14,heavy_revision,other,False,de,de,0.8696,"Ausz., 9,5x12cm",,,1688
58736,00068400,"AA VI,4 N.516","LH 2, 3, 3 Bl. 20",20-20,True,2,53,4,heavy_revision,other,False,de,de,0.8696,"Ausz., 9,5x9cm",,,1688
58749,DE-611-HS-974424,"AA I,7 N.005",LBr 429 Bl. 59v°,59-59,True,2,153,13,light_revision,other,False,de,de,0.9639,"Teilkonz., 5 Zeilen",Leibniz (GND),"Hugo,L. (KorrespDB) (GND)",1691-08-20 (91-08-10)
58759,00068437,"AA IV,3 N.091","LH 2, 7, 17 Bl. 7v°",7-7,True,2,369,1,scrap,other,False,de,de,0.9733,Notizen,,,1678
58760,00068742,"AA IV,3 N.123","LH 5, 3, 4 Bl. 2",2-2,True,2,45,3,heavy_revision,other,False,de,de,1.0,"Reischr., verkürzt nach nicht gefund. Konz.",,,1680
58761,00068430,"AA IV,3 N.080","LH 2, 7, 10 Bl. 10",10-10,True,2,334,27,heavy_revision,other,False,de,de,0.9265,Konz. d.Extrakts aus d.Relatio cum voto mit 1.Urteilskonz.,,,1677
58767,,"AA IV,1 N.029","Wiesentheid Gräfl. Schönbornsches Archiv Fasz. Akten zur allg. Politik des Kurf. Johann Philipp von Mainz, 1669, I Bl.122-123",,False,0,0,0,unknown,other,False,de,de,0.934,Schema von Boineburg,,,1669-12
58768,00068769,"AA IV,1 N.029","LH 11, 4 Bl. 83",83-83,True,2,62,12,light_revision,other,False,de,de,0.934,"Abschr. von B, Zettel",,,1669-12
58769,00068769,"AA IV,1 N.029","LH 11, 4 Bl. 83",83-83,True,2,62,0,light_revision,partial,False,de,de,0.934,Aufz. nach Boineburg (?) mit wenigen eigh. Korr.,,,1669-12
58770,DE-611-HS-970451,"AA IV,1 N.029",LBr 347 Bl. 1,1-1,True,2,177,4,heavy_revision,other,False,de,de,0.934,Teilkonz.,,,1669-12
58771,00068768,"AA IV,1 N.029","LH 11, 3 Bl. 313",313-313,True,2,80,16,heavy_revision,partial,False,de,de,0.934,Konz. mit wenigen eigh. Korr.,,,1669-12
58772,,"AA IV,1 N.030",,,False,0,0,0,unknown,other,False,de,de,0.9194,Erstdr. nach nicht gefund. Konz. oder Reinschr.,,,1670
58810,00068593,"AA VI,3 N.089","LH 4, 4, 4 Bl. 25-31",25-31,True,14,475,0,light_revision,other,False,mixed,de,0.5455,lückenhafte Abschr.,,,1676
58811,00068593,"AA VI,3 N.089","LH 4, 4, 4 Bl. 25-31",25-31,True,14,475,337,light_revision,other,False,mixed,de,0.5455,lückenhafte Abschr.,,,1676
58812,00068593,"AA VI,3 N.089","LH 4, 4, 4 Bl. 14",14-14,True,2,43,0,heavy_revision,other,False,mixed,de,0.5455,Konz.,,,1676
58813,00068593,"AA VI,3 N.089","LH 4, 4, 4 Bl. 14",14-14,True,2,43,0,heavy_revision,other,False,mixed,de,0.5455,Konz.,,,1676
58814,00068593,"AA VI,3 N.089","LH 4, 4, 4 Bl. 14",14-14,True,2,43,0,heavy_revision,other,False,mixed,de,0.5455,Konz.,,,1676
58815,00068593,"AA VI,3 N.089","LH 4, 4, 4 Bl. 15r°/v°-16r° (16v°=K_10032)",15-15,True,2,140,0,light_revision,other,False,mixed,de,0.5455,Reinschr.,,,1676
58869,,"AA I,11 N.001",Hannover NLA Hann. 153 Acc. 2004/107 Nr. 5 Bl. (alt: NLB Bibliotheksakten A7 Bl. 110,,False,0,0,0,unknown,other,False,de,de,1.0,Konz.,"Leibniz (GND)Müller,H.J.","Wolfenbüttel,Anton Ulrich v. (KorrespDB) (GND)Wolfenbüttel,Rudolf August v. (KorrespDB) (GND)",1692-01
58944,,"AA I,12 N.010",,,False,0,0,0,unknown,partial,False,de,de,1.0,"Abf., Schr., mit Ändergn & Schlußsatz eigh. von L",Leibniz (GND),Hannover (Geh.Räte) (KorrespDB),1695-11
58960,00068773,"AA I,10 N.021","LH 12, 1, 2 Bl. 88v° (87-88=8643;8644)",88-88,True,2,256,1,heavy_revision,other,False,de,de,1.0,verworf. Abf.,Leibniz (GND),Cordemann (KorrespDB),1694-04
5899,DE-611-HS-973585,"AA I,8 N.062",LBr 398 Bl. 7,7-7,True,2,25,0,light_revision,partial,False,de,de,1.0,Abf.; eigh. Aufschr.,Hertel (KorrespDB) (GND),Leibniz (GND),1692-10
59030,DE-611-HS-973564,"AA I,14 N.204",LBr 391 Bl. 1,1-1,True,2,43,5,light_revision,other,False,de,de,0.9688,Konz.,Hennenberg (KorrespDB) (GND),Leibniz (GND),1697-07-20 (97-07-10)
59031,DE-611-HS-973564,"AA I,14 N.205",LBr 391 Bl. 60,60-60,True,2,61,11,heavy_revision,other,False,de,de,1.0,Konz. mit geringfüg. Ändergn,Leibniz (GND),Hennenberg (KorrespDB) (GND),1697-07-20 (97-07-10)
59045,DE-611-HS-856297,"AA I,14 N.199",LBr 569 Bl. 11,11-11,True,2,42,6,light_revision,partial,False,de,de,0.9744,"Abf., eigh. Aufschr., schwarzes Siegel, am Rande ausgerissen; quer",Lipper (KorrespDB) (GND),Leibniz (GND),1697-07-17 (97-07-07)
59048,,"AA I,14 N.013","Gotha FB B 670, 14",,False,0,0,0,unknown,other,False,de,de,1.0,Abf.; Bibl.verm.,Leibniz (GND),"Reinerding,J.Th. (KorrespDB) (GND)",1697-07-12 (97-07-02)
5905,DE-611-HS-974429,"AA I,10 N.113",LBr 431 Bl. 1,1-1,True,2,53,23,heavy_revision,other,False,de,de,1.0,Abf.,Huldeberg (KorrespDB) (GND),Leibniz (GND),1694-01-09 (93-12-30)
5914,00068538,"AA I,10 N.395",LH 39 Bl. 31-32,31-32,True,4,410,0,heavy_revision,other,False,de,de,0.9848,Konz. mit Korr. & Erg.,Leibniz (GND),(Monatliche Unterredungen),1694-10-12
59153,00068550,"AA VI,4 N.472","LH 41, 10 Bl. 22",22-22,True,2,67,38,light_revision,own,True,de,de,0.9691,"Konz.; eigh.; Streifen 5,5 x 16,5 cm",,,1677
5918,,"AA I,6 N.056","Wolfenbüttel HAB Cod. Guelf. Leibn. 1, 1 Bl. 1-2",,False,0,0,0,unknown,other,False,de,de,1.0,Abf.,Leibniz (GND),Hertel (KorrespDB) (GND),1691-07-19 (91-07-09)
59182,00068335,"AA VI,4 N.451","LH 1, 5, 4 Bl. 2-4",2-4,True,6,680,158,heavy_revision,other,False,de,de,0.9795,Ausz.,,,1687-11-05
59195,00068774,"AA IV,1 N.007","LH 12, 2 Bl. 88-108",88-108,True,42,5317,858,heavy_revision,other,False,de,de,0.9824,Konz.A mit zahlr. Korr. & Erg. von L' & Boineburgs Hd,,,1670-11-21
59196,00068774,"AA IV,1 N.008","LH 12, 2 Bl. 1-2",1-2,True,4,317,49,scrap,partial,False,de,de,0.9688,Konz. mit einigen Korr. von L' & Boineburgs Hd. (eigh. Notiz von L s.Note!),,,1670-08-06
59197,00068774,"AA IV,1 N.009","LH 12, 2 Bl. 145-146",145-146,True,4,350,97,heavy_revision,partial,False,de,de,0.8936,Konz. mit wenigen eigh. Korr.,,,1670-11-21
59202,,"AA IV,1 N.007",,,False,0,0,0,unknown,other,False,de,de,0.9824,"Reinschr. mit einigen Zusätzen von Boineburg oder L, nicht gefunden",,,1670-11-21
59234,00068541,"AA III,4 N.051","LH 41, 2 Bl. 16r°",16-16,True,2,249,0,heavy_revision,other,False,de,de,0.75,"Ausz.aus d.nicht gefund. Abf., 2 Zeilen",Elers (KorrespDB) (GND),Leibniz (GND),1684-03-21 (84-03-11)
59235,,"AA III,4 N.053","Hannover NLA Cal.Br. 4, 82 Bl. 817",,False,0,0,0,unknown,other,False,de,de,1.0,"Abf., 16,5x10,5cm",Linsen (KorrespDB),Leibniz (GND),1684-04
59237,,"AA III,4 N.196","Neues Hannöversches Magazin 17 (1807), Sp. 1211-1212",,False,0,0,0,unknown,other,False,de,de,1.0,Erstdruck nach e.nicht gefund. Aufz. von L'Hd,,,1683
59238,DE-611-HS-3616805,"AA III,4 N.228",LBr 79 Beiheft 5 Bl. 4r°,4-4,True,2,245,26,light_revision,other,False,mixed,de,0.5618,"Abf., mit erg. Bemerkg von Bodenhausen",Leibniz (GND),"Bodenhausen,R.C. (KorrespDB) (GND)",1690-01-13
59239,DE-611-HS-3616805,"AA III,4 N.228",LBr 79 Beiheft 1 Bl. 12,12-12,True,2,116,0,heavy_revision,other,False,mixed,de,0.5618,Abschr. von Bodenhausens Hd,Leibniz (GND),"Bodenhausen,R.C. (KorrespDB) (GND)",1690-01-13
59240,DE-611-HS-3616805,"AA III,4 N.242",LBr 79 Bl. 11v°,11-11,True,2,220,0,light_revision,other,False,de,de,0.7043,Teilkonz.,Leibniz (GND),"Bodenhausen,R.C. (KorrespDB) (GND)",1690-03-04
59241,DE-611-HS-3616805,"AA III,4 N.243",LBr 79 Bl. 15,15-15,True,2,302,0,heavy_revision,other,False,de,de,0.8333,Teilkonz.,Leibniz (GND),"Bodenhausen,R.C. (KorrespDB) (GND)",1690-03-11
59242,00068193,"AA III,4 N.245","LH 35, 11, 18C Bl. 1.27",1-1,True,2,50,35,light_revision,other,False,de,de,0.6613,"2 Teilabschr. von L, von Bodenhausens Hd",Leibniz (GND),"Bodenhausen,R.C. (KorrespDB) (GND)",1690-03-18
59243,DE-611-HS-3616805,"AA III,4 N.272",LBr 79 Bl. 25r°,25-25,True,2,248,16,heavy_revision,other,False,de,de,0.6628,Teilkonz.,"Bodenhausen,R.C. (KorrespDB) (GND)",Leibniz (GND),1690-07-29
59244,DE-611-HS-3616805,"AA III,4 N.285",LBr 79 Bl. 26r°,26-26,True,2,259,18,scrap,other,False,de,de,0.907,Antwortnotiz auf d.Rand,Leibniz (GND),"Bodenhausen,R.C. (KorrespDB) (GND)",1690-11-05 (90-10-26)
59255,,"AA IV,1 N.007",Wiesentheid Gräfl. Schönbornsches Archiv Fasz. Leibniz Bl. 124-158,,False,0,0,0,unknown,other,False,de,de,0.9824,Abf. nach l2 von unbek. Schr.Hd,,,1670-11-21
59256,00068774,"AA IV,1 N.007","LH 12, 2 Bl. 109-144",109-144,True,72,3737,1527,light_revision,other,False,de,de,0.9824,Abschr. von L1 von Barings Hd mit Korr. von Gruber,,,1670-11-21
59257,00068604,"AA IV,1 N.009","LH 4, 4, 13c Bl. 25",25-25,True,2,69,8,heavy_revision,other,False,de,de,0.8936,"Konz., 20 Zeilen, 10x20cm",,,1668
59270,00068781,"AA IV,1 N.002",LH 15 Bl. 1-4 (falsch),1-4,True,8,496,0,heavy_revision,other,False,de,de,0.9206,"Erstdr. in frz. Übers., wohl nach nicht gefund. Abf.",,,1669-05
59276,00068774,"AA IV,1 N.005","LH 12, 2 Bl. 3-25",3-25,True,46,6137,681,heavy_revision,partial,False,de,de,0.924,Konz. mit zahlr. eigh. Korr. & Erg.,,,1670-08-06
59277,00068774,"AA IV,1 N.005","LH 12, 2 Bl. 26-31.32-49 LH 12, 5, 3 Bl.10-11",26-31,True,12,1296,223,heavy_revision,other,False,de,de,0.924,Reinschr. von L1 mit Korr. von L' & Boineburgs Hd,,,1670-08-06
59278,,"AA IV,1 N.009","LH 12, 5, 4 Bl. 12",12-12,False,0,0,0,unknown,other,False,de,de,0.8936,Aufz.,,,1670-11-21
59279,,"AA IV,1 N.005",,,False,0,0,0,unknown,other,False,de,de,0.924,"Abschr. von L1 & Lil für J.Lincker, nicht gefunden",,,1670-08-06
59280,,"AA IV,1 N.005","Wien HHStA Österr. Geh. Statsregistratur, Karton 30 (alt: Fasz. 26 Nr 65)",,False,0,0,0,unknown,other,False,de,de,0.924,Abschr. von A1,,,1670-08-06
59281,,"AA IV,1 N.005","LH 12, 5, 3 Bl. 12-13",12-13,False,0,0,0,unknown,other,False,de,de,0.924,Reinschr. von L1 & e.Teil v.Lil1 von unbek. Schr.Hd mit wenigen Korr. von L'Hd,,,1670-08-06
59282,,"AA IV,1 N.005",,,False,0,0,0,unknown,other,False,de,de,0.924,"Abschr. von L2 & BiL2, wohl mit weiteren Ändergn wohl von Boineburg, nicht gefund.",,,1670-08-06
59283,,"AA IV,1 N.005",Wiesentheid Gräfl. Schönbornsches Archiv Fasz. Leibniz Bl. 94-123,,False,0,0,0,unknown,other,False,de,de,0.924,Abf. nach l1 von unbek. Schr.Hd (1.Hälfte von Bl.94 verloren),,,1670-08-06
59284,00068774,"AA IV,1 N.005","LH 12, 2 Bl. 50-87",50-87,True,76,4112,1630,light_revision,other,False,de,de,0.924,"Abschr. von L2, Baring mit Korr. von Gruber",,,1670-08-06
59368,00068604,"AA VI,4 N.456","LH 4, 4, 13c Bl. 19",19-19,True,2,97,9,light_revision,other,False,de,de,1.0,"Aufz., 9,5x4,5cm",,,1716
59449,,"AA IV,1 N.005","LH 12, 5, 3 Bl. 10-11",10-11,False,0,0,0,unknown,other,False,de,de,0.924,Reinschr. von unbek. Schr. von nicht gefund. Konz.,,,1670-08-06
59523,00068325,"AA VI,1 N.020","LH 1, 4, 2 Bl. ?",,False,0,0,0,unknown,other,False,de,de,0.8255,Konz.,,,1670
5965,DE-611-HS-3616805,"AA III,4 N.241",LBr 79 Bl. 14-15,14-15,True,4,517,0,heavy_revision,partial,False,de,de,0.9475,"Abf., eigh. Aufschr., Siegel","Bodenhausen,R.C. (KorrespDB) (GND)",Leibniz (GND),1690-03-04
59731,00068781,"AA IV,1 N.002",LH 15 Bl. 1-4,1-4,True,8,496,160,heavy_revision,partial,False,de,de,0.9206,"Abschr.B von nicht gefund. Konz., eigh. Korr.",,,1669-05
59734,00068742,"AA IV,1 N.042","LH 5, 3, 4 Bl. 3",3-3,True,2,49,2,heavy_revision,partial,False,de,de,1.0,Niederschr. aus d.Gedächtnis mit wenigen eigh. Korr.,,,1667
59735,00068539,"AA IV,1 N.043",LH 40 Bl. 1-4,1-4,True,8,1212,254,heavy_revision,partial,False,de,de,0.9765,Konz. mit zahlr. eigh. Korr.,,,1671
59736,00068539,"AA IV,1 N.043",LH 40 Bl. 5-6,5-6,True,4,204,57,heavy_revision,other,False,de,de,0.9765,Reinschr. d.§§ 25 & teilw. 24,,,1671
59737,00068539,"AA IV,1 N.043",LH 40 Bl. 7v°-9r°,7-7,True,2,261,90,heavy_revision,partial,False,de,de,0.9765,2.Konz. zu §24 mit wenigen eigh. Korr.,,,1671
59738,00068782,"AA IV,1 N.044",LH 19 Bl. 60-67,60-67,True,16,1578,254,heavy_revision,partial,False,de,de,0.9885,Konz. mit eigh. Korr. & Erg.,,,1671
59742,00068823,"AA IV,1 N.047",LH 34 Bl. 228r°.229v°,228-228,True,2,363,34,heavy_revision,partial,False,de,de,0.9866,Konz. mit wenigen eigh. Korr.,,,1671
59743,00068782,"AA IV,1 N.048",LH 19 Bl. 68,68-68,True,2,58,15,heavy_revision,partial,False,de,de,0.9806,Konz. mit wenigen eigh. Korr.,,,1671
59752,00068823,"AA IV,3 N.135",LH 34 Bl. 177r°oben (177-178=2085; 2088; 2082; 2087; 2084; 2083),177-177,True,2,208,0,heavy_revision,other,False,de,de,0.7399,Konz.,,,1679
60026,,"AA III,3 N.016",,,False,0,0,0,unknown,none,False,de,de,1.0,,Leibniz (GND),Pratisius (KorrespDB) (GND),1680-01
60028,DE-611-HS-958572,"AA III,3 N.027",LBr 501 Bl. 87,87-87,True,2,187,7,heavy_revision,other,False,de,de,0.97,Konz.,Leibniz (GND),Adolphi (KorrespDB),1680-02
60034,00068195,"AA III,3 N.042","LH 35, 12, 2 Bl. 54",54-54,True,2,83,2,heavy_revision,other,False,de,de,0.6711,"Aufz., 9,5x8cm",,,1680
60037,00068011,"AA III,3 N.046","LH 35, 4, 14 Bl. 3-4",3-4,True,4,524,7,heavy_revision,other,False,mixed,de,0.6444,"Abf., Bemerkgn von L'H",Ferguson (KorrespDB) (GND),Leibniz (GND),1680
60040,00068541,"AA III,3 N.065","LH 41, 2 Bl. 12r°",12-12,True,2,201,0,heavy_revision,other,False,de,de,0.9406,Ausz. aus K,"Crafft,J.D. (KorrespDB) (GND)",Leibniz (GND),1680-05-24 (80-05-14)
60041,00068537,"AA III,3 N.077",LH 38 Bl. 333,333-333,True,2,38,2,light_revision,other,False,de,de,1.0,Abf.; v° Nebenrechnungen von L'Hd,Linsen (KorrespDB),Leibniz (GND),1680-06
60042,00068537,"AA III,3 N.078",LH 38 Bl. 327.336.332,327-327,True,2,18,4,light_revision,other,False,de,de,1.0,"Abf., 2 Fig. auf gesond. Bl.",Linsen (KorrespDB),Leibniz (GND),1680-06
60043,,"AA III,3 N.081",,,False,0,0,0,unknown,none,False,de,de,0.9873,,Leibniz (GND),Pratisius (KorrespDB) (GND),1680-07-16
60049,00068541,"AA III,3 N.103","LH 41, 2 Bl. 12r°",12-12,True,2,201,0,heavy_revision,other,False,de,de,0.963,"Ausz. aus K, 1 Zeile","Crafft,J.D. (KorrespDB) (GND)",Leibniz (GND),1680-09
6005,DE-611-HS-958556,"AA I,7 N.365",LBr 172 Bl. 1-2,1-2,True,4,98,11,heavy_revision,other,False,de,de,1.0,Abf.; Benutzerverm.,Consbruch (KorrespDB) (GND),Leibniz (GND),1692-04-03
60052,00068541,"AA III,3 N.132","LH 41, 2 Bl. 12r°",12-12,True,2,201,0,heavy_revision,other,False,de,de,0.9651,"Ausz. aus K, 1 Zeile","Crafft,J.D. (KorrespDB) (GND)",,1680-12-06
60053,00068537,"AA III,3 N.136",LH 38 Bl. 330-331,330-331,True,4,45,24,light_revision,partial,False,de,de,1.0,"Abf., eigh. Aufschr., Siegel; Zeichng stark beschnitten",Linsen (KorrespDB),Leibniz (GND),1680-12-12
60053,00068537,"AA I,3 N.72",LH 38 Bl. 330-331,330-331,True,4,45,24,light_revision,partial,False,de,de,1.0,"Abf., eigh. Aufschr., Siegel; Zeichng stark beschnitten",Linsen (KorrespDB),Leibniz (GND),1680-12-12
60058,,"AA III,3 N.147",,,False,0,0,0,unknown,none,False,de,de,1.0,,Leibniz (GND),"Crafft,J.D. (KorrespDB) (GND)",1680-12-26
60060,00068541,"AA III,3 N.152","LH 41, 2 Bl. 12r°",12-12,True,2,201,0,heavy_revision,other,False,de,de,0.948,"Ausz. aus K, 1 Zeile","Crafft,J.D. (KorrespDB) (GND)",Leibniz (GND),1681-01-07 (80-12-28)
60063,,"AA III,3 N.156",,,False,0,0,0,unknown,none,False,de,de,1.0,,Leibniz (GND),"Crafft,J.D. (KorrespDB) (GND)",1681-02
60064,00068541,"AA III,3 N.161","LH 41, 2 Bl. 12r°",12-12,True,2,201,0,heavy_revision,other,False,de,de,0.9785,"Ausz. aus K, 1 Zeile","Crafft,J.D. (KorrespDB) (GND)",Leibniz (GND),1681-01
60067,,"AA III,3 N.168",,,False,0,0,0,unknown,none,False,de,de,1.0,,Leibniz (GND),"Crafft,J.D. (KorrespDB) (GND)",1681-02-08
60069,00068541,"AA III,3 N.171","LH 41, 2 Bl. 12r°",12-12,True,2,201,0,heavy_revision,other,False,de,de,0.9369,"Ausz. aus K, 3 Zeilen","Crafft,J.D. (KorrespDB) (GND)",Leibniz (GND),1681-02
60070,,"AA III,3 N.172",,,False,0,0,0,unknown,none,False,de,de,1.0,,Leibniz (GND),Mariotte (KorrespDB) (GND),1681-02
60072,,"AA III,3 N.174",,,False,0,0,0,unknown,none,False,de,de,1.0,,Leibniz (GND),Elers (KorrespDB) (GND),1681-02-17
60073,00068541,"AA III,3 N.179","LH 41, 2 Bl. 12r°",12-12,True,2,201,0,heavy_revision,other,False,de,de,0.9814,"Ausz. aus K, 6 Zeilen","Crafft,J.D. (KorrespDB) (GND)",Leibniz (GND),1681-02-24 (81-02-14)
60075,00068541,"AA III,3 N.184","LH 41, 2 Bl. 12r°",12-12,True,2,201,3,heavy_revision,other,False,de,de,0.9618,"Ausz. aus K, 10 Zeilen","Crafft,J.D. (KorrespDB) (GND)",Leibniz (GND),1681-03-11 (81-03-01)
60076,,"AA III,3 N.185",,,False,0,0,0,unknown,none,False,de,de,1.0,,Leibniz (GND),"Crafft,J.D. (KorrespDB) (GND)",1681-03
60080,00068541,"AA III,3 N.196","LH 41, 2 Bl. 12r°",12-12,True,2,201,0,heavy_revision,other,False,de,de,0.9645,"Ausz. aus K, 5 Zeilen","Crafft,J.D. (KorrespDB) (GND)",Leibniz (GND),1681-04-04 (81-03-25)
60085,00068541,"AA III,3 N.224","LH 41, 2 Bl. 12r°",12-12,True,2,201,0,heavy_revision,other,False,de,de,0.9895,"Ausz. aus K, 3 Zeilen",Elers (KorrespDB) (GND),Leibniz (GND),1681-05-15 (81-05-05)
60087,,"AA III,3 N.229",,,False,0,0,0,unknown,none,False,de,de,1.0,,Leibniz (GND),"Brandshagen,J.D. (KorrespDB) (GND)",1681-05-21
60088,,"AA III,3 N.230",,,False,0,0,0,unknown,none,False,de,de,0.8182,,Leibniz (GND),Elers (KorrespDB) (GND),1681-05-21
60093,DE-611-HS-960158,"AA III,3 N.279",LBr 237 Bl. 41-42.45-48,41-42,True,4,225,40,heavy_revision,other,False,de,de,0.9946,Abf.-Bruchstück,Elers (KorrespDB) (GND),Leibniz (GND),1681-09-02
60096,00068541,"AA III,3 N.271","LH 41, 2 Bl. 2 [ 7. Notiz]",2-2,True,2,141,0,heavy_revision,other,False,de,de,0.983,"Ausz. aus K, 1 Zeile",Scheffer (KorrespDB) (GND),Leibniz (GND),1681-08-22 (81-08-12)
60102,,"AA III,3 N.283",,,False,0,0,0,unknown,none,False,de,de,1.0,,Leibniz (GND),Scheffer (KorrespDB) (GND),1681-09-26
60103,,"AA III,3 N.285",,,False,0,0,0,unknown,other,False,de,de,1.0,Beil. e.nicht ermittelten Schreibens Leibniz-Hörnigk,Leibniz (GND),"Crafft,J.D. (KorrespDB) (GND)",1681-09
60110,00068541,"AA III,3 N.315","LH 41, 2 Bl. 2 [ 8. Notiz]",2-2,True,2,141,1,heavy_revision,other,False,de,de,0.9903,"Ausz. aus K, 1 Zeile",Scheffer (KorrespDB) (GND),Leibniz (GND),1682-01-24 (82-01-14)
60116,00068541,"AA III,3 N.329","LH 41, 2 Bl. 4v°",4-4,True,2,218,1,heavy_revision,other,False,de,de,0.9966,"Ausz. aus K, 2 Zeilen & 1 Zeile",Elers (KorrespDB) (GND),Leibniz (GND),1682-03-01
60118,00068814,"AA III,3 N.335","LH 23, 4, 1 Bl. 104",104-104,True,2,36,1,heavy_revision,other,False,de,de,0.9,Abf.,Linsen (KorrespDB),Leibniz (GND),1682-03-21 (81-03-11)
60119,00068541,"AA III,3 N.338","LH 41, 2 Bl. 19v°",19-19,True,2,208,0,heavy_revision,other,False,de,de,0.7021,"Ausz. aus K in dt.Übers., 2 Zeilen",Ferguson (KorrespDB) (GND),Leibniz (GND),1682-03-27
60127,,"AA III,3 N.368","Paris Académie des Sciences Arch. 2 B/11: Procès-verbaux, Tome 11, S.165-166. (4.7.1682)",,False,0,0,0,unknown,other,False,mixed,de,0.6264,"Französ. Übersetzg e.Teils d. Abf., von unbek. Hd",Leibniz (GND),Tschirnhaus (KorrespDB) (GND),1682-06
60128,00068541,"AA III,3 N.371","LH 41, 2 Bl. 4v°",4-4,True,2,218,0,heavy_revision,other,False,de,de,0.9944,"Ausz. aus K, 4 Zeilen; Bemerkg von L",Elers (KorrespDB) (GND),Leibniz (GND),1682-07-07 (82-06-27)
60136,,"AA III,3 N.398",,,False,0,0,0,unknown,none,False,de,de,0.9344,,Leibniz (GND),"Crafft,J.D. (KorrespDB) (GND)",1682-09
60138,,"AA III,3 N.403a",,,False,0,0,0,unknown,none,False,de,de,1.0,,Becher (KorrespDB) (GND),Leibniz (GND),1682-09
60144,,"AA III,3 N.426",,,False,0,0,0,unknown,none,False,de,de,0.9565,,Elers (KorrespDB) (GND),Leibniz (GND),1682-12-20
60146,,"AA III,3 N.438",,,False,0,0,0,unknown,none,False,de,de,1.0,,Leibniz (GND),Scheffer (KorrespDB) (GND),1683-01
60151,,"AA III,3 N.447",,,False,0,0,0,unknown,other,False,de,de,1.0,Beil. e.nicht ermittelten Schreibens L - Leidenfrost,Leibniz (GND),Linsen (KorrespDB),1683-03
60151,,"AA I,3 N.188",,,False,0,0,0,unknown,other,False,de,de,1.0,Beil. e.nicht ermittelten Schreibens L - Leidenfrost,Leibniz (GND),Linsen (KorrespDB),1683-03
60155,,"AA III,3 N.453",,,False,0,0,0,unknown,none,False,de,de,1.0,,Leibniz (GND),Tschirnhaus (KorrespDB) (GND),1683-04
60159,00068541,"AA III,3 N.465","LH 41, 2 Bl. 17v°",17-17,True,2,249,4,heavy_revision,other,False,de,de,0.9962,"Ausz. aus K, 10 Zeilen auf d.Rand","Brandshagen,J.D. (KorrespDB) (GND)",Leibniz (GND),1683-05-15 (83-05-05)
60163,DE-611-HS-959461,"AA III,4 N.001",LBr 108 Bl. 53.55.54,53-53,True,2,95,55,light_revision,other,False,de,de,0.8709,"Abf., Bl.53r° von L'Hd: ""repondu""","Brandshagen,J.D. (KorrespDB) (GND)",Leibniz (GND),1683-07-06 (83-06-26)
60163,DE-611-HS-959461,"AA III,3 N.476",LBr 108 Bl. 53.55.54,53-53,True,2,95,55,light_revision,other,False,de,de,0.8709,"Abf., Bl.53r° von L'Hd: ""repondu""","Brandshagen,J.D. (KorrespDB) (GND)",Leibniz (GND),1683-07-06 (83-06-26)
60164,DE-611-HS-959461,"AA III,4 N.019",LBr 108 Bl. 183,183-183,True,2,85,36,light_revision,other,False,de,de,0.9934,Reinschr.,"Brandshagen,J.D. (KorrespDB) (GND)",Leibniz (GND),1683-08
6027,DE-611-HS-959461,"AA III,4 N.284",LBr 108 Bl. 95-96,95-96,True,4,120,0,light_revision,other,False,de,de,1.0,Abf.,"Brandshagen,J.D. (KorrespDB) (GND)",Leibniz (GND),1690-10-27 (90-10-17)
6027,DE-611-HS-959461,"AA I,6 N.6",LBr 108 Bl. 95-96,95-96,True,4,120,0,light_revision,other,False,de,de,1.0,Abf.,"Brandshagen,J.D. (KorrespDB) (GND)",Leibniz (GND),1690-10-27 (90-10-17)
60387,,"AA I,15 N.167a","Ms 23, 814 Bl. 55",,False,0,0,0,unknown,other,False,de,de,0.9916,"Konz., stark beschädigt",Leibniz (GND),Zunner (KorrespDB) (GND),1698-01-26 (98-01-16)
6039,DE-611-HS-856265,"AA I,6 N.157",LBr 562 Bl. 5,5-5,True,2,49,2,heavy_revision,other,False,de,de,0.9844,Abf.,Limbach (KorrespDB) (GND),Leibniz (GND),1690-12-10 (90-11-30)
60709,,"AA I,15 N.087","Ms 23, 183 Bl. 75-75a",,False,0,0,0,unknown,other,False,de,de,0.991,Teilreinschr.,Leibniz (GND),Reiche (KorrespDB) (GND)Oberg,1698-07-25
60718,,"AA I,15 N.087","Ms 23, 183 Bl. 71-72",,False,0,0,0,unknown,other,False,de,de,0.991,Konz. mit zahlr. Ändergn,Leibniz (GND),Reiche (KorrespDB) (GND)Oberg,1698-07-25
6073,DE-611-HS-859674,"AA I,8 N.164",LBr 633 Bl. 19,19-19,True,2,37,0,light_revision,other,False,de,de,1.0,Abf.,Melani (KorrespDB) (GND),Leibniz (GND),1692-06-07
6079,DE-611-HS-958572,"AA I,9 N.030",LBr 501 Bl. 203-204,203-204,True,4,71,14,light_revision,partial,False,de,de,0.8667,"Abf.; eigh. Aufschr., Siegel",Leibniz (GND),"(Wolfenbüttel,Bibl.-Sekr.)",1693-05-08 (93-04-28)
6090,DE-611-HS-866790,"AA III,4 N.297",LBr 882 Bl. 1-2 (=46412),1-2,True,4,160,43,light_revision,other,False,de,de,0.9701,Abschr.von Barings Hd mit Zusätzen von Grubers Hd,"Spener,J.J. (KorrespDB) (GND)",Leibniz (GND),1690-12-19 (90-12-09)
6104,DE-611-HS-867120,"AA I,6 N.155",LBr 814 Bl. 4-5,4-5,True,4,204,26,light_revision,other,False,de,de,0.9392,"Abf., Aufschr.","Schlüter,C.G. (KorrespDB)",Leibniz (GND),1690-12-08 (90-11-28)
6105,DE-611-HS-867120,"AA I,6 N.010",LBr 814 Bl. 6,6-6,True,2,121,15,heavy_revision,other,False,de,de,0.9898,"Konz., sehr flüchtig geschr.",Leibniz (GND),Kuckuck (KorrespDB),1690-12
6137,DE-611-HS-860483,"AA I,6 N.009",LBr 674 Bl. 4-5,4-5,True,4,160,13,light_revision,partial,False,de,de,0.918,"Abf.; eigh. Aufschr., Siegel; Postverm.:22.",Münchhausen (KorrespDB) (GND),Leibniz (GND),1690-12-06 (90-11-26)
6139,,"AA I,6 N.346","Ms 23, 842a Bl. 7-8",,False,0,0,0,unknown,other,False,de,de,0.9954,Abf.,Schenck v.Winterstedt (KorrespDB),"Schrader,Ch. (KorrespDB) (GND)Leibniz (GND)",1691-07-30 (91-07-20)
6152,DE-611-HS-859703,"AA I,8 N.231",LBr 636 Bl. 70,70-70,True,2,55,12,heavy_revision,partial,False,de,de,0.9691,"Abf., eigh. Aufschr., Siegel","Mencke,O. (KorrespDB) (GND)",Leibniz (GND),1692-08-20 (92-08-10)
6192,DE-611-HS-866403,"AA I,9 N.011",LBr 766 Bl. 13-14,13-14,True,4,201,1,light_revision,partial,False,de,de,1.0,"Abf.; eigh. Aufschr., Siegel, Postverm.: de Wolf.13.","Reinerding,J.Th. (KorrespDB) (GND)",Leibniz (GND),1693-01-13 (93-01-03)
6198,,"AA I,10 N.199","Ms 41, 1814, 3 Bl. 39-40",,False,0,0,0,unknown,other,False,de,de,1.0,"Abf., Schr., P.S. von Zunners Hd.",Zunner (KorrespDB) (GND),Leibniz (GND),1694-03-30 (94-03-20)
62,,"AA I,3 N.115","Hannover NLA Cal.Br. 4, 82 Bl. 555",,False,0,0,0,unknown,partial,False,de,de,1.0,"Abf., eigh. Aufschr., Siegel",Linsen (KorrespDB),Leibniz (GND),1682-01-25 (82-01-15)
6201,,"AA I,10 N.022","Gotha FB B 670, 12",,False,0,0,0,unknown,other,False,de,de,1.0,Abf.,Leibniz (GND),"Reinerding,J.Th. (KorrespDB) (GND)",1694-04-08 (94-03-29)
6208,00068207,"AA III,4 N.272","LH 35, 15, 5 Bl. 21",21-21,True,2,122,39,heavy_revision,own,True,de,de,0.6628,"Abf., eigh.",Leibniz (GND),"Bodenhausen,R.C. (KorrespDB) (GND)",1690-08
6209,DE-611-HS-3616805,"AA III,4 N.272",LBr 79 Beiheft 1 Bl. 15r°-v°,15-15,True,2,302,24,heavy_revision,other,False,de,de,0.6628,"Ausz. aus 35603 von Bodenhausens Hd, dazu e. Beweis von Bodehausen",Leibniz (GND),"Bodenhausen,R.C. (KorrespDB) (GND)",1690-08
6225,DE-611-HS-3617045,"AA I,6 N.001",LBrF 1 Bl. 207-208,,False,0,0,0,unknown,other,False,de,de,1.0,Konz.; viele stil. Verbessergn; Bibl.verm.: Anton Ulrich.,Leibniz (GND),"Wolfenbüttel,Anton Ulrich v. (KorrespDB) (GND)",1690-09
6240,DE-611-HS-867890,"AA I,7 N.238",LBr 971 Bl. 1,1-1,True,2,33,15,heavy_revision,partial,False,de,de,0.9759,"Abf.; eigh. Aufschr., Siegel, Postverm.:9.","Mencke,O. (KorrespDB) (GND)",Leibniz (GND),1691-11-28 (91-11-28)
6254,DE-611-HS-960234,"AA I,9 N.331",LBr 248 Bl. 63-64,63-64,True,4,364,51,light_revision,other,False,de,de,0.8602,"Abf.; Aufschr., Siegel, Postverm.: 9.4gg.","Eyben,H.v. (KorrespDB) (GND)",Leibniz (GND),1693-07-02 (93-06-22)
6278,DE-611-HS-861206,"AA I,8 N.061",LBr 701 Bl. 24-25,24-25,True,4,321,12,heavy_revision,other,False,de,de,1.0,Abf.,"Otto,G.Chr. (KorrespDB)",Leibniz (GND),1692-11-11 (92-11-01)
6299,DE-611-HS-960234,"AA I,9 N.227",LBr 248 Bl. 114-115,114-115,True,4,172,12,light_revision,partial,False,de,de,0.95,"Abf., Schr.; eigh. Schlußkurialien","Eyben,H.v. (KorrespDB) (GND)",Leibniz (GND),1693-04-04 (93-03-25)
6303,00068811,"AA I,8 N.189","LH 23, 2, 20 Bl. 258v°-259r°",258-258,True,2,118,0,heavy_revision,other,False,de,de,0.9091,abgebrochene Abf.; L: Würten.,Leibniz (GND),Limbach (KorrespDB) (GND),1692-06
6313,DE-611-HS-862077,"AA I,7 N.301",LBr 746 Bl. 11-12,11-12,True,4,418,3,heavy_revision,partial,False,mixed,de,0.5556,"Abf.; eigh. Auschr., Siegel","Pufendorf,V. (KorrespDB)",Leibniz (GND),1692-01-26 (92-01-16)
6322,DE-611-HS-958599,"AA I,7 N.024",LBr 195 Bl. 15,15-15,True,2,63,13,light_revision,other,False,de,de,1.0,Abf. Brief N.13,Dannenberg (KorrespDB),Leibniz (GND),1691-09-26 (91-09-16)
6337,DE-611-HS-3616805,"AA III,4 N.236",LBr 79 Bl. 12-13,12-13,True,4,389,0,heavy_revision,partial,False,de,de,0.8333,"Abf., eigh. Aufschr., Siegel",Leibniz (GND),"Bodenhausen,R.C. (KorrespDB) (GND)",1690-02-20
6338,DE-611-HS-3616805,"AA III,4 N.236",LBr 79 Bl. 12-13,12-13,True,4,389,0,heavy_revision,partial,False,de,de,0.8333,"Abf., eigh. Aufschr., Siegel",Leibniz (GND),"Bodenhausen,R.C. (KorrespDB) (GND)",1690-02-20
6339,DE-611-HS-3616805,"AA III,4 N.236",LBr 79 Beiheft 1 Bl. 11r°,11-11,True,2,220,18,light_revision,other,False,de,de,0.8333,"Ausz. aus 35357, mit 2 Bemerkgn von Bodenhausens Hd",Leibniz (GND),"Bodenhausen,R.C. (KorrespDB) (GND)",1690-02-20
6351,DE-611-HS-855422,"AA I,7 N.363",LBr 490 Bl. 1,1-1,True,2,30,2,heavy_revision,partial,False,de,de,0.9412,"Abf.; eigh. Aufschr., Siegel","König,S. (KorrespDB)",Leibniz (GND),1692-04-02 (92-03-23)
6388,DE-611-HS-92149,"AA I,6 N.130",LBr 604 Bl. 21,21-21,True,2,36,0,heavy_revision,other,False,de,de,1.0,Abf.,Marci (KorrespDB) (GND),Leibniz (GND),1690-11-02 (90-10-23)
6398,DE-611-HS-866668,"AA I,7 N.040",LBr 863 Bl. 7-8,7-8,True,4,230,1,heavy_revision,other,False,de,de,1.0,Abf.; Siegelrest; Postverm.:17,Sieverds (KorrespDB) (GND),Leibniz (GND),1691-11-13 (91-11-03)
6497,DE-611-HS-974120,"AA I,6 N.211",LBr 425 Bl. 89-90,89-90,True,4,499,0,light_revision,other,False,de,de,0.9745,Abf.; Aufschr.,"Hörnigk,Ph.W. (KorrespDB) (GND)",Leibniz (GND),1691-02-28
6498,DE-611-HS-974120,"AA I,6 N.211",LBr 425 Bl. 89-90,89-90,True,4,499,53,light_revision,other,False,de,de,0.9745,Abf.; Aufschr.,"Hörnigk,Ph.W. (KorrespDB) (GND)",Leibniz (GND),1691-02-28
6499,DE-611-HS-974120,"AA I,6 N.211",LBr 425 Bl. 89-90,89-90,True,4,499,0,light_revision,other,False,de,de,0.9745,Abf.; Aufschr.,"Hörnigk,Ph.W. (KorrespDB) (GND)",Leibniz (GND),1691-02-28
6506,00068808,"AA I,8 N.033","LH 23, 2, 17 Bl. 15-16 (=8421)",15-16,True,4,232,1,heavy_revision,own,True,de,de,0.9932,Konz.; eigh.,Leibniz (GND),Westenholz (KorrespDB) (GND),1692-08
6507,,"AA I,8 N.033",Hannover NLA Ms. Nr. 221 (alt: Ms. Q 16) Bl. 3 (Kriegsverlust),,False,0,0,0,unknown,own,True,de,de,0.9932,"MF, eigh.",Leibniz (GND),Westenholz (KorrespDB) (GND),1692-08
6510,DE-611-HS-859703,"AA I,7 N.309",LBr 636 Bl. 62,62-62,True,2,19,11,heavy_revision,partial,False,de,de,0.9767,"Abf.; eigh. Aufschr., Siegelrest","Mencke,O. (KorrespDB) (GND)",Leibniz (GND),1692-02-02 (92-01-23)
6514,DE-611-HS-859703,"AA I,10 N.271",LBr 636 Bl. 87,87-87,True,2,45,19,heavy_revision,other,False,de,de,0.9924,"Abf.; Aufschr., Siegel, Postverm.","Mencke,O. (KorrespDB) (GND)",Leibniz (GND),1694-05-29 (94-05-19)
6532,DE-611-HS-861206,"AA I,6 N.013",LBr 701 Bl. 6,6-6,True,2,33,2,light_revision,other,False,de,de,1.0,Abf.,"Otto,G.Chr. (KorrespDB)",Leibniz (GND),1690-12-22 (90-12-12)
6543,DE-611-HS-92149,"AA I,6 N.158",LBr 604 Bl. 23,23-23,True,2,44,10,heavy_revision,partial,False,de,de,0.9754,Abf.; eigh. Aufschr.,Marci (KorrespDB) (GND),Leibniz (GND),1690-12-13 (90-12-03)
6579,,"AA I,6 N.056","Wolfenbüttel HAB Cod. Guelf. Leibn. 1, 1 Bl. 1-2",,False,0,0,0,unknown,own,True,de,de,1.0,"Abf., eigh.",Leibniz (GND),Hertel (KorrespDB) (GND),1691-07-19 (91-07-09)
6580,,"AA I,10 N.404",,,False,0,0,0,unknown,other,False,de,de,0.9433,MF,Leibniz (GND),Winkelmann (KorrespDB) (GND),1694-10
6581,DE-611-HS-959288,"AA I,12 N.444",LBr 82 Bl. 2-3,2-3,True,4,142,32,heavy_revision,partial,False,de,de,0.9767,"Abf., eigh. Aufschr., Siegelrest, Bibl.verm.","Böhmer,J.Chr. (KorrespDB) (GND)",Leibniz (GND),1696-07-14 (96-07-04)
6621,DE-611-HS-958766,"AA I,10 N.399",LBr 211 Bl. 18-19,18-19,True,4,266,2,heavy_revision,partial,False,de,de,1.0,"Abf.; eigh. Aufschr., Siegel","Domeier,Chr.P. (KorrespDB)",Leibniz (GND),1694-10-16 (94-10-06)
6624,DE-611-HS-855422,"AA I,7 N.242",LBr 490 Bl. 5-6,5-6,True,4,345,61,heavy_revision,own,True,de,de,0.9729,Konz.; eigh.,Leibniz (GND),"König,S. (KorrespDB)",1691-12-04 (91-11-24)
6632,DE-611-HS-866668,"AA I,6 N.039",LBr 863 Bl. 1-2,1-2,True,4,145,0,heavy_revision,partial,False,de,de,0.9741,"Abf.; eigh. Aufschr., Siegel, Postverm.: 23.7.",Sieverds (KorrespDB) (GND),Leibniz (GND),1691-06-09 (91-05-30)
6640,DE-611-HS-3653099,"AA I,9 N.413","LBr 57, 2 Bl. 182",182-182,True,2,28,0,light_revision,partial,False,de,de,0.9434,"Abf., eigh. Aufschr.","Mencke,O. (KorrespDB) (GND)",Leibniz (GND),1693-11
6653,DE-611-HS-859703,"AA I,9 N.267",LBr 636 Bl. 77,77-77,True,2,44,19,light_revision,own,False,de,de,0.974,"Abf., eigh.","Mencke,O. (KorrespDB) (GND)",Leibniz (GND),1693-05-16 (93-05-06)
6708,00068051,"AA I,7 N.037","LH 35, 6, 6 Bl. 25v° (r° math. Unters. von L)",25-25,True,2,115,0,heavy_revision,partial,False,de,de,1.0,"Konz.; eigh. (Anf.), 5,5 Zeilen",Leibniz (GND),"Wolfenbüttel,Anton Ulrich v. (KorrespDB) (GND)",1691-10
6764,DE-611-HS-861206,"AA I,6 N.038",LBr 701 Bl. 9-10,9-10,True,4,198,10,light_revision,partial,False,de,de,0.9,"Abf.; eigh. Aufschr., Siegel, Postverm.: 23.7.","Otto,G.Chr. (KorrespDB)",Leibniz (GND),1691-06-08 (91-05-29)
6794,00068804,"AA I,8 N.064","LH 23, 2, 16 Bl. 8-9",8-9,True,4,262,34,heavy_revision,other,False,de,de,0.9905,Konz. mit zahlr. Korr.,Leibniz (GND),"Braunschweig-Lüneburg,Ernst August v. (KorrespDB) (GND)",1692-11-14
6821,DE-611-HS-960234,"AA I,8 N.173",LBr 248 Bl. 41.43,41-41,True,2,317,50,heavy_revision,partial,False,de,de,0.8414,"Abf., Schr. & eigh.","Eyben,H.v. (KorrespDB) (GND)",Leibniz (GND),1692-06-14 (92-06-04)
6830,DE-611-HS-960234,"AA I,8 N.240",LBr 248 Bl. 54-55,54-55,True,4,245,20,heavy_revision,other,False,de,de,0.9844,Konz.,Leibniz (GND),"Eyben,H.v. (KorrespDB) (GND)",1692-09-06
6877,DE-611-HS-974056,"AA III,4 N.289",LBr 404 Bl. 13.16.14.15,13-13,True,2,97,43,light_revision,partial,False,de,de,0.9685,"Abf., eigh. Aufschr., Siegel; Postverm.: ""Franco bis Braunschweig""",Heyn (KorrespDB) (GND),Leibniz (GND),1690-11-14 (90-11-04)
6885,DE-611-HS-867195,"AA I,9 N.374",LBr 830 Bl. 12-13,12-13,True,4,102,1,light_revision,other,False,de,de,1.0,Abf.,"Schrader,Chr. (KorrespDB)",Leibniz (GND),1693-09-14 (93-09-04)
6892,DE-611-HS-859703,"AA I,7 N.218",LBr 636 Bl. 59,59-59,True,2,60,2,heavy_revision,partial,False,de,de,1.0,"Abf., eigh. Aufschr., Siegel","Mencke,O. (KorrespDB) (GND)",Leibniz (GND),1691-11-02 (91-10-23)
6906,DE-611-HS-856265,"AA I,6 N.321",LBr 562 Bl. 16-17,16-17,True,4,130,12,light_revision,partial,False,de,de,0.9794,Abf.; Unterschr. & P.S. eigh.,Limbach (KorrespDB) (GND),Leibniz (GND),1691-07-08 (91-06-28)
6943,DE-611-HS-3616805,"AA III,4 N.240",LBr 79 Bl. 10r°,10-10,True,2,226,40,heavy_revision,partial,False,de,de,0.9699,"Abf., eigh. Aufschr., Siegel","Bodenhausen,R.C. (KorrespDB) (GND)",Leibniz (GND),1690-02
6955,DE-611-HS-862077,"AA I,6 N.318",LBr 746 Bl. 13,13-13,True,2,45,3,light_revision,other,False,de,de,1.0,Abf.,"Pufendorf,V. (KorrespDB)",Leibniz (GND),1691-07-07
6956,DE-611-HS-862077,"AA I,6 N.318",LBr 746 Bl. 7-8,7-8,True,4,167,11,light_revision,other,False,de,de,1.0,Abf.; Bibl.verm.,"Pufendorf,V. (KorrespDB)",Leibniz (GND),1691-07-07 (91-06-27)
6957,DE-611-HS-859703,"AA I,6 N.319",LBr 636 Bl. 54,54-54,True,2,77,30,light_revision,partial,False,de,de,0.9489,"Abf., eigh. Aufschr.","Mencke,O. (KorrespDB) (GND)",Leibniz (GND),1691-07-07 (91-06-27)
6979,DE-611-HS-861516,"AA I,7 N.192",LBr 717 Bl. 18,18-18,True,2,36,0,heavy_revision,other,False,de,de,1.0,Abf.,Paullini (KorrespDB) (GND),Leibniz (GND),1691-09-29 (91-09-19)
7004,00068207,"AA III,4 N.264","LH 35, 15, 5 Bl. 19-20",19-20,True,4,358,45,heavy_revision,other,False,de,de,0.9486,Abf.,Leibniz (GND),"Bodenhausen,R.C. (KorrespDB) (GND)",1690-07-06
7010,DE-611-HS-971383,"AA I,12 N.101",LBr 288 Bl. 29-30r° (30v°=6647),29-30,True,4,253,6,heavy_revision,other,False,de,de,0.9878,Abf.,Friese (KorrespDB) (GND),Leibniz (GND),1695-11-12 (95-11-02)
7015,,"AA I,8 N.338",,,False,0,0,0,unknown,other,False,de,de,0.9911,MF,Leibniz (GND),Marci (KorrespDB) (GND),1692-11
7016,DE-611-HS-92149,"AA I,8 N.338",LBr 604 Bl. 44v° (44r°.45 =5005),44-44,True,2,86,4,heavy_revision,other,False,de,de,0.9911,Konz.,Leibniz (GND),Marci (KorrespDB) (GND),1692-11
7018,DE-611-HS-3616805,"AA III,4 N.264",LBr 79 Beiheft 1 Bl. 13r°,13-13,True,2,273,16,heavy_revision,other,False,de,de,0.9486,"Ausz., Chiffre & folgender Abs. von Bodenausens Hd",Leibniz (GND),"Bodenhausen,R.C. (KorrespDB) (GND)",1690-07-06
7019,DE-611-HS-3616805,"AA III,4 N.264",LBr 79 Beiheft 1 Bl. 13r°,13-13,True,2,273,0,heavy_revision,other,False,de,de,0.9486,Ausz. L,Leibniz (GND),"Bodenhausen,R.C. (KorrespDB) (GND)",1690-07-06
7023,DE-611-HS-92149,"AA I,6 N.312",LBr 604 Bl. 42,42-42,True,2,40,7,heavy_revision,partial,False,de,de,0.974,Abf.; eigh. Aufschr.,Marci (KorrespDB) (GND),Leibniz (GND),1691-06-27 (91-06-17)
7034,00068809,"AA I,8 N.021","LH 23, 2, 18 Bl. 2-3",2-3,True,4,630,40,heavy_revision,other,False,de,de,0.9754,Konz.; Bibl.verm.:2,Leibniz (GND),Minister zu Hannover (KorrespDB),1692-07
7052,DE-611-HS-958599,"AA I,6 N.030",LBr 195 Bl. 3,3-3,True,2,33,15,light_revision,other,False,de,de,1.0,Abf.,Dannenberg (KorrespDB),Leibniz (GND),1691-05-14 (91-05-04)
7058,DE-611-HS-958572,"AA I,10 N.114",LBr 501 Bl. 225,225-225,True,2,40,9,light_revision,other,False,de,de,1.0,Abf.,Frandorff (KorrespDB),Leibniz (GND),1694-01-13 (94-01-03)
7063,DE-611-HS-856265,"AA I,9 N.348","LBr 562 Bl. 26v°oben (=6273, 6272)",26-26,True,2,55,2,heavy_revision,other,False,de,de,1.0,"Konz., 6 Zeilen",Leibniz (GND),Limbach (KorrespDB) (GND),1693-07
7103,DE-611-HS-859703,"AA I,8 N.319",LBr 636 Bl. 71,71-71,True,2,67,36,heavy_revision,own,False,de,de,0.9276,"Abf., eigh.; Aufschr., Siegel, Postverm.: 7.","Mencke,O. (KorrespDB) (GND)",Leibniz (GND),1692-11-19 (92-11-09)
7110,DE-611-HS-856265,"AA I,9 N.348","LBr 562 Bl. 26v°unten (=6272, 50438)",26-26,True,2,55,0,heavy_revision,other,False,de,de,1.0,"Konz., 21 Zeilen",Leibniz (GND),Limbach (KorrespDB) (GND),1693-07
7120,DE-611-HS-866668,"AA I,7 N.082",LBr 863 Bl. 15-16,15-16,True,4,195,20,light_revision,other,False,de,de,1.0,Abf.; Siegel,Sieverds (KorrespDB) (GND),Leibniz (GND),1692-04-21 (92-04-11)
7128,DE-611-HS-867477,"AA I,9 N.416",LBr 926 Bl. 6-7,6-7,True,4,122,8,light_revision,other,False,de,de,0.9859,Abf.; Bibl.verm.,Thülemarius (KorrespDB) (GND),Leibniz (GND),1693-11-21 (93-11-11)
7129,DE-611-HS-974120,"AA I,9 N.417",LBr 425 Bl. 70,70-70,True,2,39,12,light_revision,other,False,de,de,1.0,Abf.,"Hörnigk,Ph.W. (KorrespDB) (GND)",Leibniz (GND),1693-11-22
7176,DE-611-HS-971120,"AA I,8 N.132",LBr 258 Bl. 279-280,279-280,True,4,140,18,heavy_revision,other,False,de,de,1.0,Konz.; Bibl.verm.,Leibniz (GND),Mendlein (KorrespDB) (GND),1692-05
72,DE-611-HS-856291,"AA III,4 N.102",LBr 566 Bl. 6,6-6,True,2,60,9,heavy_revision,partial,False,de,de,1.0,"Abf., eigh. Aufschr., Siegel",Linsen (KorrespDB),Leibniz (GND),1685-11-11 (85-11-01)
72,DE-611-HS-856291,"AA I,4 N.176",LBr 566 Bl. 6,6-6,True,2,60,9,heavy_revision,partial,False,de,de,1.0,"Abf., eigh. Aufschr., Siegel",Linsen (KorrespDB),Leibniz (GND),1685-11-11 (85-11-01)
7230,DE-611-HS-958599,"AA I,7 N.022",LBr 195 Bl. 14,14-14,True,2,43,1,heavy_revision,other,False,de,de,1.0,Abf. Brief N.12,Dannenberg (KorrespDB),Leibniz (GND),1691-09-19 (91-09-09)
7239,00068371,"AA I,8 N.240","LH 1, 12, 2 Bl. 94-95",94-95,True,4,440,0,heavy_revision,partial,False,de,de,0.9844,"Abschr., Otto, eigh. Zusätze",Leibniz (GND),"Eyben,H.v. (KorrespDB) (GND)",1692-09-06 (92-08-27)
7240,,"AA I,8 N.240",,,False,0,0,0,unknown,other,False,de,de,0.9844,MF,Leibniz (GND),"Eyben,H.v. (KorrespDB) (GND)",1692-09-06 (92-08-27)
7241,00068375,"AA I,8 N.240","LH 1, 14 Bl. 67-68",67-68,True,4,697,61,heavy_revision,other,False,de,de,0.9844,"Abschr., Busch",Leibniz (GND),"Eyben,H.v. (KorrespDB) (GND)",1692-09-06 (92-08-27)
7272,DE-611-HS-957463,"AA I,10 N.107",LBr 46 Bl. 14-15,14-15,True,4,243,36,light_revision,partial,False,de,de,0.9404,"Abf.; eigh. Aufschr., ausgeriss. schwarzes Siegel","Behrens,C.B. (KorrespDB) (GND)",Leibniz (GND),1694-01-08 (93-12-29)
7280,,"AA I,6 N.313",,,False,0,0,0,unknown,other,False,de,de,0.9699,MF,Leibniz (GND),"Eyben,H.v. (KorrespDB) (GND)",1691-06-30 (91-03-20)
7290,DE-611-HS-3617045,"AA I,7 N.053",LBrF 1 Bl. 4v° (=6420),,False,0,0,0,unknown,own,True,de,de,1.0,Konz.; eigh.,Leibniz (GND),"Braunschweig-Lüneburg-Wolfenbüttel,August Wilhelm v. (KorrespDB) (GND)",1692-01-08
7291,,"AA I,7 N.053",,,False,0,0,0,unknown,other,False,de,de,1.0,MF,Leibniz (GND),"Braunschweig-Lüneburg-Wolfenbüttel,August Wilhelm v. (KorrespDB) (GND)",1692-01-08
7292,DE-611-HS-3617045,"AA I,7 N.052",LBrF 1 Bl. 4r° (=6419),,False,0,0,0,unknown,own,True,de,de,1.0,Konz.; eigh.; stilist. Korr.,Leibniz (GND),"Wolfenbüttel,Anton Ulrich v. (KorrespDB) (GND)",1692-01-08 (91-12-29)
73,00068549,"AA III,4 N.206","LH 41, 9 Bl. 141-142 (=13640)",141-142,True,4,738,0,heavy_revision,other,False,de,de,0.9655,Konz.,Leibniz (GND),"Crafft,J.D. (KorrespDB) (GND)",1689-01
73,00068549,"AA I,5 N.217","LH 41, 9 Bl. 141-142 (=13640)",141-142,True,4,738,0,heavy_revision,other,False,de,de,0.9655,Konz.,Leibniz (GND),"Crafft,J.D. (KorrespDB) (GND)",1689-01
7304,DE-611-HS-960234,"AA I,8 N.142",LBr 248 Bl. 39-40,39-40,True,4,250,9,light_revision,other,False,de,de,0.8113,Abf.,"Eyben,H.v. (KorrespDB) (GND)",Leibniz (GND),1692-05-13 (92-05-03)
7308,DE-611-HS-855794,"AA I,9 N.466",LBr 544 Bl. 105,105-105,True,2,47,16,heavy_revision,partial,False,de,de,0.9273,"Abf.; eigh. Aufschr., Siegel","Leibniz,J.Fr. (KorrespDB) (GND)",Leibniz (GND),1693-05-23 (93-05-13)
7338,DE-611-HS-974424,"AA I,7 N.006",LBr 429 Bl. 34-39,34-39,True,12,589,39,light_revision,other,False,de,de,0.9463,Abf.,"Hugo,L. (KorrespDB) (GND)",Leibniz (GND),1691-08-23 (91-08-13)
7343,,"AA I,6 N.009a",Wolfenbüttel HAB Cod. Guelf. Leibn. 3 Bl. 9-10 (=33002),,False,0,0,0,unknown,partial,False,de,de,0.918,"Ausf., X & eigh.",Wendhusen,Wolfenbüttel (Kammer),1692-03-12 (92-03-02)
7389,DE-611-HS-92149,"AA I,6 N.212",LBr 604 Bl. 27,27-27,True,2,33,1,heavy_revision,other,False,de,de,1.0,Abf.,Marci (KorrespDB) (GND),Leibniz (GND),1691-02-28 (91-02-18)
7390,DE-611-HS-866790,"AA III,4 N.297",LBr 882 Bl. 3-4,3-4,True,4,290,35,light_revision,partial,False,de,de,0.9701,"Abf., eigh. Aufschr., Siegel","Spener,J.J. (KorrespDB) (GND)",Leibniz (GND),1690-12-19 (90-12-09)
74,DE-611-HS-959461,"AA I,6 N.006",LBr 108 Bl. 95-96,95-96,True,4,120,34,light_revision,other,False,de,de,1.0,Abf.,"Brandshagen,J.D. (KorrespDB) (GND)",Leibniz (GND),1690-10-27 (90-10-17)
74,DE-611-HS-959461,"AA III,4 N.284",LBr 108 Bl. 95-96,95-96,True,4,120,34,light_revision,other,False,de,de,1.0,Abf.,"Brandshagen,J.D. (KorrespDB) (GND)",Leibniz (GND),1690-10-27 (90-10-17)
7406,DE-611-HS-960085,"AA I,6 N.297",LBr 214 Bl. 24,24-24,True,2,48,16,heavy_revision,other,False,mixed,de,0.5702,Abf.,Dransfeld (KorrespDB) (GND),Leibniz (GND),1691-06-05 (91-05-26)
7452,DE-611-HS-862282,"AA I,8 N.051",LBr 763 Bl. 1-2 (1r°=50589),1-2,True,4,230,4,heavy_revision,other,False,de,de,1.0,Abf.,Reimers (KorrespDB),Leibniz (GND),1692-10-08
7459,,"AA I,7 N.050","Ms 26, 1524 Bl. 1.3",,False,0,0,0,unknown,own,True,de,de,0.9641,Konz.; eigh.,Leibniz (GND),"Hugo,L. (KorrespDB) (GND)",1691-12
7463,,"AA I,7 N.213",,,False,0,0,0,unknown,other,False,de,de,0.9912,MF,Leibniz (GND),"Pufendorf,V. (KorrespDB)",1691-10-26 (91-10-16)
7464,DE-611-HS-862077,"AA I,7 N.213",LBr 746 Bl. 9-10 (=6758),9-10,True,4,635,18,heavy_revision,own,True,de,de,0.9912,Konz.; eigh.,Leibniz (GND),"Pufendorf,V. (KorrespDB)",1691-10-26 (91-10-16)
7478,,"AA I,7 N.009",,,False,0,0,0,unknown,other,False,de,de,1.0,MF,Leibniz (GND),"Hugo,L. (KorrespDB) (GND)",1691-08-29
7494,00068804,"AA I,8 N.064","LH 23, 2, 16 Bl. 1-4",1-4,True,8,930,84,heavy_revision,other,False,de,de,0.9905,"Konz., Schluß fehlt",Leibniz (GND),"Braunschweig-Lüneburg,Ernst August v. (KorrespDB) (GND)",1692-11-09
7497,,"AA I,8 N.060","Ms 41, 1814, 3 Bl. 4-5",,False,0,0,0,unknown,other,False,de,de,0.9762,Reinschr.,Leibniz (GND),"Wolfenbüttel,Rudolf August v. (KorrespDB) (GND)",1692-11-10 (92-10-31)
7500,DE-611-HS-957276,"AA I,8 N.061",LBr 11 Bl. 3,3-3,True,2,56,2,heavy_revision,other,False,de,de,1.0,verworf. Abf.,"Otto,G.Chr. (KorrespDB)",Leibniz (GND),1692-11-11 (92-10-30)
7521,,"AA I,7 N.034",Hannover NLA Dep. 84 A 180 Bl. 107r°unten/v°,,False,0,0,0,unknown,other,False,de,de,0.9924,"Abschr., L",Sophie (KorrespDB) (GND),"Harling,A.K. (KorrespDB) (GND)Leibniz (GND)",1691-10-26 (91-10-16)
7532,DE-611-HS-859639,"AA I,10 N.235",LBr 629 Bl. 28-29,28-29,True,4,183,7,heavy_revision,other,False,de,de,0.9924,Abf.,"Meier,J. (KorrespDB) (GND)",Leibniz (GND),1694-04-26 (94-04-16)
7535,DE-611-HS-859703,"AA I,9 N.147",LBr 636 Bl. 72,72-72,True,2,41,24,fair_copy,other,False,de,de,0.9891,Abf.,"Mencke,O. (KorrespDB) (GND)",Leibniz (GND),1693-01-24 (93-01-14)
7539,,"AA I,8 N.198",,,False,0,0,0,unknown,other,False,de,de,0.9554,MF,Leibniz (GND),"Eyben,H.v. (KorrespDB) (GND)",1692-07-17
7545,DE-611-HS-3616805,"AA I,8 N.027",LBr 79 Bl. 67 (=35390),67-67,True,2,127,23,heavy_revision,partial,False,de,de,1.0,Konz.; Bl.67v° Rest e. eigh. Briefkonz.,Leibniz (GND),Cordemann (KorrespDB),1692-08-01 (92-07-22)
7549,DE-611-HS-971383,"AA I,9 N.363",LBr 288 Bl. 17-18,17-18,True,4,705,69,light_revision,partial,False,de,de,0.9816,"Abf.; eigh. Aufschr., Siegel, Postverm.: 1gg.",Friese (KorrespDB) (GND),Leibniz (GND),1693-08-20 (93-08-10)
7552,DE-611-HS-957463,"AA I,9 N.412",LBr 46 Bl. 12-13,12-13,True,4,353,29,heavy_revision,partial,False,de,de,0.9437,Abf.; eigh. Aufschr.,"Behrens,C.B. (KorrespDB) (GND)",Leibniz (GND),1693-11-15 (93-11-05)
7557,,"AA I,8 N.079","Ms 23, 47(1) Bl. 1",,False,0,0,0,unknown,partial,False,de,de,0.8889,Abf.; Hugo; mit eigh. OV,"Hugo,L. (KorrespDB) (GND)",Leibniz (GND),1692-12
7575,DE-611-HS-960234,"AA I,8 N.202",LBr 248 Bl. 50-51,50-51,True,4,297,42,heavy_revision,other,False,de,de,0.9466,Abschr. nach d.Abf.,Leibniz (GND),"Eyben,H.v. (KorrespDB) (GND)",1692-07-25 (92-07-15)
7576,,"AA I,8 N.202",,,False,0,0,0,unknown,other,False,de,de,0.9466,MF,Leibniz (GND),"Eyben,H.v. (KorrespDB) (GND)",1692-07-25
7593,DE-611-HS-861206,"AA I,6 N.018",LBr 701 Bl. 7,7-7,True,2,50,3,heavy_revision,other,False,de,de,0.9804,Abf.,"Otto,G.Chr. (KorrespDB)",Leibniz (GND),1691-01-05 (90-12-26)
7595,DE-611-HS-859721,"AA I,8 N.237",LBr 638 Bl. 24,24-24,True,2,55,1,heavy_revision,other,False,de,de,1.0,Abf.,Mendlein (KorrespDB) (GND),Leibniz (GND),1692-08-30
7608,DE-611-HS-3614216,"AA I,10 N.391",LBr 1006 Bl. 12,12-12,True,2,45,6,light_revision,other,False,de,de,0.9699,"Abf.; Aufschr. v.Schr., Siegel",Winkelmann (KorrespDB) (GND),Leibniz (GND),1694-10-10 (94-09-30)
7618,DE-611-HS-859703,"AA I,6 N.169",LBr 636 Bl. 50,50-50,True,2,59,37,heavy_revision,other,False,de,de,0.9888,Abf.,"Mencke,O. (KorrespDB) (GND)",Leibniz (GND),1691-01-06 (90-12-27)
7625,DE-611-HS-960201,"AA I,6 N.181",LBr 244 Bl. 3-4 (=45085) (4r°),3-4,True,4,435,16,heavy_revision,other,False,de,de,1.0,Konz.,Leibniz (GND),Ebertz (KorrespDB),1691-01-21 (91-01-11)
7651,DE-611-HS-960234,"AA I,8 N.255",LBr 248 Bl. 56-57,56-57,True,4,477,0,heavy_revision,partial,False,de,de,0.901,Abf.; Schlußkurialien & Nachsatz eigh.,"Eyben,H.v. (KorrespDB) (GND)",Leibniz (GND),1692-09-23 (92-09-13)
7685,DE-611-HS-862282,"AA I,8 N.045",LBr 763 Bl. 3-4,3-4,True,4,266,0,heavy_revision,other,False,de,de,1.0,Abf.,Reimers (KorrespDB),Leibniz (GND),1692-10-01 (92-09-21)
7692,DE-611-HS-973585,"AA I,6 N.056",LBr 398 Bl. 1-2 (=9263),1-2,True,4,324,22,heavy_revision,own,True,de,de,1.0,"Ausz.aus 10310, eigh.",Leibniz (GND),Hertel (KorrespDB) (GND),1691-07-19
7693,,"AA I,6 N.056",Wolfenbüttel HAB Cod. Guelf. 149.6 Extr. 4° Bl. 277r°-v°,,False,0,0,0,unknown,other,False,de,de,1.0,"Ausz., Burckhard",Leibniz (GND),Hertel (KorrespDB) (GND),1691-07-19
7699,DE-611-HS-958556,"AA I,8 N.369",LBr 172 Bl. 4r° (v°=6154),4-4,True,2,77,0,heavy_revision,other,False,de,de,1.0,Konz.,Leibniz (GND),Linsingen (KorrespDB) (GND),1692-12-31 (92-12-21)
7700,DE-611-HS-958556,"AA I,8 N.368",LBr 172 Bl. 4v° (r°=6155),4-4,True,2,77,1,heavy_revision,other,False,de,de,0.9516,Konz.,Leibniz (GND),Consbruch (KorrespDB) (GND),1692-12-31
7713,DE-611-HS-971120,"AA I,6 N.025",LBr 258 Bl. 1,1-1,True,2,61,4,heavy_revision,other,False,de,de,1.0,"Konz., stilist. Korr.",Leibniz (GND),"Wolfenbüttel,Anton Ulrich v. (KorrespDB) (GND)",1691-02
7730,00068804,"AA I,8 N.064","LH 23, 2, 16 Bl. 7",7-7,True,2,101,31,heavy_revision,other,False,de,de,0.9905,Reinkonz.,Leibniz (GND),"Braunschweig-Lüneburg,Ernst August v. (KorrespDB) (GND)",1692-11-14
7804,DE-611-HS-859721,"AA I,8 N.362",LBr 638 Bl. 18,18-18,True,2,52,4,heavy_revision,other,False,de,de,1.0,Abf.,Mendlein (KorrespDB) (GND),Leibniz (GND),1692-12-26
7806,,"AA I,8 N.361",Berlin BBAW Nachlass G.W.Leibniz 5 S. 81-84,,False,0,0,0,unknown,other,False,de,de,1.0,Abf.,Leibniz (GND),Dransfeld (KorrespDB) (GND),1692-12-26 (92-12-16)
7810,DE-611-HS-855484,"AA I,10 N.025",LBr 489 Bl. 8-9,8-9,True,4,284,2,heavy_revision,own,False,de,de,0.9167,"Abf., eigh.",Kölbing (KorrespDB),Reimers (KorrespDB),1694-04-25 (94-04-15)
7874,DE-611-HS-854970,"AA I,9 N.120",LBr 462 Bl. 1-2,1-2,True,4,148,7,heavy_revision,partial,False,de,de,0.9476,"Abf.; Aufschr. von Schr.Hd, eigh. Unterschr., Siegel, kein Postverm.",Kelp (KorrespDB) (GND),Leibniz (GND),1693-01-03 (92-12-24)
7944,DE-611-HS-3617045,"AA I,8 N.018",LBrF 1 Bl. 226,,False,0,0,0,unknown,other,False,de,de,1.0,Konz.; Streifen,Leibniz (GND),"Wolfenbüttel,Anton Ulrich v. (KorrespDB) (GND)",1692-07
7945,00068812,"AA I,8 N.022","LH 23, 2, 21 Bl. 166-167",166-167,True,4,470,18,heavy_revision,other,False,de,de,0.9773,Konz.; zahlr. stilist. Korr.,Leibniz (GND),"Braunschweig-Lüneburg,Ernst August v. (KorrespDB) (GND)",1692-07
7950,00068652,"AA I,7 N.257","LH 4, 7C Bl. 82v°",82-82,True,2,43,2,heavy_revision,own,True,de,de,1.0,Konz.; eigh.,Leibniz (GND),Linsingen (KorrespDB) (GND),1691-12-16
7951,DE-611-HS-856294,"AA I,7 N.257",LBr 567 Bl. 18-19,18-19,True,4,272,12,light_revision,partial,False,de,de,1.0,Abf.; eigh. Aufschr.,Linsingen (KorrespDB) (GND),Leibniz (GND),1691-12-16 (91-12-06)
8004,DE-611-HS-960234,"AA I,6 N.329",LBr 248 Bl. 19-20,19-20,True,4,324,66,heavy_revision,other,False,de,de,0.9145,Abf.; Erg. von Eybens Hd.,"Eyben,H.v. (KorrespDB) (GND)",Leibniz (GND),1691-07-14 (91-07-04)
8005,DE-611-HS-960234,"AA I,6 N.329",LBr 248 Bl. 22,22-22,True,2,79,27,heavy_revision,other,False,de,de,0.9145,Abf.,"Eyben,H.v. (KorrespDB) (GND)",Leibniz (GND),1691-07-14
8007,DE-611-HS-960234,"AA I,6 N.330",LBr 248 Bl. 44-45,44-45,True,4,212,31,heavy_revision,other,False,de,de,0.9333,Abf.,"Eyben,H.v. (KorrespDB) (GND)",Leibniz (GND),1691-07-14
8029,DE-611-HS-859721,"AA I,8 N.260",LBr 638 Bl. 28,28-28,True,2,71,15,light_revision,other,False,de,de,0.9667,Abf.,Mendlein (KorrespDB) (GND),Leibniz (GND),1692-09-26
8030,DE-611-HS-859721,"AA I,8 N.260",LBr 638 Bl. 25,25-25,True,2,25,1,light_revision,own,False,de,de,0.9667,"Abf., eigh.",Mendlein (KorrespDB) (GND),Leibniz (GND),1692-09-26
8039,DE-611-HS-855422,"AA I,9 N.150",LBr 490 Bl. 2,2-2,True,2,41,2,heavy_revision,partial,False,de,de,1.0,"Abf.; eigh. Aufschr., Siegel","König,S. (KorrespDB)",Leibniz (GND),1693-01-28 (93-01-18)
8053,DE-611-HS-960234,"AA I,6 N.291",LBr 248 Bl. 12.17,12-12,True,2,28,6,light_revision,other,False,de,de,0.88,"Abf., Schr.; Unterschr. von Eybens Hd.; Aufschr., Siegel","Eyben,H.v. (KorrespDB) (GND)",Leibniz (GND),1691-05
8054,DE-611-HS-960234,"AA I,6 N.292",LBr 248 Bl. 13-16,13-16,True,8,420,122,light_revision,partial,False,de,de,0.9252,Abf.; einige Erg. eigh.,"Eyben,H.v. (KorrespDB) (GND)",Leibniz (GND),1691-05
8057,,"AA I,6 N.301","Ms 23, 842a Bl. 9",,False,0,0,0,unknown,own,True,mixed,de,0.625,Aufz.; eigh.,,,1691-06
8065,DE-611-HS-859703,"AA I,8 N.212",LBr 636 Bl. 69,69-69,True,2,73,32,heavy_revision,partial,False,de,de,0.9899,"Abf., eigh. Aufschr., Siegel, Bibl.verm., Bemerkgn von L","Mencke,O. (KorrespDB) (GND)",Leibniz (GND),1692-08-02 (92-07-23)
8079,DE-611-HS-861206,"AA I,6 N.049",LBr 701 Bl. 14-15,14-15,True,4,262,3,heavy_revision,other,False,de,de,0.9916,Abf.,"Otto,G.Chr. (KorrespDB)",Leibniz (GND),1691-07-06 (91-06-26)
8080,DE-611-HS-866668,"AA I,6 N.050",LBr 863 Bl. 3-4,3-4,True,4,226,35,heavy_revision,partial,False,de,de,0.9877,"Abf.; eigh. Aufschr., Siegel",Sieverds (KorrespDB) (GND),Leibniz (GND),1691-07-06 (91-06-26)
8105,DE-611-HS-3653099,"AA I,9 N.413","LBr 57, 2 Bl. 182",182-182,True,2,28,12,light_revision,partial,False,de,de,0.9434,"Abf., eigh. Aufschr.","Mencke,O. (KorrespDB) (GND)",Leibniz (GND),1693-11
8106,DE-611-HS-859703,"AA I,9 N.196",LBr 636 Bl. 73,73-73,True,2,40,15,light_revision,partial,False,de,de,0.9524,"Abf., eigh. Aufschr., Siegel, Postverm.: 15.","Mencke,O. (KorrespDB) (GND)",Leibniz (GND),1693-03
8123,DE-611-HS-855794,"AA I,9 N.467",LBr 544 Bl. 103,103-103,True,2,188,25,heavy_revision,other,False,de,de,0.8743,"Abf., 15 Maji, P.S. d.19 dit.","Leibniz,J.Fr. (KorrespDB) (GND)",Leibniz (GND),1693-05-29 (93-05-15)
8157,00068378,"AA I,7 N.251","LH 1, 20 Bl. 15",15-15,True,2,77,1,heavy_revision,partial,False,de,de,0.9487,"Abf.; eigh. Aufschr., Siegel","König,S. (KorrespDB)",Leibniz (GND),1691-12-08 (91-11-28)
8171,DE-611-HS-960234,"AA I,10 N.099",LBr 248 Bl. 65.67 (67r°=6579),65-65,True,2,166,32,light_revision,other,False,de,de,0.8843,Abf.,"Eyben,H.v. (KorrespDB) (GND)",Leibniz (GND),1694-01-02 (93-12-23)
8175,00068811,"AA I,9 N.245","LH 23, 2, 20 Bl. 226 (=8464)",226-226,True,2,65,1,heavy_revision,other,False,de,de,0.8644,"Ausz., Backmeister; Kopfvermerk von L","Backmeister,G.M. (KorrespDB) (GND)",Leibniz (GND),1693-04-18 (93-04-08)
8185,DE-611-HS-861206,"AA I,9 N.016",LBr 701 Bl. 26,26-26,True,2,41,5,light_revision,other,False,de,de,0.9875,Abf.,"Otto,G.Chr. (KorrespDB)",Leibniz (GND),1693-02-27 (93-02-17)
8224,DE-611-HS-960234,"AA I,8 N.194",LBr 248 Bl. 46-47,46-47,True,4,289,29,heavy_revision,partial,False,de,de,0.9099,"Abf.; eigh. Schlußkurialien & Nachsatz; Aufschr., Siegel, Postverm.","Eyben,H.v. (KorrespDB) (GND)",Leibniz (GND),1692-07-12 (92-07-02)
8236,,"AA I,8 N.001",Hannover NLA Hann. 153 Acc. 2004/107 Nr. 5 Bl. (alt: NLB Bibliotheksakten A7 Bl. 82-83,,False,0,0,0,unknown,partial,False,de,de,0.9722,Abf.; eigh. Aufschr.,Leibniz (GND),"(Wolfenbüttel,Bibliothekssekretäre)",1692-05-30 (92-05-20)
8310,DE-611-HS-862282,"AA I,8 N.048",LBr 763 Bl. 10-11,10-11,True,4,322,5,light_revision,other,False,de,de,1.0,Abf.,Reimers (KorrespDB),Leibniz (GND),1692-10-04 (92-09-24)
8325,,"AA I,8 N.292",,,False,0,0,0,unknown,other,False,de,de,0.9892,Beil.zu:9087,Leibniz (GND),Tentzel (KorrespDB) (GND),1692-10-27
8338,DE-611-HS-859703,"AA I,7 N.284",LBr 636 Bl. 61,61-61,True,2,52,16,light_revision,partial,False,de,de,1.0,Abf.; eigh. Aufschr.,"Mencke,O. (KorrespDB) (GND)",Leibniz (GND),1692-01-12 (92-01-02)
8354,DE-611-HS-859703,"AA I,7 N.381",LBr 636 Bl. 66,66-66,True,2,35,20,light_revision,partial,False,de,de,0.9667,Abf.; eigh. Aufschr.,"Mencke,O. (KorrespDB) (GND)",Leibniz (GND),1692-04-16 (92-04-06)
8394,,"AA I,9 N.348","Ms 23, 181, 2, 10e Bl. 2v",,False,0,0,0,unknown,partial,False,de,de,1.0,"verworf. Abf., Ende & Unterschr. eigh.",Leibniz (GND),Limbach (KorrespDB) (GND),1693-07
8397,DE-611-HS-867195,"AA I,10 N.174",LBr 830 Bl. 16-17,16-17,True,4,336,25,heavy_revision,other,False,de,de,0.9737,Abf.,"Schrader,Chr. (KorrespDB)",Leibniz (GND),1694-03-11 (94-03-01)
8421,DE-611-HS-960234,"AA I,7 N.383",LBr 248 Bl. 37-38,37-38,True,4,230,32,heavy_revision,partial,False,de,de,0.8934,Abf.; eigh. Unterschr.,"Eyben,H.v. (KorrespDB) (GND)",Leibniz (GND),1692-04-19 (92-04-09)
8422,DE-611-HS-971832,"AA I,7 N.081",LBr 308 Bl. 1,1-1,True,2,71,8,heavy_revision,other,False,de,de,0.9865,Abf.,Germer (KorrespDB),Leibniz (GND),1692-04-19 (92-04-09)
8504,DE-611-HS-3617045,"AA I,7 N.078",LBrF 1 Bl. 5-6,,False,0,0,0,unknown,own,True,de,de,0.9891,Konz.; eigh.,Leibniz (GND),"Braunschweig-Lüneburg,Ernst August v. (KorrespDB) (GND)",1692-03
8523,00068378,"AA I,7 N.076","LH 1, 20 Bl. 36-37",36-37,True,4,128,24,heavy_revision,own,True,de,de,0.9926,Konz.; eigh.,Leibniz (GND),"Wolfenbüttel,Anton Ulrich v. (KorrespDB) (GND)",1692-03
8538,DE-611-HS-867195,"AA I,10 N.117",LBr 830 Bl. 74 (=14179),74-74,True,2,184,0,heavy_revision,own,True,de,de,0.9176,Konz.; eigh.,Leibniz (GND),"Schrader,Chr. (KorrespDB)",1694-01-14 (94-01-04)
8539,DE-611-HS-867195,"AA I,10 N.117",LBr 830 Bl. 74 (=14178),74-74,True,2,184,24,heavy_revision,own,True,de,de,0.9176,Aufz.; eigh.,Leibniz (GND),"Schrader,Chr. (KorrespDB)",1694-01-14
8540,,"AA I,10 N.117",,,False,0,0,0,unknown,other,False,de,de,0.9176,MF,Leibniz (GND),"Schrader,Chr. (KorrespDB)",1694-01-14 (94-01-04)
8541,,"AA I,10 N.117",,,False,0,0,0,unknown,other,False,de,de,0.9176,Ausz.aus:12245,Leibniz (GND),"Schrader,Chr. (KorrespDB)",1694-01-14
8548,00068371,"AA I,8 N.240","LH 1, 12, 2 Bl. 94-95",94-95,True,4,440,23,heavy_revision,partial,False,de,de,0.9844,"Abschr., Otto, eigh. Zusätze",Leibniz (GND),"Eyben,H.v. (KorrespDB) (GND)",1692-09-06 (92-08-27)
8557,,"AA I,12 N.047","Ms 23, 250 Bl. 98 (v°=56751)",,False,0,0,0,unknown,other,False,de,de,0.9216,Abf.,Reiche (KorrespDB) (GND),Leibniz (GND),1696-02
8595,DE-611-HS-960234,"AA I,7 N.345",LBr 248 Bl. 26.28,26-26,True,2,243,60,light_revision,partial,False,de,de,0.9356,Abf.; eigh. Unterschr.; Bibl.verm.: Eyben Genealogica.,"Eyben,H.v. (KorrespDB) (GND)",Leibniz (GND),1692-03-20
8601,00068368,"AA I,7 N.241","LH 1, 10 Bl. 35-36",35-36,True,4,164,32,heavy_revision,partial,False,de,de,0.713,Abf.m.stark durchstr. P.S.; eigh. Aufschr.; Postverm.:4gg.,Spinola (KorrespDB) (GND),Leibniz (GND),1691-12-02
8620,DE-611-HS-974424,"AA I,7 N.009",LBr 429 Bl. 40,40-40,True,2,56,5,light_revision,other,False,de,de,1.0,"Abschr., G.Chr.Otto (von 11143: nicht gefunden),",Leibniz (GND),"Hugo,L. (KorrespDB) (GND)",1691-08-29 (91-08-19)
8644,DE-611-HS-861206,"AA I,9 N.017",LBr 701 Bl. 27,27-27,True,2,48,2,heavy_revision,other,False,de,de,1.0,Abf.,"Otto,G.Chr. (KorrespDB)",Leibniz (GND),1693-03-03 (93-02-21)
8668,00068811,"AA I,9 N.005","LH 23, 2, 20 Bl. 149-150 (=8456)",149-150,True,4,204,1,heavy_revision,other,False,de,de,0.7,Abf.,"Hugo,L. (KorrespDB) (GND)",Leibniz (GND),1693-01
8715,DE-611-HS-957267,"AA I,9 N.280",LBr 10 Bl. 15.17,15-15,True,2,76,12,heavy_revision,partial,False,de,de,0.9931,"Abf.; eigh. Aufschr., Siegel, Postverm.: 1gg [darüber:] 3","Behrens,C.B. (KorrespDB) (GND)",Leibniz (GND),1693-05-22 (93-05-12)
8729,DE-611-HS-860223,"AA I,9 N.061a",LBr 655 Bl. 6,6-6,True,2,48,3,heavy_revision,other,False,de,de,0.8718,Abf.; Siegelrest,Molanus (KorrespDB) (GND),Leibniz (GND),1693-01-10 (92-12-31)
8741,DE-611-HS-959461,"AA I,6 N.037",LBr 108 Bl. 99-102,99-102,True,8,391,53,light_revision,other,False,de,de,1.0,Abf.,"Brandshagen,J.D. (KorrespDB) (GND)",Leibniz (GND),1691-06-06 (91-05-27)
8780,,"AA I,7 N.021",,,False,0,0,0,unknown,other,False,de,de,0.9824,MF,Leibniz (GND),"Hugo,L. (KorrespDB) (GND)",1691-09-19
8784,DE-611-HS-856265,"AA I,9 N.143",LBr 562 Bl. 22-23,22-23,True,4,94,1,light_revision,other,False,de,de,0.9872,Abf.,Limbach (KorrespDB) (GND),Leibniz (GND),1693-01-20 (93-01-10)
8788,,"AA I,9 N.144",Hannover NLA Hann. 153 Acc. 2018/55 Nr. 35 Bl. 17 (alt: NLB Bibliotheksakten A2 Bl. 283),,False,0,0,0,unknown,partial,False,de,de,1.0,"Abf., eigh. Aufschr., Siegel","König,S. (KorrespDB)",Leibniz (GND),1693-01-21 (93-01-11)
8797,DE-611-HS-971383,"AA I,9 N.183",LBr 288 Bl. 3-4,3-4,True,4,510,24,heavy_revision,partial,False,de,de,0.9683,"Abf.; eigh. Aufschr., Siegelabdr.",Friese (KorrespDB) (GND),Leibniz (GND),1693-02-27 (93-02-17)
8807,,"AA I,7 N.147",Kassel ULB MHL 4° 126 Bl. 32-38,,False,0,0,0,unknown,other,False,de,de,0.9876,"Abschr. d.Abf., Schr.",Leibniz (GND),"Hessen-Rheinfels,Ernst v. (KorrespDB) (GND)",1692-03-31
8815,DE-611-HS-859703,"AA I,7 N.279",LBr 636 Bl. 60,60-60,True,2,59,38,heavy_revision,partial,False,de,de,0.9671,"Abf.; eigh. Aufschr., Siegelrest","Mencke,O. (KorrespDB) (GND)",Leibniz (GND),1692-01-09 (91-12-30)
8828,DE-611-HS-866552,"AA I,10 N.387",LBr 792 Bl. 1,1-1,True,2,40,15,light_revision,partial,False,de,de,1.0,"Abf.; eigh. Aufschr., Siegel",Rust (KorrespDB),Leibniz (GND),1694-09-29 (94-09-19)
8829,DE-611-HS-867477,"AA I,10 N.388",LBr 926 Bl. 8-9,8-9,True,4,186,32,light_revision,partial,False,de,de,0.9195,"Abf.; eigh. Aufschr., Siegel, Bibl.verm.",Thülemarius (KorrespDB) (GND),Leibniz (GND),1694-09-29 (94-09-19)
8858,DE-611-HS-971383,"AA I,9 N.258",LBr 288 Bl. 10-11,10-11,True,4,385,31,heavy_revision,other,False,de,de,0.9851,Abf.,Friese (KorrespDB) (GND),Leibniz (GND),1693-05-05 (93-04-25)
8874,00068796,"AA I,10 N.004","LH 23, 2, 8 Bl. 1 (2r°=8373)",1-1,True,2,185,15,heavy_revision,other,False,de,de,0.7669,Konz.,Leibniz (GND),"Hugo,L. (KorrespDB) (GND)",1694-01-14
8895,DE-611-HS-957463,"AA I,10 N.430",LBr 46 Bl. 22,22-22,True,2,51,9,heavy_revision,other,False,de,de,0.971,Abf.,"Behrens,C.B. (KorrespDB) (GND)",Leibniz (GND),1694-11-13 (94-11-03)
8908,DE-611-HS-859703,"AA I,9 N.177",LBr 636 Bl. 74-75 (S.3-4),74-75,True,4,548,16,heavy_revision,other,False,de,de,0.9553,"Konz., viele Streichgn & Erg.",Leibniz (GND),"Mencke,O. (KorrespDB) (GND)",1693-02-22 (93-02-12)
8912,DE-611-HS-958572,"AA I,8 N.073",LBr 501 Bl. 267,267-267,True,2,82,5,heavy_revision,other,False,de,de,1.0,Konz.,Leibniz (GND),"Wolfenbüttel,Rudolf August v. (KorrespDB) (GND)",1692-12
8913,,"AA I,8 N.372",,,False,0,0,0,unknown,other,False,de,de,0.952,"Pscr., MF",Leibniz (GND),"Eyben,H.v. (KorrespDB) (GND)",1692-12
8927,DE-611-HS-867148,"AA I,11 N.003",LBr 818 Bl. 14,14-14,True,2,101,12,heavy_revision,other,False,de,de,0.9593,"Konz. ohne Dat., mit zahlr. überwiegend stilist. Ändergn, 26x13cm",Leibniz (GND),Wolfenbüttel (Geh.Räte) (KorrespDB),1694-12-24
8936,DE-611-HS-856265,"AA I,7 N.344",LBr 562 Bl. 19-20,19-20,True,4,79,1,light_revision,partial,False,de,de,1.0,Abf.; Korr. & Text ab Z.27 (Cod.) eigh.,Limbach (KorrespDB) (GND),Leibniz (GND),1692-03-20 (92-03-10)
8958,DE-611-HS-971383,"AA I,9 N.311",LBr 288 Bl. 14-15,14-15,True,4,296,17,heavy_revision,other,False,de,de,0.9886,Abf.,Friese (KorrespDB) (GND),Leibniz (GND),1693-06-20 (93-06-10)
8969,DE-611-HS-958599,"AA I,9 N.045",LBr 195 Bl. 24,24-24,True,2,48,2,heavy_revision,other,False,de,de,1.0,"Abf.; Brief ""N.1""",Dannenberg (KorrespDB),Leibniz (GND),1693-09-03 (93-08-24)
8981,00068378,"AA I,7 N.226","LH 1, 20 Bl. 13",13-13,True,2,31,0,heavy_revision,partial,False,de,de,0.76,"Abf.; eigh. Aufschr., Siegel, Postverm.: 3g","König,S. (KorrespDB)",Leibniz (GND),1691-11-10 (91-10-31)
9010,DE-611-HS-866403,"AA I,9 N.053",LBr 766 Bl. 18,18-18,True,2,48,28,light_revision,other,False,de,de,1.0,Abf.,"Reinerding,J.Th. (KorrespDB) (GND)",Leibniz (GND),1693-10-30 (93-10-20)
9023,DE-611-HS-867148,"AA I,11 N.003",LBr 818 Bl. 12-13,12-13,True,4,122,32,heavy_revision,other,False,de,de,0.9593,"verworf. Abf.(?), ohne Dat., mit mehreren Ändergn",Leibniz (GND),Wolfenbüttel (Geh.Räte) (KorrespDB),1694-12-24
9039,DE-611-HS-960085,"AA I,7 N.165",LBr 214 Bl. 27,27-27,True,2,35,0,light_revision,other,False,de,de,0.875,Abf.,Dransfeld (KorrespDB) (GND),Leibniz (GND),1691-08-16 (90-08-06)
9081,00068803,"AA I,7 N.078","LH 23, 2, 15 Bl. 21-22",21-22,True,0,0,0,unknown,own,True,de,de,0.9891,Konz.; eigh.,Leibniz (GND),"Braunschweig-Lüneburg,Ernst August v. (KorrespDB) (GND)",1692-03
9100,DE-611-HS-860223,"AA I,8 N.299",LBr 655 Bl. 186r° (=42827),186-186,True,2,50,1,light_revision,other,False,de,de,0.9048,"Abf., Schr., mit Zeichng & Beschreibg e.got. Münze (42827)",Leibniz (GND),Molanus (KorrespDB) (GND),1692-10
9112,DE-611-HS-866403,"AA I,6 N.048",LBr 766 Bl. 111-112,111-112,True,4,648,50,heavy_revision,other,False,de,de,0.9895,"Konz., sehr viele stilist. Korr.; Bl.112 Regest von Bodemanns Hd.",Leibniz (GND),"Reinerding,J.Th. (KorrespDB) (GND)",1691-07
9136,DE-611-HS-867195,"AA I,10 N.435",LBr 830 Bl. 23-25,23-25,True,6,299,30,heavy_revision,other,False,de,de,0.8333,Abf.,"Schrader,Chr. (KorrespDB)",Leibniz (GND),1694-11-19 (94-11-09)
9160,DE-611-HS-960234,"AA I,7 N.250",LBr 248 Bl. 29-30,29-30,True,4,572,49,heavy_revision,partial,False,de,de,0.9472,Abf.; unterschr. & wohl auch d.Unterstreichgn eigh.,"Eyben,H.v. (KorrespDB) (GND)",Leibniz (GND),1691-12-08 (91-11-28)
9172,DE-611-HS-960234,"AA I,9 N.175",LBr 248 Bl. 68-69,68-69,True,4,300,15,heavy_revision,partial,False,de,de,0.9709,"Abf., Schr.; eigh. Schlußkurialien, Aufschr., Siegel, Postverm., Bibl.verm.: Eiben. RAdmiral.","Eyben,H.v. (KorrespDB) (GND)",Leibniz (GND),1693-02-21 (93-02-11)
9189,DE-611-HS-855422,"AA I,9 N.180",LBr 490 Bl. 3,3-3,True,2,38,2,heavy_revision,partial,False,de,de,1.0,"Abf.; eigh. Aufschr., Siegel","König,S. (KorrespDB)",Leibniz (GND),1693-02-25 (93-02-15)
9190,DE-611-HS-974436,"AA I,9 N.181",LBr 435 Bl. 1-2,1-2,True,4,163,21,heavy_revision,other,False,de,de,1.0,Abf.,Huthmann (KorrespDB) (GND),Leibniz (GND),1693-02-26 (93-02-16)
9191,DE-611-HS-974436,"AA I,9 N.181",LBr 435 Bl. 1-2,1-2,True,4,163,0,heavy_revision,other,False,de,de,1.0,Abf.,Huthmann (KorrespDB) (GND),Leibniz (GND),1693-02-26 (93-02-16)
9208,,"AA I,7 N.052",,,False,0,0,0,unknown,other,False,de,de,1.0,MF,Leibniz (GND),"Wolfenbüttel,Anton Ulrich v. (KorrespDB) (GND)",1692-01-08
9210,,"AA I,7 N.051",,,False,0,0,0,unknown,other,False,de,de,0.9895,MF,Leibniz (GND),"Wolfenbüttel,Rudolf August v. (KorrespDB) (GND)",1692-01-08
9211,DE-611-HS-3618184,"AA I,7 N.051",LBrF 15 Bl. 1 (=48405),,False,0,0,0,unknown,own,True,de,de,0.9895,Konz.; eigh.,Leibniz (GND),"Wolfenbüttel,Rudolf August v. (KorrespDB) (GND)",1692-01-08 (91-12-29)
9216,DE-611-HS-960234,"AA I,10 N.400",LBr 248 Bl. 79-80 (80r°=6587),79-80,True,4,380,23,heavy_revision,partial,False,de,de,0.9456,"Abf., Schr.; Unterschr. & Aufschr. Eyben eigh.; Siegel, Post- & Bibl.verm.","Eyben,H.v. (KorrespDB) (GND)",Leibniz (GND),1694-10-16 (94-10-06)
9245,00068811,"AA I,9 N.006","LH 23, 2, 20 Bl. 150r° (149=8455)",150-150,True,2,102,0,heavy_revision,other,False,de,de,0.9835,Abschr. v.d.Abf.,Leibniz (GND),"Hugo,L. (KorrespDB) (GND)",1693-01
9254,DE-611-HS-959230,"AA I,9 N.340",LBr 72 Bl. 1-2,1-2,True,4,184,8,heavy_revision,other,False,de,de,1.0,Abf.,Blech (KorrespDB),Leibniz (GND),1693-07-20 (93-07-10)
9312,DE-611-HS-971383,"AA I,10 N.286",LBr 288 Bl. 27,27-27,True,2,30,3,light_revision,partial,False,de,de,0.8235,"Abf., quer; eigh. Aufschr., Papiersiegel, daneben Papierverlust",Friese (KorrespDB) (GND),Leibniz (GND),1694-06-18 (94-06-08)
9322,DE-611-HS-859703,"AA I,10 N.150",LBr 636 Bl. 85,85-85,True,2,56,31,heavy_revision,partial,False,de,de,0.9951,"Abf.; eigh. Aufschr., Siegel, Postverm.: 1gg.","Mencke,O. (KorrespDB) (GND)",Leibniz (GND),1694-02-13 (94-02-03)
9344,DE-611-HS-92149,"AA I,7 N.306",LBr 604 Bl. 33,33-33,True,2,43,14,light_revision,other,False,de,de,0.8,Abf.,Marci (KorrespDB) (GND),Leibniz (GND),1692-01-30 (92-01-20)
9371,DE-611-HS-856265,"AA I,8 N.205",LBr 562 Bl. 1-2,1-2,True,4,128,10,light_revision,partial,False,de,de,1.0,"Abf.; eigh. Aufschr., Siegel",Limbach (KorrespDB) (GND),Leibniz (GND),1692-07-31 (82-07-21)
9399,DE-611-HS-867195,"AA I,9 N.367",LBr 830 Bl. 10-11,10-11,True,4,105,1,light_revision,partial,False,de,de,0.9762,"Abf.; eigh. Aufschr., Siegel, Bibl.verm.: Schrader","Schrader,Chr. (KorrespDB)",Leibniz (GND),1693-08-27 (93-08-17)
9429,00068818,"AA I,7 N.045","LH 23, 7 Bl. 18-19",18-19,True,4,612,41,heavy_revision,own,True,de,de,0.9928,Konz.; eigh.,Leibniz (GND),"Braunschweig-Lüneburg,Ernst August v. (KorrespDB) (GND)",1691-12
9430,00068818,"AA I,7 N.045","LH 23, 7 Bl. 20-21",20-21,True,4,282,101,heavy_revision,other,False,de,de,0.9928,Reinschr.,Leibniz (GND),"Braunschweig-Lüneburg,Ernst August v. (KorrespDB) (GND)",1691-12
9464,DE-611-HS-856265,"AA I,8 N.153",LBr 562 Bl. 21,21-21,True,2,33,4,light_revision,other,False,de,de,1.0,Abf.,Limbach (KorrespDB) (GND),Leibniz (GND),1692-05-25 (92-05-15)
9472,DE-611-HS-974424,"AA I,7 N.003",LBr 429 Bl. 32-33,32-33,True,4,0,0,light_revision,other,False,de,de,0.9242,Abf.,"Hugo,L. (KorrespDB) (GND)",Leibniz (GND),1691-08-15 (91-05-05)
9480,DE-611-HS-957463,"AA I,9 N.381",LBr 46 Bl. 8-9,8-9,True,4,287,15,light_revision,partial,False,de,de,0.9189,"Abf.; Papierverlust; eigh. Aufschr., Siegelrest","Behrens,C.B. (KorrespDB) (GND)",Leibniz (GND),1693-09-25 (93-09-15)
9489,DE-611-HS-860443,"AA I,9 N.032",LBr 668 Bl. 7,7-7,True,2,20,0,light_revision,other,False,de,de,1.0,Abf.,"Müller,J.U. (KorrespDB) (GND)",Leibniz (GND),1693-05-12 (93-05-02)
9498,,"AA I,7 N.028",Hannover NLA Dep. 84 A 180 Bl. 106r°/v°-107,,False,0,0,0,unknown,other,False,de,de,1.0,"Abschr., L",Sophie (KorrespDB) (GND),"Harling,A.K. (KorrespDB) (GND)Leibniz (GND)",1691-10-18 (91-10-08)
9499,,"AA I,7 N.028",Hannover NLA Dep. 84 A 180 Bl. 106r°/v°-107,,False,0,0,0,unknown,other,False,de,de,1.0,"Abschr., L",Sophie (KorrespDB) (GND),"Harling,A.K. (KorrespDB) (GND)Leibniz (GND)",1691-10-18 (91-10-08)
9556,DE-611-HS-960234,"AA I,8 N.329",LBr 248 Bl. 59-60,59-60,True,4,369,24,light_revision,partial,False,de,de,0.9542,"Abf.; eigh. Schlußkurialien & Nachsatz; Aufschr., Postverm.: 7.","Eyben,H.v. (KorrespDB) (GND)",Leibniz (GND),1692-11-25 (92-11-15)
9561,,"AA I,7 N.402","Ms 21, 1227 Bl. 47a-47b",,False,0,0,0,unknown,other,False,de,de,0.9628,Abf.,Leibniz (GND),"Hugo,L. (KorrespDB) (GND)",1691-04-30 (91-04-20)
9563,DE-611-HS-866403,"AA I,7 N.035",LBr 766 Bl. 4-5,4-5,True,4,295,62,light_revision,other,False,de,de,0.9765,Abf.,"Reinerding,J.Th. (KorrespDB) (GND)",Leibniz (GND),1691-10-27 (91-10-17)
9589,DE-611-HS-957276,"AA I,9 N.342",LBr 11 Bl. 6-7,6-7,True,4,226,28,light_revision,partial,False,de,de,0.9832,"Abf.; eigh. Aufschr., Siegel",Ammon (KorrespDB) (GND),Leibniz (GND),1693-07-23 (93-07-13)
9594,DE-611-HS-859721,"AA I,8 N.147",LBr 638 Bl. 23,23-23,True,2,35,0,light_revision,other,False,de,de,1.0,Abf.,Mendlein (KorrespDB) (GND),Leibniz (GND),1692-05-17
9604,DE-611-HS-960234,"AA I,8 N.219",LBr 248 Bl. 52-53,52-53,True,4,278,52,heavy_revision,partial,False,de,de,0.9286,Abf.; Schlußkurialien & Nachsatz eigh.,"Eyben,H.v. (KorrespDB) (GND)",Leibniz (GND),1692-08-09 (92-07-30)
9606,DE-611-HS-862243,"AA I,9 N.304",LBr 758 Bl. 1-2,1-2,True,4,110,15,light_revision,partial,False,de,de,0.9452,"Abf.; eigh. Aufschr., Siegel, Postverm.: 6g.","Reck,J. (KorrespDB) (GND)",Leibniz (GND),1693-06-11 (93-06-01)
9616,DE-611-HS-859721,"AA I,9 N.170",LBr 638 Bl. 20,20-20,True,2,46,3,heavy_revision,partial,False,de,de,0.9434,"Abf.; eigh. Aufschr., Postverm.: |de Hann. [gestr.] | de Wolf. 10.",Mendlein (KorrespDB) (GND),Leibniz (GND),1693-02-13
9635,DE-611-HS-866403,"AA I,6 N.045",LBr 766 Bl. 3,3-3,True,2,50,25,light_revision,other,False,de,de,1.0,Abf.,"Reinerding,J.Th. (KorrespDB) (GND)",Leibniz (GND),1691-06-29 (91-06-19)
9646,,"AA I,10 N.179","Ms 41, 1814, 3 Bl. 37-38",,False,0,0,0,unknown,other,False,de,de,0.9971,Konz. mit zahlr. Korr. & Erg.,Leibniz (GND),Zunner (KorrespDB) (GND),1694-03
9684,DE-611-HS-856819,"AA I,7 N.359",LBr 595 Bl. 88,88-88,True,2,78,11,light_revision,partial,False,mixed,de,0.5862,"Abf.; eigh. Aufschr. mit Zusatz: franca per Mantova; Siegel, Bibl.verm.",Magliabechi (KorrespDB) (GND),Leibniz (GND),1692-04-01
9685,DE-611-HS-866668,"AA I,7 N.079",LBr 863 Bl. 13-14,13-14,True,4,214,25,light_revision,other,False,de,de,1.0,Abf.; Siegel; Postverm.:-?3,Sieverds (KorrespDB) (GND),Leibniz (GND),1692-04-01 (92-03-22)
9691,DE-611-HS-960234,"AA I,7 N.339",LBr 248 Bl. 32v° (=6555),32-32,True,2,243,2,heavy_revision,other,False,de,de,0.9308,Inh.-Ang. d.Abf.,Leibniz (GND),"Eyben,H.v. (KorrespDB) (GND)",1692-03-14 (92-03-04)
9692,DE-611-HS-960234,"AA I,7 N.339",LBr 248 Bl. 35-36,35-36,True,4,244,50,heavy_revision,other,False,de,de,0.9308,"Abschr., G.Chr.Otto",Leibniz (GND),"Eyben,H.v. (KorrespDB) (GND)",1692-03-14 (92-03-04)
9693,,"AA I,7 N.339",,,False,0,0,0,unknown,other,False,de,de,0.9308,MF,Leibniz (GND),"Eyben,H.v. (KorrespDB) (GND)",1692-03-14 (92-03-04)
9738,,"AA I,8 N.372","Ms 41, 1814, 3 Bl. 46 (v°=12143)",,False,0,0,0,unknown,other,False,de,de,0.952,"Abschr. d.P.S. d.Abf., Otto",Leibniz (GND),"Eyben,H.v. (KorrespDB) (GND)",1692-12
9754,DE-611-HS-859703,"AA I,9 N.420",LBr 636 Bl. 81,81-81,True,2,51,24,light_revision,other,False,de,de,0.662,Abf.,"Mencke,O. (KorrespDB) (GND)",Leibniz (GND),1693-12-02 (93-11-22)
9760,DE-611-HS-859703,"AA I,10 N.283",LBr 636 Bl. 88,88-88,True,2,33,4,light_revision,partial,False,de,de,1.0,"Abf.; quer; eigh. Aufschr., Siegel, Postverm.","Mencke,O. (KorrespDB) (GND)",Leibniz (GND),1694-06-16 (94-06-06)
9802,00068810,"AA I,11 N.049","LH 23, 2, 19 Bl. 7-10",7-10,True,8,396,2,light_revision,other,False,de,de,0.9919,"Abschr.von:26052, Schr.","Bussche,Cl.v.d. (KorrespDB) (GND)","Bussche,A.Ph. (KorrespDB) (GND)",1695-06-15
9803,DE-611-HS-958599,"AA I,10 N.028",LBr 195 Bl. 32-33,32-33,True,4,293,1,light_revision,partial,False,de,de,1.0,"Abf.; eigh. Aufschr., Siegel",Dannenberg (KorrespDB),Leibniz (GND),1694-05-28 (94-05-18)
9821,00068378,"AA I,7 N.228","LH 1, 20 Bl. 14",14-14,True,2,253,11,heavy_revision,other,False,de,de,0.9231,Abf.,"König,S. (KorrespDB)",Leibniz (GND),1691-11-14 (91-11-04)
9828,,"AA I,9 N.002",Hannover NLA Celle Br. 104b 110 Bl. 271,,False,0,0,0,unknown,other,False,de,de,0.9286,Abf.,"Hugo,L. (KorrespDB) (GND)",Leibniz (GND),1692
9894,DE-611-HS-957536,"AA I,8 N.133",LBr 119 Bl. 152-153,152-153,True,4,110,0,light_revision,other,False,de,de,0.6667,Abf.,Brosseau (KorrespDB) (GND),Leibniz (GND),1692-05-05
9909,,"AA I,10 N.285",,,False,0,0,0,unknown,other,False,de,de,0.9697,"MF, Beil.zu:50595",Leibniz (GND),Winkelmann (KorrespDB) (GND),1694-06-18 (94-06-08)
9910,DE-611-HS-3614216,"AA I,10 N.285","LBr 1006 Bl. 6-7 (6 v°, 7v° phot.; betr. Schreiber)",6-7,True,4,180,59,light_revision,other,False,de,de,0.9697,"Abschr., Domeier; Adresse von L'Hd",Leibniz (GND),Winkelmann (KorrespDB) (GND),1694-06-18 (94-06-08)
9928,DE-611-HS-862282,"AA I,8 N.044",LBr 763 Bl. 5-6,5-6,True,4,189,6,light_revision,partial,False,de,de,0.9804,"Abf., eigh. Aufschr., Siegel, Postverm.",Reimers (KorrespDB),Leibniz (GND),1692-09-27 (92-09-17)
9933,DE-611-HS-3618184,"AA I,6 N.047","LBrF 15 Bl. 4 (=11259, 91-vor 07!)",,False,0,0,0,unknown,other,False,de,de,0.9498,Konz.,Leibniz (GND),"Wolfenbüttel,Anton Ulrich v. (KorrespDB) (GND)",1691-07
9941,DE-611-HS-960234,"AA I,8 N.198","LBr 248 Bl. 48-49 (=6566) (phot.betr.Schreiber:48r°,49r°)",48-49,True,4,276,14,heavy_revision,other,False,de,de,0.9554,"Abschr., Reimers & L (L21d )",Leibniz (GND),"Eyben,H.v. (KorrespDB) (GND)",1692-07-17 (92-07-07)
9969,DE-611-HS-958599,"AA I,9 N.049",LBr 195 Bl. 26,26-26,True,2,45,3,light_revision,other,False,de,de,0.8571,"Abf.; Brief ""N.3""",Dannenberg (KorrespDB),Leibniz (GND),1693-09-15 (93-09-05)
9975,00068331,"AA I,9 N.034","LH 1, 4, 8 Bl. 11-12",11-12,True,4,208,46,heavy_revision,other,False,de,de,0.9958,Aschr.; Bibl.verm.,Leibniz (GND),"Wolfenbüttel,Rudolf August v. (KorrespDB) (GND)",1693-05-19 (93-05-09)
9976,DE-611-HS-971383,"AA I,9 N.277",LBr 288 Bl. 12-13,12-13,True,4,341,16,heavy_revision,other,False,de,de,0.9865,Abf.; Bibl.verm.: Friese,Friese (KorrespDB) (GND),Leibniz (GND),1693-05-19 (93-05-09)
9987,00068377,"AA I,9 N.058","LH 1, 19 Bl. 240",240-240,True,2,105,6,heavy_revision,other,False,de,de,0.7069,"Abf., 20x10cm",Molanus (KorrespDB) (GND),Leibniz (GND),1692
9997,DE-611-HS-959461,"AA I,9 N.008",LBr 108 Bl. 104-108,104-108,True,10,351,90,light_revision,other,False,de,de,0.9854,Abf.,"Brandshagen,J.D. (KorrespDB) (GND)",Leibniz (GND),1693-01-05 (92-12-26)
